platform,runId,workload,suite,mode,lane,concurrency,repetition,order,bytes,files,wallSeconds,cpuSeconds,allocatedBytes,peakWorkingSetBytes,valid,error
linux-arm64,CORE-VERIFY-001/RUN-20260929-4-5ff9db9-linux-arm64,S1,blake3,warm,V0,1,0,0,1073741824,1,1.5033356,2.247284,187376,65703936,True,
linux-arm64,CORE-VERIFY-001/RUN-20260929-4-5ff9db9-linux-arm64,S1,blake3,warm,V1,1,0,1,1073741824,1,1.0140134,1.035047,2310352,79327232,True,
linux-arm64,CORE-VERIFY-001/RUN-20260929-4-5ff9db9-linux-arm64,S1,blake3,warm,V2-W2,1,0,2,1073741824,1,0.5082954,1.048429,2288656,80613376,True,
linux-arm64,CORE-VERIFY-001/RUN-20260929-4-5ff9db9-linux-arm64,S1,blake3,warm,V2-W4,1,0,3,1073741824,1,0.2650153,1.026707,2254152,106147840,True,
linux-arm64,CORE-VERIFY-001/RUN-20260929-4-5ff9db9-linux-arm64,S1,blake3,warm,V2-W8,1,0,4,1073741824,1,0.2666085,1.025477,2286216,135786496,True,
linux-arm64,CORE-VERIFY-001/RUN-20260929-4-5ff9db9-linux-arm64,S1,blake3,warm,V1,1,1,0,1073741824,1,1.0204198,1.040921,2310352,79224832,True,
linux-arm64,CORE-VERIFY-001/RUN-20260929-4-5ff9db9-linux-arm64,S1,blake3,warm,V2-W2,1,1,1,1073741824,1,0.5079403,1.044658,2263928,84942848,True,
linux-arm64,CORE-VERIFY-001/RUN-20260929-4-5ff9db9-linux-arm64,S1,blake3,warm,V2-W4,1,1,2,1073741824,1,0.2669745,1.025642,6445336,110755840,True,
linux-arm64,CORE-VERIFY-001/RUN-20260929-4-5ff9db9-linux-arm64,S1,blake3,warm,V2-W8,1,1,3,1073741824,1,0.2680776,1.031401,2257792,135876608,True,
linux-arm64,CORE-VERIFY-001/RUN-20260929-4-5ff9db9-linux-arm64,S1,blake3,warm,V0,1,1,4,1073741824,1,1.4976391,2.234211,187192,65667072,True,
linux-arm64,CORE-VERIFY-001/RUN-20260929-4-5ff9db9-linux-arm64,S1,blake3,warm,V2-W2,1,2,0,1073741824,1,0.5085993,1.048043,2264768,80740352,True,
linux-arm64,CORE-VERIFY-001/RUN-20260929-4-5ff9db9-linux-arm64,S1,blake3,warm,V2-W4,1,2,1,1073741824,1,0.2639902,1.02027,2250328,110628864,True,
linux-arm64,CORE-VERIFY-001/RUN-20260929-4-5ff9db9-linux-arm64,S1,blake3,warm,V2-W8,1,2,2,1073741824,1,0.2656056,1.023052,2256136,136019968,True,
linux-arm64,CORE-VERIFY-001/RUN-20260929-4-5ff9db9-linux-arm64,S1,blake3,warm,V0,1,2,3,1073741824,1,1.5103005,2.248794,187376,65609728,True,
linux-arm64,CORE-VERIFY-001/RUN-20260929-4-5ff9db9-linux-arm64,S1,blake3,warm,V1,1,2,4,1073741824,1,1.0164981,1.037704,2310416,75100160,True,
linux-arm64,CORE-VERIFY-001/RUN-20260929-4-5ff9db9-linux-arm64,S1,blake3,warm,V2-W4,1,3,0,1073741824,1,0.2648337,1.020929,2255456,106450944,True,
linux-arm64,CORE-VERIFY-001/RUN-20260929-4-5ff9db9-linux-arm64,S1,blake3,warm,V2-W8,1,3,1,1073741824,1,0.2646018,1.02221,2255328,135516160,True,
linux-arm64,CORE-VERIFY-001/RUN-20260929-4-5ff9db9-linux-arm64,S1,blake3,warm,V0,1,3,2,1073741824,1,1.5134226,2.270014,187376,65466368,True,
linux-arm64,CORE-VERIFY-001/RUN-20260929-4-5ff9db9-linux-arm64,S1,blake3,warm,V1,1,3,3,1073741824,1,1.0176749,1.038406,2310752,79257600,True,
linux-arm64,CORE-VERIFY-001/RUN-20260929-4-5ff9db9-linux-arm64,S1,blake3,warm,V2-W2,1,3,4,1073741824,1,0.5112775,1.051113,2288632,84905984,True,
linux-arm64,CORE-VERIFY-001/RUN-20260929-4-5ff9db9-linux-arm64,S1,blake3,warm,V2-W8,1,4,0,1073741824,1,0.2697881,1.039972,2260184,136028160,True,
linux-arm64,CORE-VERIFY-001/RUN-20260929-4-5ff9db9-linux-arm64,S1,blake3,warm,V0,1,4,1,1073741824,1,1.4952264,2.230841,187376,65449984,True,
linux-arm64,CORE-VERIFY-001/RUN-20260929-4-5ff9db9-linux-arm64,S1,blake3,warm,V1,1,4,2,1073741824,1,1.0118753,1.033029,2312352,79355904,True,
linux-arm64,CORE-VERIFY-001/RUN-20260929-4-5ff9db9-linux-arm64,S1,blake3,warm,V2-W2,1,4,3,1073741824,1,0.5060333,1.048063,2264272,84586496,True,
linux-arm64,CORE-VERIFY-001/RUN-20260929-4-5ff9db9-linux-arm64,S1,blake3,warm,V2-W4,1,4,4,1073741824,1,0.2652591,1.024288,6448832,106393600,True,
linux-arm64,CORE-VERIFY-001/RUN-20260929-4-5ff9db9-linux-arm64,S1,blake3,warm,V0,1,5,0,1073741824,1,1.5219643,2.271914,187560,65794048,True,
linux-arm64,CORE-VERIFY-001/RUN-20260929-4-5ff9db9-linux-arm64,S1,blake3,warm,V1,1,5,1,1073741824,1,1.013425,1.033984,2312728,79294464,True,
linux-arm64,CORE-VERIFY-001/RUN-20260929-4-5ff9db9-linux-arm64,S1,blake3,warm,V2-W2,1,5,2,1073741824,1,0.5076195,1.044931,2264032,84832256,True,
linux-arm64,CORE-VERIFY-001/RUN-20260929-4-5ff9db9-linux-arm64,S1,blake3,warm,V2-W4,1,5,3,1073741824,1,0.2658886,1.019684,2252048,110407680,True,
linux-arm64,CORE-VERIFY-001/RUN-20260929-4-5ff9db9-linux-arm64,S1,blake3,warm,V2-W8,1,5,4,1073741824,1,0.2663254,1.02546,2258032,136114176,True,
linux-arm64,CORE-VERIFY-001/RUN-20260929-4-5ff9db9-linux-arm64,S1,blake3,warm,V1,1,6,0,1073741824,1,1.0180218,1.039474,2310352,82915328,True,
linux-arm64,CORE-VERIFY-001/RUN-20260929-4-5ff9db9-linux-arm64,S1,blake3,warm,V2-W2,1,6,1,1073741824,1,0.5088332,1.050752,2264344,80818176,True,
linux-arm64,CORE-VERIFY-001/RUN-20260929-4-5ff9db9-linux-arm64,S1,blake3,warm,V2-W4,1,6,2,1073741824,1,0.2625418,1.01476,2250696,106225664,True,
linux-arm64,CORE-VERIFY-001/RUN-20260929-4-5ff9db9-linux-arm64,S1,blake3,warm,V2-W8,1,6,3,1073741824,1,0.2665189,1.023545,2254128,135999488,True,
linux-arm64,CORE-VERIFY-001/RUN-20260929-4-5ff9db9-linux-arm64,S1,blake3,warm,V0,1,6,4,1073741824,1,1.5099533,2.253469,212040,65720320,True,
linux-arm64,CORE-VERIFY-001/RUN-20260929-4-5ff9db9-linux-arm64,S1,blake3,warm,V2-W2,1,7,0,1073741824,1,0.5104883,1.047646,2262992,84746240,True,
linux-arm64,CORE-VERIFY-001/RUN-20260929-4-5ff9db9-linux-arm64,S1,blake3,warm,V2-W4,1,7,1,1073741824,1,0.2636384,1.017358,2251552,105586688,True,
linux-arm64,CORE-VERIFY-001/RUN-20260929-4-5ff9db9-linux-arm64,S1,blake3,warm,V2-W8,1,7,2,1073741824,1,0.2639128,1.018739,2258744,135585792,True,
linux-arm64,CORE-VERIFY-001/RUN-20260929-4-5ff9db9-linux-arm64,S1,blake3,warm,V0,1,7,3,1073741824,1,1.5256977,2.276113,449728,65708032,True,
linux-arm64,CORE-VERIFY-001/RUN-20260929-4-5ff9db9-linux-arm64,S1,blake3,warm,V1,1,7,4,1073741824,1,1.0171149,1.037544,2310664,79421440,True,
linux-arm64,CORE-VERIFY-001/RUN-20260929-4-5ff9db9-linux-arm64,S1,blake3,warm,V2-W4,1,8,0,1073741824,1,0.2656891,1.026433,2254072,106037248,True,
linux-arm64,CORE-VERIFY-001/RUN-20260929-4-5ff9db9-linux-arm64,S1,blake3,warm,V2-W8,1,8,1,1073741824,1,0.2656171,1.019728,2255312,135667712,True,
linux-arm64,CORE-VERIFY-001/RUN-20260929-4-5ff9db9-linux-arm64,S1,blake3,warm,V0,1,8,2,1073741824,1,1.5360167,2.295022,449544,66048000,True,
linux-arm64,CORE-VERIFY-001/RUN-20260929-4-5ff9db9-linux-arm64,S1,blake3,warm,V1,1,8,3,1073741824,1,1.0477397,1.067987,2312600,79249408,True,
linux-arm64,CORE-VERIFY-001/RUN-20260929-4-5ff9db9-linux-arm64,S1,blake3,warm,V2-W2,1,8,4,1073741824,1,0.5089941,1.048375,2266256,84754432,True,
linux-arm64,CORE-VERIFY-001/RUN-20260929-4-5ff9db9-linux-arm64,S1,blake3,warm,V2-W8,1,9,0,1073741824,1,0.2644685,1.022623,2256656,139927552,True,
linux-arm64,CORE-VERIFY-001/RUN-20260929-4-5ff9db9-linux-arm64,S1,blake3,warm,V0,1,9,1,1073741824,1,1.5152449,2.265401,187560,65802240,True,
linux-arm64,CORE-VERIFY-001/RUN-20260929-4-5ff9db9-linux-arm64,S1,blake3,warm,V1,1,9,2,1073741824,1,1.0236928,1.044492,2310632,79351808,True,
linux-arm64,CORE-VERIFY-001/RUN-20260929-4-5ff9db9-linux-arm64,S1,blake3,warm,V2-W2,1,9,3,1073741824,1,0.5074273,1.045675,2264344,84881408,True,
linux-arm64,CORE-VERIFY-001/RUN-20260929-4-5ff9db9-linux-arm64,S1,blake3,warm,V2-W4,1,9,4,1073741824,1,0.2656156,1.021348,2255928,110403584,True,
linux-arm64,CORE-VERIFY-001/RUN-20260929-4-5ff9db9-linux-arm64,S1,blake3,cold,V0,1,0,0,1073741824,1,2.3694342,2.543997,187600,63537152,True,
linux-arm64,CORE-VERIFY-001/RUN-20260929-4-5ff9db9-linux-arm64,S1,blake3,cold,V1,1,0,1,1073741824,1,2.3333204,1.072626,6506928,81317888,True,
linux-arm64,CORE-VERIFY-001/RUN-20260929-4-5ff9db9-linux-arm64,S1,blake3,cold,V2-W2,1,0,2,1073741824,1,2.3318215,1.197648,2264760,82890752,True,
linux-arm64,CORE-VERIFY-001/RUN-20260929-4-5ff9db9-linux-arm64,S1,blake3,cold,V2-W4,1,0,3,1073741824,1,2.3468903,1.241529,2263752,99848192,True,
linux-arm64,CORE-VERIFY-001/RUN-20260929-4-5ff9db9-linux-arm64,S1,blake3,cold,V2-W8,1,0,4,1073741824,1,2.3114082,1.27128,2265328,129884160,True,
linux-arm64,CORE-VERIFY-001/RUN-20260929-4-5ff9db9-linux-arm64,S1,blake3,cold,V1,1,1,0,1073741824,1,2.3450094,1.07765,2312784,77107200,True,
linux-arm64,CORE-VERIFY-001/RUN-20260929-4-5ff9db9-linux-arm64,S1,blake3,cold,V2-W2,1,1,1,1073741824,1,2.3267805,1.176753,2264760,82440192,True,
linux-arm64,CORE-VERIFY-001/RUN-20260929-4-5ff9db9-linux-arm64,S1,blake3,cold,V2-W4,1,1,2,1073741824,1,2.3348882,1.248248,2264056,108179456,True,
linux-arm64,CORE-VERIFY-001/RUN-20260929-4-5ff9db9-linux-arm64,S1,blake3,cold,V2-W8,1,1,3,1073741824,1,2.2891433,1.298425,2265096,133713920,True,
linux-arm64,CORE-VERIFY-001/RUN-20260929-4-5ff9db9-linux-arm64,S1,blake3,cold,V0,1,1,4,1073741824,1,2.3499261,2.539887,187376,64086016,True,
linux-arm64,CORE-VERIFY-001/RUN-20260929-4-5ff9db9-linux-arm64,S1,blake3,cold,V2-W2,1,2,0,1073741824,1,2.3272028,1.184652,6459088,86470656,True,
linux-arm64,CORE-VERIFY-001/RUN-20260929-4-5ff9db9-linux-arm64,S1,blake3,cold,V2-W4,1,2,1,1073741824,1,2.3193158,1.259743,2263640,99950592,True,
linux-arm64,CORE-VERIFY-001/RUN-20260929-4-5ff9db9-linux-arm64,S1,blake3,cold,V2-W8,1,2,2,1073741824,1,2.3645782,1.303191,6459192,138256384,True,
linux-arm64,CORE-VERIFY-001/RUN-20260929-4-5ff9db9-linux-arm64,S1,blake3,cold,V0,1,2,3,1073741824,1,2.3578177,2.506564,187192,63823872,True,
linux-arm64,CORE-VERIFY-001/RUN-20260929-4-5ff9db9-linux-arm64,S1,blake3,cold,V1,1,2,4,1073741824,1,2.3461404,1.078575,2312568,76828672,True,
linux-arm64,CORE-VERIFY-001/RUN-20260929-4-5ff9db9-linux-arm64,S1,blake3,cold,V2-W4,1,3,0,1073741824,1,2.3227841,1.252955,2264200,108253184,True,
linux-arm64,CORE-VERIFY-001/RUN-20260929-4-5ff9db9-linux-arm64,S1,blake3,cold,V2-W8,1,3,1,1073741824,1,2.3618579,1.309077,2265696,134012928,True,
linux-arm64,CORE-VERIFY-001/RUN-20260929-4-5ff9db9-linux-arm64,S1,blake3,cold,V0,1,3,2,1073741824,1,2.3398256,2.597424,187376,64036864,True,
linux-arm64,CORE-VERIFY-001/RUN-20260929-4-5ff9db9-linux-arm64,S1,blake3,cold,V1,1,3,3,1073741824,1,2.3454588,1.09056,2310504,77262848,True,
linux-arm64,CORE-VERIFY-001/RUN-20260929-4-5ff9db9-linux-arm64,S1,blake3,cold,V2-W2,1,3,4,1073741824,1,2.3348317,1.186911,2264760,82841600,True,
linux-arm64,CORE-VERIFY-001/RUN-20260929-4-5ff9db9-linux-arm64,S1,blake3,cold,V2-W8,1,4,0,1073741824,1,2.3443106,1.309771,2266720,138080256,True,
linux-arm64,CORE-VERIFY-001/RUN-20260929-4-5ff9db9-linux-arm64,S1,blake3,cold,V0,1,4,1,1073741824,1,2.3600164,2.52662,187744,63688704,True,
linux-arm64,CORE-VERIFY-001/RUN-20260929-4-5ff9db9-linux-arm64,S1,blake3,cold,V1,1,4,2,1073741824,1,2.3497125,1.106133,2312416,77103104,True,
linux-arm64,CORE-VERIFY-001/RUN-20260929-4-5ff9db9-linux-arm64,S1,blake3,cold,V2-W2,1,4,3,1073741824,1,2.331069,1.193502,2289672,82739200,True,
linux-arm64,CORE-VERIFY-001/RUN-20260929-4-5ff9db9-linux-arm64,S1,blake3,cold,V2-W4,1,4,4,1073741824,1,2.3409708,1.269384,2265656,108142592,True,
linux-arm64,CORE-VERIFY-001/RUN-20260929-4-5ff9db9-linux-arm64,S1,blake3,cold,V0,1,5,0,1073741824,1,2.3599099,2.564341,187192,63729664,True,
linux-arm64,CORE-VERIFY-001/RUN-20260929-4-5ff9db9-linux-arm64,S1,blake3,cold,V1,1,5,1,1073741824,1,2.3441381,1.091722,2310576,77271040,True,
linux-arm64,CORE-VERIFY-001/RUN-20260929-4-5ff9db9-linux-arm64,S1,blake3,cold,V2-W2,1,5,2,1073741824,1,2.3216716,1.194477,2264760,82898944,True,
linux-arm64,CORE-VERIFY-001/RUN-20260929-4-5ff9db9-linux-arm64,S1,blake3,cold,V2-W4,1,5,3,1073741824,1,2.3607517,1.280892,2263200,103960576,True,
linux-arm64,CORE-VERIFY-001/RUN-20260929-4-5ff9db9-linux-arm64,S1,blake3,cold,V2-W8,1,5,4,1073741824,1,2.3512756,1.324852,2264944,133419008,True,
linux-arm64,CORE-VERIFY-001/RUN-20260929-4-5ff9db9-linux-arm64,S1,blake3,cold,V1,1,6,0,1073741824,1,2.3169528,1.085355,2310320,77254656,True,
linux-arm64,CORE-VERIFY-001/RUN-20260929-4-5ff9db9-linux-arm64,S1,blake3,cold,V2-W2,1,6,1,1073741824,1,2.3470753,1.214638,2267008,78344192,True,
linux-arm64,CORE-VERIFY-001/RUN-20260929-4-5ff9db9-linux-arm64,S1,blake3,cold,V2-W4,1,6,2,1073741824,1,2.3159901,1.272247,2263640,103976960,True,
linux-arm64,CORE-VERIFY-001/RUN-20260929-4-5ff9db9-linux-arm64,S1,blake3,cold,V2-W8,1,6,3,1073741824,1,2.3597619,1.340456,2267736,134180864,True,
linux-arm64,CORE-VERIFY-001/RUN-20260929-4-5ff9db9-linux-arm64,S1,blake3,cold,V0,1,6,4,1073741824,1,2.355597,2.514111,450640,63823872,True,
linux-arm64,CORE-VERIFY-001/RUN-20260929-4-5ff9db9-linux-arm64,S1,blake3,cold,V2-W2,1,7,0,1073741824,1,2.3515299,1.20024,2264760,78397440,True,
linux-arm64,CORE-VERIFY-001/RUN-20260929-4-5ff9db9-linux-arm64,S1,blake3,cold,V2-W4,1,7,1,1073741824,1,2.3466626,1.280207,2265984,104345600,True,
linux-arm64,CORE-VERIFY-001/RUN-20260929-4-5ff9db9-linux-arm64,S1,blake3,cold,V2-W8,1,7,2,1073741824,1,2.3175632,1.317075,2264928,129585152,True,
linux-arm64,CORE-VERIFY-001/RUN-20260929-4-5ff9db9-linux-arm64,S1,blake3,cold,V0,1,7,3,1073741824,1,2.3510603,2.566845,187376,64094208,True,
linux-arm64,CORE-VERIFY-001/RUN-20260929-4-5ff9db9-linux-arm64,S1,blake3,cold,V1,1,7,4,1073741824,1,2.3296389,1.0845,2312416,77201408,True,
linux-arm64,CORE-VERIFY-001/RUN-20260929-4-5ff9db9-linux-arm64,S1,blake3,cold,V2-W4,1,8,0,1073741824,1,2.3666514,1.274111,2264384,104001536,True,
linux-arm64,CORE-VERIFY-001/RUN-20260929-4-5ff9db9-linux-arm64,S1,blake3,cold,V2-W8,1,8,1,1073741824,1,2.3032215,1.320357,2264872,134135808,True,
linux-arm64,CORE-VERIFY-001/RUN-20260929-4-5ff9db9-linux-arm64,S1,blake3,cold,V0,1,8,2,1073741824,1,2.3478227,2.527928,187376,63655936,True,
linux-arm64,CORE-VERIFY-001/RUN-20260929-4-5ff9db9-linux-arm64,S1,blake3,cold,V1,1,8,3,1073741824,1,2.3441927,1.087432,6504496,76947456,True,
linux-arm64,CORE-VERIFY-001/RUN-20260929-4-5ff9db9-linux-arm64,S1,blake3,cold,V2-W2,1,8,4,1073741824,1,2.3345954,1.208172,2264944,87384064,True,
linux-arm64,CORE-VERIFY-001/RUN-20260929-4-5ff9db9-linux-arm64,S1,blake3,cold,V2-W8,1,9,0,1073741824,1,2.3387989,1.322973,2267512,133959680,True,
linux-arm64,CORE-VERIFY-001/RUN-20260929-4-5ff9db9-linux-arm64,S1,blake3,cold,V0,1,9,1,1073741824,1,2.358002,2.527864,187744,64225280,True,
linux-arm64,CORE-VERIFY-001/RUN-20260929-4-5ff9db9-linux-arm64,S1,blake3,cold,V1,1,9,2,1073741824,1,2.3494404,1.088251,2312448,77320192,True,
linux-arm64,CORE-VERIFY-001/RUN-20260929-4-5ff9db9-linux-arm64,S1,blake3,cold,V2-W2,1,9,3,1073741824,1,2.3437075,1.208577,2264840,78299136,True,
linux-arm64,CORE-VERIFY-001/RUN-20260929-4-5ff9db9-linux-arm64,S1,blake3,cold,V2-W4,1,9,4,1073741824,1,2.3331064,1.280904,2263896,104226816,True,
linux-arm64,CORE-VERIFY-001/RUN-20260929-4-5ff9db9-linux-arm64,S1,blake3,throttled,V0,1,0,0,1073741824,1,12.3079701,1.882622,2799464,67731456,True,
linux-arm64,CORE-VERIFY-001/RUN-20260929-4-5ff9db9-linux-arm64,S1,blake3,throttled,V1,1,0,1,1073741824,1,12.341602,1.387234,3715152,81035264,True,
linux-arm64,CORE-VERIFY-001/RUN-20260929-4-5ff9db9-linux-arm64,S1,blake3,throttled,V2-W2,1,0,2,1073741824,1,6.1891353,1.323584,3539272,86372352,True,
linux-arm64,CORE-VERIFY-001/RUN-20260929-4-5ff9db9-linux-arm64,S1,blake3,throttled,V2-W4,1,0,3,1073741824,1,3.1011854,1.330004,3537840,110690304,True,
linux-arm64,CORE-VERIFY-001/RUN-20260929-4-5ff9db9-linux-arm64,S1,blake3,throttled,V2-W8,1,0,4,1073741824,1,1.5773604,1.289533,3535912,136712192,True,
linux-arm64,CORE-VERIFY-001/RUN-20260929-4-5ff9db9-linux-arm64,S1,blake3,throttled,V1,1,1,0,1073741824,1,12.3416171,1.386029,3693168,80289792,True,
linux-arm64,CORE-VERIFY-001/RUN-20260929-4-5ff9db9-linux-arm64,S1,blake3,throttled,V2-W2,1,1,1,1073741824,1,6.1878725,1.335442,3539376,86044672,True,
linux-arm64,CORE-VERIFY-001/RUN-20260929-4-5ff9db9-linux-arm64,S1,blake3,throttled,V2-W4,1,1,2,1073741824,1,3.0998955,1.315715,3562208,106450944,True,
linux-arm64,CORE-VERIFY-001/RUN-20260929-4-5ff9db9-linux-arm64,S1,blake3,throttled,V2-W8,1,1,3,1073741824,1,1.5770339,1.292847,3539048,135962624,True,
linux-arm64,CORE-VERIFY-001/RUN-20260929-4-5ff9db9-linux-arm64,S1,blake3,throttled,V0,1,1,4,1073741824,1,12.3072766,1.886136,2824256,68349952,True,
linux-arm64,CORE-VERIFY-001/RUN-20260929-4-5ff9db9-linux-arm64,S1,blake3,throttled,V2-W2,1,2,0,1073741824,1,6.1879912,1.331209,3539376,86462464,True,
linux-arm64,CORE-VERIFY-001/RUN-20260929-4-5ff9db9-linux-arm64,S1,blake3,throttled,V2-W4,1,2,1,1073741824,1,3.1006144,1.310136,3538448,106508288,True,
linux-arm64,CORE-VERIFY-001/RUN-20260929-4-5ff9db9-linux-arm64,S1,blake3,throttled,V2-W8,1,2,2,1073741824,1,1.5783782,1.299786,3536680,136302592,True,
linux-arm64,CORE-VERIFY-001/RUN-20260929-4-5ff9db9-linux-arm64,S1,blake3,throttled,V0,1,2,3,1073741824,1,12.3067662,1.907022,2799632,68374528,True,
linux-arm64,CORE-VERIFY-001/RUN-20260929-4-5ff9db9-linux-arm64,S1,blake3,throttled,V1,1,2,4,1073741824,1,12.3412084,1.391085,3691904,80982016,True,
linux-arm64,CORE-VERIFY-001/RUN-20260929-4-5ff9db9-linux-arm64,S1,blake3,throttled,V2-W4,1,3,0,1073741824,1,3.1011425,1.315772,3536312,106283008,True,
linux-arm64,CORE-VERIFY-001/RUN-20260929-4-5ff9db9-linux-arm64,S1,blake3,throttled,V2-W8,1,3,1,1073741824,1,1.5784073,1.289933,3537080,145141760,True,
linux-arm64,CORE-VERIFY-001/RUN-20260929-4-5ff9db9-linux-arm64,S1,blake3,throttled,V0,1,3,2,1073741824,1,12.3074331,1.870666,2799632,68177920,True,
linux-arm64,CORE-VERIFY-001/RUN-20260929-4-5ff9db9-linux-arm64,S1,blake3,throttled,V1,1,3,3,1073741824,1,12.3406841,1.398764,3690920,81117184,True,
linux-arm64,CORE-VERIFY-001/RUN-20260929-4-5ff9db9-linux-arm64,S1,blake3,throttled,V2-W2,1,3,4,1073741824,1,6.1882834,1.329434,3539376,86605824,True,
linux-arm64,CORE-VERIFY-001/RUN-20260929-4-5ff9db9-linux-arm64,S1,blake3,throttled,V2-W8,1,4,0,1073741824,1,1.5792061,1.283,3536352,135168000,True,
linux-arm64,CORE-VERIFY-001/RUN-20260929-4-5ff9db9-linux-arm64,S1,blake3,throttled,V0,1,4,1,1073741824,1,12.306836,1.860655,2799464,68083712,True,
linux-arm64,CORE-VERIFY-001/RUN-20260929-4-5ff9db9-linux-arm64,S1,blake3,throttled,V1,1,4,2,1073741824,1,12.3414922,1.370469,7884368,85262336,True,
linux-arm64,CORE-VERIFY-001/RUN-20260929-4-5ff9db9-linux-arm64,S1,blake3,throttled,V2-W2,1,4,3,1073741824,1,6.1886214,1.339943,3539808,90697728,True,
linux-arm64,CORE-VERIFY-001/RUN-20260929-4-5ff9db9-linux-arm64,S1,blake3,throttled,V2-W4,1,4,4,1073741824,1,3.1006854,1.312413,3538208,106369024,True,
linux-arm64,CORE-VERIFY-001/RUN-20260929-4-5ff9db9-linux-arm64,S1,blake3,throttled,V0,1,5,0,1073741824,1,12.3070499,1.890268,2824088,67731456,True,
linux-arm64,CORE-VERIFY-001/RUN-20260929-4-5ff9db9-linux-arm64,S1,blake3,throttled,V1,1,5,1,1073741824,1,12.3414392,1.387075,7884368,85102592,True,
linux-arm64,CORE-VERIFY-001/RUN-20260929-4-5ff9db9-linux-arm64,S1,blake3,throttled,V2-W2,1,5,2,1073741824,1,6.1883823,1.337889,3541520,85983232,True,
linux-arm64,CORE-VERIFY-001/RUN-20260929-4-5ff9db9-linux-arm64,S1,blake3,throttled,V2-W4,1,5,3,1073741824,1,3.1012761,1.328898,3537448,106434560,True,
linux-arm64,CORE-VERIFY-001/RUN-20260929-4-5ff9db9-linux-arm64,S1,blake3,throttled,V2-W8,1,5,4,1073741824,1,1.5760085,1.303573,7729464,140402688,True,
linux-arm64,CORE-VERIFY-001/RUN-20260929-4-5ff9db9-linux-arm64,S1,blake3,throttled,V1,1,6,0,1073741824,1,12.3414859,1.389978,3690008,80805888,True,
linux-arm64,CORE-VERIFY-001/RUN-20260929-4-5ff9db9-linux-arm64,S1,blake3,throttled,V2-W2,1,6,1,1073741824,1,6.1879323,1.321944,7733496,86282240,True,
linux-arm64,CORE-VERIFY-001/RUN-20260929-4-5ff9db9-linux-arm64,S1,blake3,throttled,V2-W4,1,6,2,1073741824,1,3.1023799,1.289217,3537216,106278912,True,
linux-arm64,CORE-VERIFY-001/RUN-20260929-4-5ff9db9-linux-arm64,S1,blake3,throttled,V2-W8,1,6,3,1073741824,1,1.5774624,1.260424,3535656,136134656,True,
linux-arm64,CORE-VERIFY-001/RUN-20260929-4-5ff9db9-linux-arm64,S1,blake3,throttled,V0,1,6,4,1073741824,1,12.3067352,1.847013,2824088,68116480,True,
linux-arm64,CORE-VERIFY-001/RUN-20260929-4-5ff9db9-linux-arm64,S1,blake3,throttled,V2-W2,1,7,0,1073741824,1,6.1878166,1.312854,3539376,82272256,True,
linux-arm64,CORE-VERIFY-001/RUN-20260929-4-5ff9db9-linux-arm64,S1,blake3,throttled,V2-W4,1,7,1,1073741824,1,3.1014346,1.316419,7733592,110862336,True,
linux-arm64,CORE-VERIFY-001/RUN-20260929-4-5ff9db9-linux-arm64,S1,blake3,throttled,V2-W8,1,7,2,1073741824,1,1.5777884,1.280861,3537664,136421376,True,
linux-arm64,CORE-VERIFY-001/RUN-20260929-4-5ff9db9-linux-arm64,S1,blake3,throttled,V0,1,7,3,1073741824,1,12.3072927,1.871672,2799632,68390912,True,
linux-arm64,CORE-VERIFY-001/RUN-20260929-4-5ff9db9-linux-arm64,S1,blake3,throttled,V1,1,7,4,1073741824,1,12.34159,1.377357,3692072,81154048,True,
linux-arm64,CORE-VERIFY-001/RUN-20260929-4-5ff9db9-linux-arm64,S1,blake3,throttled,V2-W4,1,8,0,1073741824,1,3.1009057,1.30382,3540848,110510080,True,
linux-arm64,CORE-VERIFY-001/RUN-20260929-4-5ff9db9-linux-arm64,S1,blake3,throttled,V2-W8,1,8,1,1073741824,1,1.5772467,1.284332,7730312,136126464,True,
linux-arm64,CORE-VERIFY-001/RUN-20260929-4-5ff9db9-linux-arm64,S1,blake3,throttled,V0,1,8,2,1073741824,1,12.307212,1.875053,2799464,68149248,True,
linux-arm64,CORE-VERIFY-001/RUN-20260929-4-5ff9db9-linux-arm64,S1,blake3,throttled,V1,1,8,3,1073741824,1,12.3409258,1.417577,3692224,81170432,True,
linux-arm64,CORE-VERIFY-001/RUN-20260929-4-5ff9db9-linux-arm64,S1,blake3,throttled,V2-W2,1,8,4,1073741824,1,6.1888567,1.352893,3539376,86593536,True,
linux-arm64,CORE-VERIFY-001/RUN-20260929-4-5ff9db9-linux-arm64,S1,blake3,throttled,V2-W8,1,9,0,1073741824,1,1.5763881,1.299219,3535008,136200192,True,
linux-arm64,CORE-VERIFY-001/RUN-20260929-4-5ff9db9-linux-arm64,S1,blake3,throttled,V0,1,9,1,1073741824,1,12.3068755,1.883048,2799464,68354048,True,
linux-arm64,CORE-VERIFY-001/RUN-20260929-4-5ff9db9-linux-arm64,S1,blake3,throttled,V1,1,9,2,1073741824,1,12.3415106,1.370436,3691264,80949248,True,
linux-arm64,CORE-VERIFY-001/RUN-20260929-4-5ff9db9-linux-arm64,S1,blake3,throttled,V2-W2,1,9,3,1073741824,1,6.1876499,1.321236,3539168,86417408,True,
linux-arm64,CORE-VERIFY-001/RUN-20260929-4-5ff9db9-linux-arm64,S1,blake3,throttled,V2-W4,1,9,4,1073741824,1,3.101322,1.309686,3536416,106999808,True,
linux-arm64,CORE-VERIFY-001/RUN-20260929-4-5ff9db9-linux-arm64,S1,sha256,warm,V0,1,0,0,1073741824,1,1.1749484,1.920234,187760,65773568,True,
linux-arm64,CORE-VERIFY-001/RUN-20260929-4-5ff9db9-linux-arm64,S1,sha256,warm,V1,1,0,1,1073741824,1,0.6460392,0.671364,6505112,83787776,True,
linux-arm64,CORE-VERIFY-001/RUN-20260929-4-5ff9db9-linux-arm64,S1,sha256,warm,V1,1,1,0,1073741824,1,0.6417037,0.671821,2312088,80179200,True,
linux-arm64,CORE-VERIFY-001/RUN-20260929-4-5ff9db9-linux-arm64,S1,sha256,warm,V0,1,1,1,1073741824,1,1.1580866,1.913749,187576,65499136,True,
linux-arm64,CORE-VERIFY-001/RUN-20260929-4-5ff9db9-linux-arm64,S1,sha256,warm,V0,1,2,0,1073741824,1,1.1624505,1.903068,187760,65052672,True,
linux-arm64,CORE-VERIFY-001/RUN-20260929-4-5ff9db9-linux-arm64,S1,sha256,warm,V1,1,2,1,1073741824,1,0.6479579,0.673435,6506232,83701760,True,
linux-arm64,CORE-VERIFY-001/RUN-20260929-4-5ff9db9-linux-arm64,S1,sha256,warm,V1,1,3,0,1073741824,1,0.6498907,0.678355,2310600,80207872,True,
linux-arm64,CORE-VERIFY-001/RUN-20260929-4-5ff9db9-linux-arm64,S1,sha256,warm,V0,1,3,1,1073741824,1,1.1551894,1.883552,187944,66121728,True,
linux-arm64,CORE-VERIFY-001/RUN-20260929-4-5ff9db9-linux-arm64,S1,sha256,warm,V0,1,4,0,1073741824,1,1.1389774,1.874277,187760,65650688,True,
linux-arm64,CORE-VERIFY-001/RUN-20260929-4-5ff9db9-linux-arm64,S1,sha256,warm,V1,1,4,1,1073741824,1,0.6416236,0.670324,2310600,80080896,True,
linux-arm64,CORE-VERIFY-001/RUN-20260929-4-5ff9db9-linux-arm64,S1,sha256,warm,V1,1,5,0,1073741824,1,0.6400195,0.669512,2310816,80228352,True,
linux-arm64,CORE-VERIFY-001/RUN-20260929-4-5ff9db9-linux-arm64,S1,sha256,warm,V0,1,5,1,1073741824,1,1.160516,1.915582,212384,65822720,True,
linux-arm64,CORE-VERIFY-001/RUN-20260929-4-5ff9db9-linux-arm64,S1,sha256,warm,V0,1,6,0,1073741824,1,1.1703474,1.924555,187760,65990656,True,
linux-arm64,CORE-VERIFY-001/RUN-20260929-4-5ff9db9-linux-arm64,S1,sha256,warm,V1,1,6,1,1073741824,1,0.6455884,0.675325,2310936,80240640,True,
linux-arm64,CORE-VERIFY-001/RUN-20260929-4-5ff9db9-linux-arm64,S1,sha256,warm,V1,1,7,0,1073741824,1,0.6412542,0.665961,2312512,79486976,True,
linux-arm64,CORE-VERIFY-001/RUN-20260929-4-5ff9db9-linux-arm64,S1,sha256,warm,V0,1,7,1,1073741824,1,1.1554985,1.895182,187576,64880640,True,
linux-arm64,CORE-VERIFY-001/RUN-20260929-4-5ff9db9-linux-arm64,S1,sha256,warm,V0,1,8,0,1073741824,1,1.1592909,1.90017,188280,65986560,True,
linux-arm64,CORE-VERIFY-001/RUN-20260929-4-5ff9db9-linux-arm64,S1,sha256,warm,V1,1,8,1,1073741824,1,0.6482001,0.678756,2310936,80003072,True,
linux-arm64,CORE-VERIFY-001/RUN-20260929-4-5ff9db9-linux-arm64,S1,sha256,warm,V1,1,9,0,1073741824,1,0.6493852,0.679856,2310632,80343040,True,
linux-arm64,CORE-VERIFY-001/RUN-20260929-4-5ff9db9-linux-arm64,S1,sha256,warm,V0,1,9,1,1073741824,1,1.156332,1.906148,187760,65609728,True,
linux-arm64,CORE-VERIFY-001/RUN-20260929-4-5ff9db9-linux-arm64,S10,blake3,warm,V0,1,0,0,10737418240,1,14.9596536,22.24672,221168,68427776,True,
linux-arm64,CORE-VERIFY-001/RUN-20260929-4-5ff9db9-linux-arm64,S10,blake3,warm,V1,1,0,1,10737418240,1,10.0995957,10.27979,19984856,98816000,True,
linux-arm64,CORE-VERIFY-001/RUN-20260929-4-5ff9db9-linux-arm64,S10,blake3,warm,V2-W2,1,0,2,10737418240,1,5.007441,10.374864,19501752,105025536,True,
linux-arm64,CORE-VERIFY-001/RUN-20260929-4-5ff9db9-linux-arm64,S10,blake3,warm,V2-W4,1,0,3,10737418240,1,2.5442071,10.051397,19390048,129982464,True,
linux-arm64,CORE-VERIFY-001/RUN-20260929-4-5ff9db9-linux-arm64,S10,blake3,warm,V2-W8,1,0,4,10737418240,1,2.5667407,10.145893,19382264,155176960,True,
linux-arm64,CORE-VERIFY-001/RUN-20260929-4-5ff9db9-linux-arm64,S10,blake3,warm,V1,1,1,0,10737418240,1,10.0446154,10.224113,24178848,103120896,True,
linux-arm64,CORE-VERIFY-001/RUN-20260929-4-5ff9db9-linux-arm64,S10,blake3,warm,V2-W2,1,1,1,10737418240,1,4.9836438,10.280771,19506464,108642304,True,
linux-arm64,CORE-VERIFY-001/RUN-20260929-4-5ff9db9-linux-arm64,S10,blake3,warm,V2-W4,1,1,2,10737418240,1,2.537329,10.03008,19375104,133513216,True,
linux-arm64,CORE-VERIFY-001/RUN-20260929-4-5ff9db9-linux-arm64,S10,blake3,warm,V2-W8,1,1,3,10737418240,1,2.5673602,10.152427,19388016,155131904,True,
linux-arm64,CORE-VERIFY-001/RUN-20260929-4-5ff9db9-linux-arm64,S10,blake3,warm,V0,1,1,4,10737418240,1,15.0223178,22.260962,220656,66568192,True,
linux-arm64,CORE-VERIFY-001/RUN-20260929-4-5ff9db9-linux-arm64,S10,blake3,warm,V2-W2,1,2,0,10737418240,1,4.998731,10.302417,19506224,104747008,True,
linux-arm64,CORE-VERIFY-001/RUN-20260929-4-5ff9db9-linux-arm64,S10,blake3,warm,V2-W4,1,2,1,10737418240,1,2.545843,10.053454,19390888,121360384,True,
linux-arm64,CORE-VERIFY-001/RUN-20260929-4-5ff9db9-linux-arm64,S10,blake3,warm,V2-W8,1,2,2,10737418240,1,2.5531979,10.099623,19377144,155021312,True,
linux-arm64,CORE-VERIFY-001/RUN-20260929-4-5ff9db9-linux-arm64,S10,blake3,warm,V0,1,2,3,10737418240,1,15.1320126,22.406351,221200,66473984,True,
linux-arm64,CORE-VERIFY-001/RUN-20260929-4-5ff9db9-linux-arm64,S10,blake3,warm,V1,1,2,4,10737418240,1,10.0868372,10.265508,19983272,98861056,True,
linux-arm64,CORE-VERIFY-001/RUN-20260929-4-5ff9db9-linux-arm64,S10,blake3,warm,V2-W4,1,3,0,10737418240,1,2.5758897,10.185069,19389768,129740800,True,
linux-arm64,CORE-VERIFY-001/RUN-20260929-4-5ff9db9-linux-arm64,S10,blake3,warm,V2-W8,1,3,1,10737418240,1,2.5515459,10.092271,19405280,159940608,True,
linux-arm64,CORE-VERIFY-001/RUN-20260929-4-5ff9db9-linux-arm64,S10,blake3,warm,V0,1,3,2,10737418240,1,15.0493464,22.393226,223416,66363392,True,
linux-arm64,CORE-VERIFY-001/RUN-20260929-4-5ff9db9-linux-arm64,S10,blake3,warm,V1,1,3,3,10737418240,1,10.0647733,10.246983,19984224,99049472,True,
linux-arm64,CORE-VERIFY-001/RUN-20260929-4-5ff9db9-linux-arm64,S10,blake3,warm,V2-W2,1,3,4,10737418240,1,4.9936588,10.294312,19505456,104620032,True,
linux-arm64,CORE-VERIFY-001/RUN-20260929-4-5ff9db9-linux-arm64,S10,blake3,warm,V2-W8,1,4,0,10737418240,1,2.5357266,10.028421,19375088,155017216,True,
linux-arm64,CORE-VERIFY-001/RUN-20260929-4-5ff9db9-linux-arm64,S10,blake3,warm,V0,1,4,1,10737418240,1,14.8681859,22.182679,221352,66506752,True,
linux-arm64,CORE-VERIFY-001/RUN-20260929-4-5ff9db9-linux-arm64,S10,blake3,warm,V1,1,4,2,10737418240,1,10.0666822,10.247878,19983672,99217408,True,
linux-arm64,CORE-VERIFY-001/RUN-20260929-4-5ff9db9-linux-arm64,S10,blake3,warm,V2-W2,1,4,3,10737418240,1,5.0094381,10.391701,19506208,105164800,True,
linux-arm64,CORE-VERIFY-001/RUN-20260929-4-5ff9db9-linux-arm64,S10,blake3,warm,V2-W4,1,4,4,10737418240,1,2.5438821,10.052349,19396240,134254592,True,
linux-arm64,CORE-VERIFY-001/RUN-20260929-4-5ff9db9-linux-arm64,S10,blake3,cold,V0,1,0,0,10737418240,1,25.7820234,24.955886,221016,64360448,True,
linux-arm64,CORE-VERIFY-001/RUN-20260929-4-5ff9db9-linux-arm64,S10,blake3,cold,V1,1,0,1,10737418240,1,25.7773164,10.656436,19985088,96227328,True,
linux-arm64,CORE-VERIFY-001/RUN-20260929-4-5ff9db9-linux-arm64,S10,blake3,cold,V2-W2,1,0,2,10737418240,1,25.7472771,11.551087,19510088,102494208,True,
linux-arm64,CORE-VERIFY-001/RUN-20260929-4-5ff9db9-linux-arm64,S10,blake3,cold,V2-W4,1,0,3,10737418240,1,25.7551541,12.512966,19482896,123076608,True,
linux-arm64,CORE-VERIFY-001/RUN-20260929-4-5ff9db9-linux-arm64,S10,blake3,cold,V2-W8,1,0,4,10737418240,1,25.8316177,13.055553,19482272,152494080,True,
linux-arm64,CORE-VERIFY-001/RUN-20260929-4-5ff9db9-linux-arm64,S10,blake3,cold,V1,1,1,0,10737418240,1,25.7623699,10.729976,19984968,96169984,True,
linux-arm64,CORE-VERIFY-001/RUN-20260929-4-5ff9db9-linux-arm64,S10,blake3,cold,V2-W2,1,1,1,10737418240,1,25.7570876,11.651559,19507760,106565632,True,
linux-arm64,CORE-VERIFY-001/RUN-20260929-4-5ff9db9-linux-arm64,S10,blake3,cold,V2-W4,1,1,2,10737418240,1,25.7824702,12.227894,19481248,127229952,True,
linux-arm64,CORE-VERIFY-001/RUN-20260929-4-5ff9db9-linux-arm64,S10,blake3,cold,V2-W8,1,1,3,10737418240,1,25.778979,12.743854,19479208,152240128,True,
linux-arm64,CORE-VERIFY-001/RUN-20260929-4-5ff9db9-linux-arm64,S10,blake3,cold,V0,1,1,4,10737418240,1,25.7753762,24.818784,220800,64057344,True,
linux-arm64,CORE-VERIFY-001/RUN-20260929-4-5ff9db9-linux-arm64,S10,blake3,cold,V2-W2,1,2,0,10737418240,1,25.7617476,11.514927,19508280,98189312,True,
linux-arm64,CORE-VERIFY-001/RUN-20260929-4-5ff9db9-linux-arm64,S10,blake3,cold,V2-W4,1,2,1,10737418240,1,25.7500595,12.273058,19482688,127332352,True,
linux-arm64,CORE-VERIFY-001/RUN-20260929-4-5ff9db9-linux-arm64,S10,blake3,cold,V2-W8,1,2,2,10737418240,1,25.7602545,12.888989,19481024,156479488,True,
linux-arm64,CORE-VERIFY-001/RUN-20260929-4-5ff9db9-linux-arm64,S10,blake3,cold,V0,1,2,3,10737418240,1,25.7854793,24.658991,483336,64274432,True,
linux-arm64,CORE-VERIFY-001/RUN-20260929-4-5ff9db9-linux-arm64,S10,blake3,cold,V1,1,2,4,10737418240,1,25.7802007,10.787142,19987104,96821248,True,
linux-arm64,CORE-VERIFY-001/RUN-20260929-4-5ff9db9-linux-arm64,S10,blake3,cold,V2-W4,1,3,0,10737418240,1,25.755854,12.592027,19482952,127102976,True,
linux-arm64,CORE-VERIFY-001/RUN-20260929-4-5ff9db9-linux-arm64,S10,blake3,cold,V2-W8,1,3,1,10737418240,1,25.7704098,12.843584,19479664,152133632,True,
linux-arm64,CORE-VERIFY-001/RUN-20260929-4-5ff9db9-linux-arm64,S10,blake3,cold,V0,1,3,2,10737418240,1,25.7909054,25.144364,221352,64458752,True,
linux-arm64,CORE-VERIFY-001/RUN-20260929-4-5ff9db9-linux-arm64,S10,blake3,cold,V1,1,3,3,10737418240,1,25.7730601,10.714789,19983544,96153600,True,
linux-arm64,CORE-VERIFY-001/RUN-20260929-4-5ff9db9-linux-arm64,S10,blake3,cold,V2-W2,1,3,4,10737418240,1,25.7581663,11.521174,19507784,101548032,True,
linux-arm64,CORE-VERIFY-001/RUN-20260929-4-5ff9db9-linux-arm64,S10,blake3,cold,V2-W8,1,4,0,10737418240,1,25.7583465,12.746613,23676208,156442624,True,
linux-arm64,CORE-VERIFY-001/RUN-20260929-4-5ff9db9-linux-arm64,S10,blake3,cold,V0,1,4,1,10737418240,1,25.7841333,25.143785,221168,64135168,True,
linux-arm64,CORE-VERIFY-001/RUN-20260929-4-5ff9db9-linux-arm64,S10,blake3,cold,V1,1,4,2,10737418240,1,25.7663461,10.621685,19983848,96223232,True,
linux-arm64,CORE-VERIFY-001/RUN-20260929-4-5ff9db9-linux-arm64,S10,blake3,cold,V2-W2,1,4,3,10737418240,1,25.7554255,11.601388,19508688,102776832,True,
linux-arm64,CORE-VERIFY-001/RUN-20260929-4-5ff9db9-linux-arm64,S10,blake3,cold,V2-W4,1,4,4,10737418240,1,25.7462795,12.377138,19480200,122716160,True,
linux-x64,CORE-VERIFY-001/RUN-20260929-4-5ff9db9-linux-x64,S1,blake3,warm,V0,1,0,0,1073741824,1,0.7612038,1.535214,187224,65601536,True,
linux-x64,CORE-VERIFY-001/RUN-20260929-4-5ff9db9-linux-x64,S1,blake3,warm,V1,1,0,1,1073741824,1,0.3389049,0.372465,6504648,78467072,True,
linux-x64,CORE-VERIFY-001/RUN-20260929-4-5ff9db9-linux-x64,S1,blake3,warm,V2-W2,1,0,2,1073741824,1,0.1744259,0.392942,2264696,80748544,True,
linux-x64,CORE-VERIFY-001/RUN-20260929-4-5ff9db9-linux-x64,S1,blake3,warm,V2-W4,1,0,3,1073741824,1,0.1284335,0.486895,2243984,105865216,True,
linux-x64,CORE-VERIFY-001/RUN-20260929-4-5ff9db9-linux-x64,S1,blake3,warm,V2-W8,1,0,4,1073741824,1,0.1341413,0.505993,2251520,135532544,True,
linux-x64,CORE-VERIFY-001/RUN-20260929-4-5ff9db9-linux-x64,S1,blake3,warm,V1,1,1,0,1073741824,1,0.3239271,0.35865,2310904,83890176,True,
linux-x64,CORE-VERIFY-001/RUN-20260929-4-5ff9db9-linux-x64,S1,blake3,warm,V2-W2,1,1,1,1073741824,1,0.1770426,0.3958,2286232,80527360,True,
linux-x64,CORE-VERIFY-001/RUN-20260929-4-5ff9db9-linux-x64,S1,blake3,warm,V2-W4,1,1,2,1073741824,1,0.1305389,0.491579,6438936,114212864,True,
linux-x64,CORE-VERIFY-001/RUN-20260929-4-5ff9db9-linux-x64,S1,blake3,warm,V2-W8,1,1,3,1073741824,1,0.1321709,0.500307,2249896,131452928,True,
linux-x64,CORE-VERIFY-001/RUN-20260929-4-5ff9db9-linux-x64,S1,blake3,warm,V0,1,1,4,1073741824,1,0.7784891,1.56699,187560,65810432,True,
linux-x64,CORE-VERIFY-001/RUN-20260929-4-5ff9db9-linux-x64,S1,blake3,warm,V2-W2,1,2,0,1073741824,1,0.1729204,0.401077,2261536,80478208,True,
linux-x64,CORE-VERIFY-001/RUN-20260929-4-5ff9db9-linux-x64,S1,blake3,warm,V2-W4,1,2,1,1073741824,1,0.1317222,0.494317,2245728,101416960,True,
linux-x64,CORE-VERIFY-001/RUN-20260929-4-5ff9db9-linux-x64,S1,blake3,warm,V2-W8,1,2,2,1073741824,1,0.1325541,0.503343,2252992,130101248,True,
linux-x64,CORE-VERIFY-001/RUN-20260929-4-5ff9db9-linux-x64,S1,blake3,warm,V0,1,2,3,1073741824,1,0.7342804,1.485758,187376,65413120,True,
linux-x64,CORE-VERIFY-001/RUN-20260929-4-5ff9db9-linux-x64,S1,blake3,warm,V1,1,2,4,1073741824,1,0.3371653,0.374471,2313696,80306176,True,
linux-x64,CORE-VERIFY-001/RUN-20260929-4-5ff9db9-linux-x64,S1,blake3,warm,V2-W4,1,3,0,1073741824,1,0.1258203,0.476217,2244816,110092288,True,
linux-x64,CORE-VERIFY-001/RUN-20260929-4-5ff9db9-linux-x64,S1,blake3,warm,V2-W8,1,3,1,1073741824,1,0.1374986,0.518077,2253344,135614464,True,
linux-x64,CORE-VERIFY-001/RUN-20260929-4-5ff9db9-linux-x64,S1,blake3,warm,V0,1,3,2,1073741824,1,0.7779271,1.561771,187376,65998848,True,
linux-x64,CORE-VERIFY-001/RUN-20260929-4-5ff9db9-linux-x64,S1,blake3,warm,V1,1,3,3,1073741824,1,0.3267657,0.357574,2310656,75726848,True,
linux-x64,CORE-VERIFY-001/RUN-20260929-4-5ff9db9-linux-x64,S1,blake3,warm,V2-W2,1,3,4,1073741824,1,0.1723076,0.3854,2262032,80568320,True,
linux-x64,CORE-VERIFY-001/RUN-20260929-4-5ff9db9-linux-x64,S1,blake3,warm,V2-W8,1,4,0,1073741824,1,0.135789,0.513481,2252936,131522560,True,
linux-x64,CORE-VERIFY-001/RUN-20260929-4-5ff9db9-linux-x64,S1,blake3,warm,V0,1,4,1,1073741824,1,0.7353758,1.489263,187560,66076672,True,
linux-x64,CORE-VERIFY-001/RUN-20260929-4-5ff9db9-linux-x64,S1,blake3,warm,V1,1,4,2,1073741824,1,0.3293044,0.365383,2310472,80285696,True,
linux-x64,CORE-VERIFY-001/RUN-20260929-4-5ff9db9-linux-x64,S1,blake3,warm,V2-W2,1,4,3,1073741824,1,0.1751556,0.397399,6456368,84951040,True,
linux-x64,CORE-VERIFY-001/RUN-20260929-4-5ff9db9-linux-x64,S1,blake3,warm,V2-W4,1,4,4,1073741824,1,0.1355154,0.513667,2245856,109744128,True,
linux-x64,CORE-VERIFY-001/RUN-20260929-4-5ff9db9-linux-x64,S1,blake3,warm,V0,1,5,0,1073741824,1,0.8038788,1.612418,188600,65425408,True,
linux-x64,CORE-VERIFY-001/RUN-20260929-4-5ff9db9-linux-x64,S1,blake3,warm,V1,1,5,1,1073741824,1,0.331473,0.371034,2310656,80310272,True,
linux-x64,CORE-VERIFY-001/RUN-20260929-4-5ff9db9-linux-x64,S1,blake3,warm,V2-W2,1,5,2,1073741824,1,0.1740241,0.388386,2261640,85016576,True,
linux-x64,CORE-VERIFY-001/RUN-20260929-4-5ff9db9-linux-x64,S1,blake3,warm,V2-W4,1,5,3,1073741824,1,0.1380168,0.488578,2252216,105787392,True,
linux-x64,CORE-VERIFY-001/RUN-20260929-4-5ff9db9-linux-x64,S1,blake3,warm,V2-W8,1,5,4,1073741824,1,0.1404641,0.533614,2256504,131289088,True,
linux-x64,CORE-VERIFY-001/RUN-20260929-4-5ff9db9-linux-x64,S1,blake3,warm,V1,1,6,0,1073741824,1,0.3281846,0.361176,2310504,80187392,True,
linux-x64,CORE-VERIFY-001/RUN-20260929-4-5ff9db9-linux-x64,S1,blake3,warm,V2-W2,1,6,1,1073741824,1,0.1745381,0.392749,2261928,85028864,True,
linux-x64,CORE-VERIFY-001/RUN-20260929-4-5ff9db9-linux-x64,S1,blake3,warm,V2-W4,1,6,2,1073741824,1,0.1307903,0.496036,2246976,110243840,True,
linux-x64,CORE-VERIFY-001/RUN-20260929-4-5ff9db9-linux-x64,S1,blake3,warm,V2-W8,1,6,3,1073741824,1,0.1348545,0.507527,2250400,138342400,True,
linux-x64,CORE-VERIFY-001/RUN-20260929-4-5ff9db9-linux-x64,S1,blake3,warm,V0,1,6,4,1073741824,1,0.7907332,1.583292,187560,65683456,True,
linux-x64,CORE-VERIFY-001/RUN-20260929-4-5ff9db9-linux-x64,S1,blake3,warm,V2-W2,1,7,0,1073741824,1,0.1744929,0.397908,2264216,89124864,True,
linux-x64,CORE-VERIFY-001/RUN-20260929-4-5ff9db9-linux-x64,S1,blake3,warm,V2-W4,1,7,1,1073741824,1,0.134624,0.5096,2246896,105533440,True,
linux-x64,CORE-VERIFY-001/RUN-20260929-4-5ff9db9-linux-x64,S1,blake3,warm,V2-W8,1,7,2,1073741824,1,0.1477398,0.563389,2254432,131477504,True,
linux-x64,CORE-VERIFY-001/RUN-20260929-4-5ff9db9-linux-x64,S1,blake3,warm,V0,1,7,3,1073741824,1,0.7400738,1.50028,187376,66007040,True,
linux-x64,CORE-VERIFY-001/RUN-20260929-4-5ff9db9-linux-x64,S1,blake3,warm,V1,1,7,4,1073741824,1,0.3310445,0.368823,2310472,80392192,True,
linux-x64,CORE-VERIFY-001/RUN-20260929-4-5ff9db9-linux-x64,S1,blake3,warm,V2-W4,1,8,0,1073741824,1,0.1294231,0.491428,6438976,114098176,True,
linux-x64,CORE-VERIFY-001/RUN-20260929-4-5ff9db9-linux-x64,S1,blake3,warm,V2-W8,1,8,1,1073741824,1,0.1334018,0.507269,2248576,135311360,True,
linux-x64,CORE-VERIFY-001/RUN-20260929-4-5ff9db9-linux-x64,S1,blake3,warm,V0,1,8,2,1073741824,1,0.8165935,1.631204,187560,65904640,True,
linux-x64,CORE-VERIFY-001/RUN-20260929-4-5ff9db9-linux-x64,S1,blake3,warm,V1,1,8,3,1073741824,1,0.3307471,0.367887,6504832,80379904,True,
linux-x64,CORE-VERIFY-001/RUN-20260929-4-5ff9db9-linux-x64,S1,blake3,warm,V2-W2,1,8,4,1073741824,1,0.1731904,0.392778,2262656,85102592,True,
linux-x64,CORE-VERIFY-001/RUN-20260929-4-5ff9db9-linux-x64,S1,blake3,warm,V2-W8,1,9,0,1073741824,1,0.1372973,0.520472,2249472,133562368,True,
linux-x64,CORE-VERIFY-001/RUN-20260929-4-5ff9db9-linux-x64,S1,blake3,warm,V0,1,9,1,1073741824,1,0.730897,1.479088,187560,64741376,True,
linux-x64,CORE-VERIFY-001/RUN-20260929-4-5ff9db9-linux-x64,S1,blake3,warm,V1,1,9,2,1073741824,1,0.3293477,0.362843,2310472,79966208,True,
linux-x64,CORE-VERIFY-001/RUN-20260929-4-5ff9db9-linux-x64,S1,blake3,warm,V2-W2,1,9,3,1073741824,1,0.171616,0.38444,2263696,85024768,True,
linux-x64,CORE-VERIFY-001/RUN-20260929-4-5ff9db9-linux-x64,S1,blake3,warm,V2-W4,1,9,4,1073741824,1,0.1305562,0.490858,2246952,109940736,True,
linux-x64,CORE-VERIFY-001/RUN-20260929-4-5ff9db9-linux-x64,S1,blake3,cold,V0,1,0,0,1073741824,1,5.4023247,1.833774,187560,63762432,True,
linux-x64,CORE-VERIFY-001/RUN-20260929-4-5ff9db9-linux-x64,S1,blake3,cold,V1,1,0,1,1073741824,1,2.3637956,0.482316,2310320,78508032,True,
linux-x64,CORE-VERIFY-001/RUN-20260929-4-5ff9db9-linux-x64,S1,blake3,cold,V2-W2,1,0,2,1073741824,1,3.5952297,0.630538,2264224,83255296,True,
linux-x64,CORE-VERIFY-001/RUN-20260929-4-5ff9db9-linux-x64,S1,blake3,cold,V2-W4,1,0,3,1073741824,1,2.3859551,0.727076,6461752,108404736,True,
linux-x64,CORE-VERIFY-001/RUN-20260929-4-5ff9db9-linux-x64,S1,blake3,cold,V2-W8,1,0,4,1073741824,1,3.1010623,0.782379,2268368,133885952,True,
linux-x64,CORE-VERIFY-001/RUN-20260929-4-5ff9db9-linux-x64,S1,blake3,cold,V1,1,1,0,1073741824,1,3.0186817,0.484616,2310808,77139968,True,
linux-x64,CORE-VERIFY-001/RUN-20260929-4-5ff9db9-linux-x64,S1,blake3,cold,V2-W2,1,1,1,1073741824,1,5.3507332,0.711208,2264464,83345408,True,
linux-x64,CORE-VERIFY-001/RUN-20260929-4-5ff9db9-linux-x64,S1,blake3,cold,V2-W4,1,1,2,1073741824,1,2.6617479,0.761446,6463896,112824320,True,
linux-x64,CORE-VERIFY-001/RUN-20260929-4-5ff9db9-linux-x64,S1,blake3,cold,V2-W8,1,1,3,1073741824,1,2.418997,0.797546,2266472,129925120,True,
linux-x64,CORE-VERIFY-001/RUN-20260929-4-5ff9db9-linux-x64,S1,blake3,cold,V0,1,1,4,1073741824,1,2.4461195,1.898431,212184,63868928,True,
linux-x64,CORE-VERIFY-001/RUN-20260929-4-5ff9db9-linux-x64,S1,blake3,cold,V2-W2,1,2,0,1073741824,1,2.8001213,0.649426,2264120,82841600,True,
linux-x64,CORE-VERIFY-001/RUN-20260929-4-5ff9db9-linux-x64,S1,blake3,cold,V2-W4,1,2,1,1073741824,1,2.3751717,0.788109,2267920,104095744,True,
linux-x64,CORE-VERIFY-001/RUN-20260929-4-5ff9db9-linux-x64,S1,blake3,cold,V2-W8,1,2,2,1073741824,1,2.5402703,0.827435,2269720,129716224,True,
linux-x64,CORE-VERIFY-001/RUN-20260929-4-5ff9db9-linux-x64,S1,blake3,cold,V0,1,2,3,1073741824,1,2.4500706,1.80613,187376,64073728,True,
linux-x64,CORE-VERIFY-001/RUN-20260929-4-5ff9db9-linux-x64,S1,blake3,cold,V1,1,2,4,1073741824,1,5.2287866,0.499747,2310504,77918208,True,
linux-x64,CORE-VERIFY-001/RUN-20260929-4-5ff9db9-linux-x64,S1,blake3,cold,V2-W4,1,3,0,1073741824,1,2.3479745,0.782666,2264504,104456192,True,
linux-x64,CORE-VERIFY-001/RUN-20260929-4-5ff9db9-linux-x64,S1,blake3,cold,V2-W8,1,3,1,1073741824,1,3.1454617,0.821216,2267224,134123520,True,
linux-x64,CORE-VERIFY-001/RUN-20260929-4-5ff9db9-linux-x64,S1,blake3,cold,V0,1,3,2,1073741824,1,2.6952094,1.826179,449544,63975424,True,
linux-x64,CORE-VERIFY-001/RUN-20260929-4-5ff9db9-linux-x64,S1,blake3,cold,V1,1,3,3,1073741824,1,2.5223506,0.466632,2310320,73580544,True,
linux-x64,CORE-VERIFY-001/RUN-20260929-4-5ff9db9-linux-x64,S1,blake3,cold,V2-W2,1,3,4,1073741824,1,4.3659008,0.668269,2264736,83197952,True,
linux-x64,CORE-VERIFY-001/RUN-20260929-4-5ff9db9-linux-x64,S1,blake3,cold,V2-W8,1,4,0,1073741824,1,3.0234101,0.837109,2267416,129544192,True,
linux-x64,CORE-VERIFY-001/RUN-20260929-4-5ff9db9-linux-x64,S1,blake3,cold,V0,1,4,1,1073741824,1,2.4861938,1.891298,188752,63688704,True,
linux-x64,CORE-VERIFY-001/RUN-20260929-4-5ff9db9-linux-x64,S1,blake3,cold,V1,1,4,2,1073741824,1,3.4335632,0.485982,2310472,77991936,True,
linux-x64,CORE-VERIFY-001/RUN-20260929-4-5ff9db9-linux-x64,S1,blake3,cold,V2-W2,1,4,3,1073741824,1,2.3522656,0.634136,2264736,87150592,True,
linux-x64,CORE-VERIFY-001/RUN-20260929-4-5ff9db9-linux-x64,S1,blake3,cold,V2-W4,1,4,4,1073741824,1,2.342406,0.781333,6459320,108589056,True,
linux-x64,CORE-VERIFY-001/RUN-20260929-4-5ff9db9-linux-x64,S1,blake3,cold,V0,1,5,0,1073741824,1,2.3531818,1.860414,187560,64450560,True,
linux-x64,CORE-VERIFY-001/RUN-20260929-4-5ff9db9-linux-x64,S1,blake3,cold,V1,1,5,1,1073741824,1,3.3152841,0.478024,2310656,78053376,True,
linux-x64,CORE-VERIFY-001/RUN-20260929-4-5ff9db9-linux-x64,S1,blake3,cold,V2-W2,1,5,2,1073741824,1,2.9346653,0.659213,2264632,78671872,True,
linux-x64,CORE-VERIFY-001/RUN-20260929-4-5ff9db9-linux-x64,S1,blake3,cold,V2-W4,1,5,3,1073741824,1,3.7157384,0.76684,2264864,104120320,True,
linux-x64,CORE-VERIFY-001/RUN-20260929-4-5ff9db9-linux-x64,S1,blake3,cold,V2-W8,1,5,4,1073741824,1,3.2495247,0.798983,2265992,129277952,True,
linux-x64,CORE-VERIFY-001/RUN-20260929-4-5ff9db9-linux-x64,S1,blake3,cold,V1,1,6,0,1073741824,1,2.949019,0.466884,2310544,73859072,True,
linux-x64,CORE-VERIFY-001/RUN-20260929-4-5ff9db9-linux-x64,S1,blake3,cold,V2-W2,1,6,1,1073741824,1,4.6434851,0.6483,2264136,87519232,True,
linux-x64,CORE-VERIFY-001/RUN-20260929-4-5ff9db9-linux-x64,S1,blake3,cold,V2-W4,1,6,2,1073741824,1,2.3430676,0.767478,2264760,108359680,True,
linux-x64,CORE-VERIFY-001/RUN-20260929-4-5ff9db9-linux-x64,S1,blake3,cold,V2-W8,1,6,3,1073741824,1,2.7434125,0.799577,2267944,138002432,True,
linux-x64,CORE-VERIFY-001/RUN-20260929-4-5ff9db9-linux-x64,S1,blake3,cold,V0,1,6,4,1073741824,1,4.1514165,1.866413,187560,64151552,True,
linux-x64,CORE-VERIFY-001/RUN-20260929-4-5ff9db9-linux-x64,S1,blake3,cold,V2-W2,1,7,0,1073741824,1,2.3614755,0.760155,6458288,87289856,True,
linux-x64,CORE-VERIFY-001/RUN-20260929-4-5ff9db9-linux-x64,S1,blake3,cold,V2-W4,1,7,1,1073741824,1,2.3625541,0.824022,6458576,104235008,True,
linux-x64,CORE-VERIFY-001/RUN-20260929-4-5ff9db9-linux-x64,S1,blake3,cold,V2-W8,1,7,2,1073741824,1,2.4418912,0.824989,2266560,134287360,True,
linux-x64,CORE-VERIFY-001/RUN-20260929-4-5ff9db9-linux-x64,S1,blake3,cold,V0,1,7,3,1073741824,1,3.028394,1.827739,187376,64004096,True,
linux-x64,CORE-VERIFY-001/RUN-20260929-4-5ff9db9-linux-x64,S1,blake3,cold,V1,1,7,4,1073741824,1,3.416156,0.472165,2310504,77910016,True,
linux-x64,CORE-VERIFY-001/RUN-20260929-4-5ff9db9-linux-x64,S1,blake3,cold,V2-W4,1,8,0,1073741824,1,2.5731983,0.740654,2264552,108417024,True,
linux-x64,CORE-VERIFY-001/RUN-20260929-4-5ff9db9-linux-x64,S1,blake3,cold,V2-W8,1,8,1,1073741824,1,2.3529024,0.793607,2265952,129880064,True,
linux-x64,CORE-VERIFY-001/RUN-20260929-4-5ff9db9-linux-x64,S1,blake3,cold,V0,1,8,2,1073741824,1,2.3439176,1.826461,449728,63672320,True,
linux-x64,CORE-VERIFY-001/RUN-20260929-4-5ff9db9-linux-x64,S1,blake3,cold,V1,1,8,3,1073741824,1,2.608762,0.465873,2311912,78163968,True,
linux-x64,CORE-VERIFY-001/RUN-20260929-4-5ff9db9-linux-x64,S1,blake3,cold,V2-W2,1,8,4,1073741824,1,2.4621859,0.638774,2264480,82935808,True,
linux-x64,CORE-VERIFY-001/RUN-20260929-4-5ff9db9-linux-x64,S1,blake3,cold,V2-W8,1,9,0,1073741824,1,2.3526747,0.783471,2266472,133967872,True,
linux-x64,CORE-VERIFY-001/RUN-20260929-4-5ff9db9-linux-x64,S1,blake3,cold,V0,1,9,1,1073741824,1,2.513454,1.886292,186800,63418368,True,
linux-x64,CORE-VERIFY-001/RUN-20260929-4-5ff9db9-linux-x64,S1,blake3,cold,V1,1,9,2,1073741824,1,4.4152938,0.491989,2310472,77770752,True,
linux-x64,CORE-VERIFY-001/RUN-20260929-4-5ff9db9-linux-x64,S1,blake3,cold,V2-W2,1,9,3,1073741824,1,4.1404594,0.674188,2263928,83505152,True,
linux-x64,CORE-VERIFY-001/RUN-20260929-4-5ff9db9-linux-x64,S1,blake3,cold,V2-W4,1,9,4,1073741824,1,3.4238792,0.780074,6458960,112394240,True,
linux-x64,CORE-VERIFY-001/RUN-20260929-4-5ff9db9-linux-x64,S1,blake3,throttled,V0,1,0,0,1073741824,1,12.3060534,1.287789,2799632,68083712,True,
linux-x64,CORE-VERIFY-001/RUN-20260929-4-5ff9db9-linux-x64,S1,blake3,throttled,V1,1,0,1,1073741824,1,12.3390254,0.88481,7884504,81592320,True,
linux-x64,CORE-VERIFY-001/RUN-20260929-4-5ff9db9-linux-x64,S1,blake3,throttled,V2-W2,1,0,2,1073741824,1,6.1851053,0.87823,3539064,86110208,True,
linux-x64,CORE-VERIFY-001/RUN-20260929-4-5ff9db9-linux-x64,S1,blake3,throttled,V2-W4,1,0,3,1073741824,1,3.0980733,0.854496,3538816,106356736,True,
linux-x64,CORE-VERIFY-001/RUN-20260929-4-5ff9db9-linux-x64,S1,blake3,throttled,V2-W8,1,0,4,1073741824,1,1.5749587,0.835752,7730896,135639040,True,
linux-x64,CORE-VERIFY-001/RUN-20260929-4-5ff9db9-linux-x64,S1,blake3,throttled,V1,1,1,0,1073741824,1,12.3383979,0.876474,3715120,77414400,True,
linux-x64,CORE-VERIFY-001/RUN-20260929-4-5ff9db9-linux-x64,S1,blake3,throttled,V2-W2,1,1,1,1073741824,1,6.186358,0.895173,3563792,86339584,True,
linux-x64,CORE-VERIFY-001/RUN-20260929-4-5ff9db9-linux-x64,S1,blake3,throttled,V2-W4,1,1,2,1073741824,1,3.0986461,0.858273,3537360,106438656,True,
linux-x64,CORE-VERIFY-001/RUN-20260929-4-5ff9db9-linux-x64,S1,blake3,throttled,V2-W8,1,1,3,1073741824,1,1.5741795,0.838363,7729912,135163904,True,
linux-x64,CORE-VERIFY-001/RUN-20260929-4-5ff9db9-linux-x64,S1,blake3,throttled,V0,1,1,4,1073741824,1,12.3059009,1.289437,2799632,68202496,True,
linux-x64,CORE-VERIFY-001/RUN-20260929-4-5ff9db9-linux-x64,S1,blake3,throttled,V2-W2,1,2,0,1073741824,1,6.185675,0.848474,3541520,85872640,True,
linux-x64,CORE-VERIFY-001/RUN-20260929-4-5ff9db9-linux-x64,S1,blake3,throttled,V2-W4,1,2,1,1073741824,1,3.0982687,0.829696,7732144,114749440,True,
linux-x64,CORE-VERIFY-001/RUN-20260929-4-5ff9db9-linux-x64,S1,blake3,throttled,V2-W8,1,2,2,1073741824,1,1.5735585,0.847818,3535416,131751936,True,
linux-x64,CORE-VERIFY-001/RUN-20260929-4-5ff9db9-linux-x64,S1,blake3,throttled,V0,1,2,3,1073741824,1,12.3068268,1.229658,2799632,68091904,True,
linux-x64,CORE-VERIFY-001/RUN-20260929-4-5ff9db9-linux-x64,S1,blake3,throttled,V1,1,2,4,1073741824,1,12.3386305,0.822819,3714952,81530880,True,
linux-x64,CORE-VERIFY-001/RUN-20260929-4-5ff9db9-linux-x64,S1,blake3,throttled,V2-W4,1,3,0,1073741824,1,3.0987131,0.842611,3537944,106643456,True,
linux-x64,CORE-VERIFY-001/RUN-20260929-4-5ff9db9-linux-x64,S1,blake3,throttled,V2-W8,1,3,1,1073741824,1,1.5750222,0.824105,3539376,133914624,True,
linux-x64,CORE-VERIFY-001/RUN-20260929-4-5ff9db9-linux-x64,S1,blake3,throttled,V0,1,3,2,1073741824,1,12.3067061,1.284215,2799632,67588096,True,
linux-x64,CORE-VERIFY-001/RUN-20260929-4-5ff9db9-linux-x64,S1,blake3,throttled,V1,1,3,3,1073741824,1,12.3390308,0.845827,3690176,77348864,True,
linux-x64,CORE-VERIFY-001/RUN-20260929-4-5ff9db9-linux-x64,S1,blake3,throttled,V2-W2,1,3,4,1073741824,1,6.1855453,0.880934,3539248,86102016,True,
linux-x64,CORE-VERIFY-001/RUN-20260929-4-5ff9db9-linux-x64,S1,blake3,throttled,V2-W8,1,4,0,1073741824,1,1.5744995,0.837655,3535608,136192000,True,
linux-x64,CORE-VERIFY-001/RUN-20260929-4-5ff9db9-linux-x64,S1,blake3,throttled,V0,1,4,1,1073741824,1,12.3059094,1.318993,2800688,67395584,True,
linux-x64,CORE-VERIFY-001/RUN-20260929-4-5ff9db9-linux-x64,S1,blake3,throttled,V1,1,4,2,1073741824,1,12.339151,0.846908,3690328,84787200,True,
linux-x64,CORE-VERIFY-001/RUN-20260929-4-5ff9db9-linux-x64,S1,blake3,throttled,V2-W2,1,4,3,1073741824,1,6.1857489,0.88272,3539232,85356544,True,
linux-x64,CORE-VERIFY-001/RUN-20260929-4-5ff9db9-linux-x64,S1,blake3,throttled,V2-W4,1,4,4,1073741824,1,3.097519,0.843749,3537608,106274816,True,
linux-x64,CORE-VERIFY-001/RUN-20260929-4-5ff9db9-linux-x64,S1,blake3,throttled,V0,1,5,0,1073741824,1,12.306354,1.265341,2824256,67084288,True,
linux-x64,CORE-VERIFY-001/RUN-20260929-4-5ff9db9-linux-x64,S1,blake3,throttled,V1,1,5,1,1073741824,1,12.3389817,0.828217,3690344,81403904,True,
linux-x64,CORE-VERIFY-001/RUN-20260929-4-5ff9db9-linux-x64,S1,blake3,throttled,V2-W2,1,5,2,1073741824,1,6.1848452,0.848925,3539168,85995520,True,
linux-x64,CORE-VERIFY-001/RUN-20260929-4-5ff9db9-linux-x64,S1,blake3,throttled,V2-W4,1,5,3,1073741824,1,3.0987001,0.836647,7733392,110653440,True,
linux-x64,CORE-VERIFY-001/RUN-20260929-4-5ff9db9-linux-x64,S1,blake3,throttled,V2-W8,1,5,4,1073741824,1,1.5727317,0.830265,3536192,131715072,True,
linux-x64,CORE-VERIFY-001/RUN-20260929-4-5ff9db9-linux-x64,S1,blake3,throttled,V1,1,6,0,1073741824,1,12.338621,0.862948,3691088,81272832,True,
linux-x64,CORE-VERIFY-001/RUN-20260929-4-5ff9db9-linux-x64,S1,blake3,throttled,V2-W2,1,6,1,1073741824,1,6.1855292,0.877202,3566040,86118400,True,
linux-x64,CORE-VERIFY-001/RUN-20260929-4-5ff9db9-linux-x64,S1,blake3,throttled,V2-W4,1,6,2,1073741824,1,3.0982773,0.878947,3541272,114823168,True,
linux-x64,CORE-VERIFY-001/RUN-20260929-4-5ff9db9-linux-x64,S1,blake3,throttled,V2-W8,1,6,3,1073741824,1,1.573835,0.846199,3534784,135045120,True,
linux-x64,CORE-VERIFY-001/RUN-20260929-4-5ff9db9-linux-x64,S1,blake3,throttled,V0,1,6,4,1073741824,1,12.3065741,1.27511,2799632,68120576,True,
linux-x64,CORE-VERIFY-001/RUN-20260929-4-5ff9db9-linux-x64,S1,blake3,throttled,V2-W2,1,7,0,1073741824,1,6.1855139,0.883407,3539168,86196224,True,
linux-x64,CORE-VERIFY-001/RUN-20260929-4-5ff9db9-linux-x64,S1,blake3,throttled,V2-W4,1,7,1,1073741824,1,3.0991976,0.85335,7734704,115150848,True,
linux-x64,CORE-VERIFY-001/RUN-20260929-4-5ff9db9-linux-x64,S1,blake3,throttled,V2-W8,1,7,2,1073741824,1,1.5742817,0.838425,3536488,131747840,True,
linux-x64,CORE-VERIFY-001/RUN-20260929-4-5ff9db9-linux-x64,S1,blake3,throttled,V0,1,7,3,1073741824,1,12.3061713,1.254808,2799632,68673536,True,
linux-x64,CORE-VERIFY-001/RUN-20260929-4-5ff9db9-linux-x64,S1,blake3,throttled,V1,1,7,4,1073741824,1,12.3393711,0.830876,7884992,81833984,True,
linux-x64,CORE-VERIFY-001/RUN-20260929-4-5ff9db9-linux-x64,S1,blake3,throttled,V2-W4,1,8,0,1073741824,1,3.0980142,0.854514,3538232,110796800,True,
linux-x64,CORE-VERIFY-001/RUN-20260929-4-5ff9db9-linux-x64,S1,blake3,throttled,V2-W8,1,8,1,1073741824,1,1.5737289,0.836367,3536208,135110656,True,
linux-x64,CORE-VERIFY-001/RUN-20260929-4-5ff9db9-linux-x64,S1,blake3,throttled,V0,1,8,2,1073741824,1,12.3066269,1.276568,2824256,67448832,True,
linux-x64,CORE-VERIFY-001/RUN-20260929-4-5ff9db9-linux-x64,S1,blake3,throttled,V1,1,8,3,1073741824,1,12.3390171,0.867597,7884656,85876736,True,
linux-x64,CORE-VERIFY-001/RUN-20260929-4-5ff9db9-linux-x64,S1,blake3,throttled,V2-W2,1,8,4,1073741824,1,6.1854866,0.868012,3539168,86302720,True,
linux-x64,CORE-VERIFY-001/RUN-20260929-4-5ff9db9-linux-x64,S1,blake3,throttled,V2-W8,1,9,0,1073741824,1,1.5735847,0.843641,3536696,132243456,True,
linux-x64,CORE-VERIFY-001/RUN-20260929-4-5ff9db9-linux-x64,S1,blake3,throttled,V0,1,9,1,1073741824,1,12.3058469,1.305166,2799632,68661248,True,
linux-x64,CORE-VERIFY-001/RUN-20260929-4-5ff9db9-linux-x64,S1,blake3,throttled,V1,1,9,2,1073741824,1,12.3394935,0.853231,3690496,81784832,True,
linux-x64,CORE-VERIFY-001/RUN-20260929-4-5ff9db9-linux-x64,S1,blake3,throttled,V2-W2,1,9,3,1073741824,1,6.1857633,0.859705,3539064,86020096,True,
linux-x64,CORE-VERIFY-001/RUN-20260929-4-5ff9db9-linux-x64,S1,blake3,throttled,V2-W4,1,9,4,1073741824,1,3.0980786,0.845503,3537880,110571520,True,
linux-x64,CORE-VERIFY-001/RUN-20260929-4-5ff9db9-linux-x64,S1,sha256,warm,V0,1,0,0,1073741824,1,1.1686914,2.140782,187760,65867776,True,
linux-x64,CORE-VERIFY-001/RUN-20260929-4-5ff9db9-linux-x64,S1,sha256,warm,V1,1,0,1,1073741824,1,0.6862078,0.721166,2310752,76025856,True,
linux-x64,CORE-VERIFY-001/RUN-20260929-4-5ff9db9-linux-x64,S1,sha256,warm,V1,1,1,0,1073741824,1,0.6838222,0.719136,2310600,80093184,True,
linux-x64,CORE-VERIFY-001/RUN-20260929-4-5ff9db9-linux-x64,S1,sha256,warm,V0,1,1,1,1073741824,1,1.1692816,2.136916,187760,65720320,True,
linux-x64,CORE-VERIFY-001/RUN-20260929-4-5ff9db9-linux-x64,S1,sha256,warm,V0,1,2,0,1073741824,1,1.1280201,2.065818,187944,65613824,True,
linux-x64,CORE-VERIFY-001/RUN-20260929-4-5ff9db9-linux-x64,S1,sha256,warm,V1,1,2,1,1073741824,1,0.6930186,0.727272,2311240,80072704,True,
linux-x64,CORE-VERIFY-001/RUN-20260929-4-5ff9db9-linux-x64,S1,sha256,warm,V1,1,3,0,1073741824,1,0.6810517,0.712689,2310936,75075584,True,
linux-x64,CORE-VERIFY-001/RUN-20260929-4-5ff9db9-linux-x64,S1,sha256,warm,V0,1,3,1,1073741824,1,1.1363008,2.081488,187944,65642496,True,
linux-x64,CORE-VERIFY-001/RUN-20260929-4-5ff9db9-linux-x64,S1,sha256,warm,V0,1,4,0,1073741824,1,1.1927605,2.163986,188816,64417792,True,
linux-x64,CORE-VERIFY-001/RUN-20260929-4-5ff9db9-linux-x64,S1,sha256,warm,V1,1,4,1,1073741824,1,0.6814701,0.715439,2311392,75894784,True,
linux-x64,CORE-VERIFY-001/RUN-20260929-4-5ff9db9-linux-x64,S1,sha256,warm,V1,1,5,0,1073741824,1,0.6809909,0.713409,2335376,80146432,True,
linux-x64,CORE-VERIFY-001/RUN-20260929-4-5ff9db9-linux-x64,S1,sha256,warm,V0,1,5,1,1073741824,1,1.1781117,2.163294,188128,64843776,True,
linux-x64,CORE-VERIFY-001/RUN-20260929-4-5ff9db9-linux-x64,S1,sha256,warm,V0,1,6,0,1073741824,1,1.1208182,2.04994,187760,65949696,True,
linux-x64,CORE-VERIFY-001/RUN-20260929-4-5ff9db9-linux-x64,S1,sha256,warm,V1,1,6,1,1073741824,1,0.6850867,0.72078,2311240,79974400,True,
linux-x64,CORE-VERIFY-001/RUN-20260929-4-5ff9db9-linux-x64,S1,sha256,warm,V1,1,7,0,1073741824,1,0.6857394,0.721399,2310752,80003072,True,
linux-x64,CORE-VERIFY-001/RUN-20260929-4-5ff9db9-linux-x64,S1,sha256,warm,V0,1,7,1,1073741824,1,1.1315621,2.082738,187576,65531904,True,
linux-x64,CORE-VERIFY-001/RUN-20260929-4-5ff9db9-linux-x64,S1,sha256,warm,V0,1,8,0,1073741824,1,1.1256833,2.060554,187760,64442368,True,
linux-x64,CORE-VERIFY-001/RUN-20260929-4-5ff9db9-linux-x64,S1,sha256,warm,V1,1,8,1,1073741824,1,0.6804425,0.712399,2335408,75997184,True,
linux-x64,CORE-VERIFY-001/RUN-20260929-4-5ff9db9-linux-x64,S1,sha256,warm,V1,1,9,0,1073741824,1,0.6805324,0.714552,2310904,80011264,True,
linux-x64,CORE-VERIFY-001/RUN-20260929-4-5ff9db9-linux-x64,S1,sha256,warm,V0,1,9,1,1073741824,1,1.1895245,2.171857,187760,65642496,True,
linux-x64,CORE-VERIFY-001/RUN-20260929-4-5ff9db9-linux-x64,S10,blake3,warm,V0,1,0,0,10737418240,1,7.905426,15.731074,220616,68702208,True,
linux-x64,CORE-VERIFY-001/RUN-20260929-4-5ff9db9-linux-x64,S10,blake3,warm,V1,1,0,1,10737418240,1,3.2744754,3.544651,19985064,99946496,True,
linux-x64,CORE-VERIFY-001/RUN-20260929-4-5ff9db9-linux-x64,S10,blake3,warm,V2-W2,1,0,2,10737418240,1,1.6524172,3.791912,19497072,101134336,True,
linux-x64,CORE-VERIFY-001/RUN-20260929-4-5ff9db9-linux-x64,S10,blake3,warm,V2-W4,1,0,3,10737418240,1,1.2155406,4.758706,19336296,121245696,True,
linux-x64,CORE-VERIFY-001/RUN-20260929-4-5ff9db9-linux-x64,S10,blake3,warm,V2-W8,1,0,4,10737418240,1,1.2690494,4.987873,19326088,151109632,True,
linux-x64,CORE-VERIFY-001/RUN-20260929-4-5ff9db9-linux-x64,S10,blake3,warm,V1,1,1,0,10737418240,1,3.2131735,3.443341,24178600,100184064,True,
linux-x64,CORE-VERIFY-001/RUN-20260929-4-5ff9db9-linux-x64,S10,blake3,warm,V2-W2,1,1,1,10737418240,1,1.6641522,3.772785,23690208,105361408,True,
linux-x64,CORE-VERIFY-001/RUN-20260929-4-5ff9db9-linux-x64,S10,blake3,warm,V2-W4,1,1,2,10737418240,1,1.2177275,4.74281,19345656,125988864,True,
linux-x64,CORE-VERIFY-001/RUN-20260929-4-5ff9db9-linux-x64,S10,blake3,warm,V2-W8,1,1,3,10737418240,1,1.3028156,5.092232,19335168,149786624,True,
linux-x64,CORE-VERIFY-001/RUN-20260929-4-5ff9db9-linux-x64,S10,blake3,warm,V0,1,1,4,10737418240,1,7.9682668,15.857765,221200,67690496,True,
linux-x64,CORE-VERIFY-001/RUN-20260929-4-5ff9db9-linux-x64,S10,blake3,warm,V2-W2,1,2,0,10737418240,1,1.6509454,3.734802,19499848,96923648,True,
linux-x64,CORE-VERIFY-001/RUN-20260929-4-5ff9db9-linux-x64,S10,blake3,warm,V2-W4,1,2,1,10737418240,1,1.2371975,4.867285,19327096,116916224,True,
linux-x64,CORE-VERIFY-001/RUN-20260929-4-5ff9db9-linux-x64,S10,blake3,warm,V2-W8,1,2,2,10737418240,1,1.3331143,5.233028,19328128,146571264,True,
linux-x64,CORE-VERIFY-001/RUN-20260929-4-5ff9db9-linux-x64,S10,blake3,warm,V0,1,2,3,10737418240,1,7.321415,14.686228,221720,65265664,True,
linux-x64,CORE-VERIFY-001/RUN-20260929-4-5ff9db9-linux-x64,S10,blake3,warm,V1,1,2,4,10737418240,1,3.2767242,3.513307,19984312,91963392,True,
linux-x64,CORE-VERIFY-001/RUN-20260929-4-5ff9db9-linux-x64,S10,blake3,warm,V2-W4,1,3,0,10737418240,1,1.2472011,4.906719,19329648,121368576,True,
linux-x64,CORE-VERIFY-001/RUN-20260929-4-5ff9db9-linux-x64,S10,blake3,warm,V2-W8,1,3,1,10737418240,1,1.3410757,5.281619,23525944,151203840,True,
linux-x64,CORE-VERIFY-001/RUN-20260929-4-5ff9db9-linux-x64,S10,blake3,warm,V0,1,3,2,10737418240,1,7.9599995,15.857816,483376,66281472,True,
linux-x64,CORE-VERIFY-001/RUN-20260929-4-5ff9db9-linux-x64,S10,blake3,warm,V1,1,3,3,10737418240,1,3.2336913,3.470266,19984912,96149504,True,
linux-x64,CORE-VERIFY-001/RUN-20260929-4-5ff9db9-linux-x64,S10,blake3,warm,V2-W2,1,3,4,10737418240,1,1.6636415,3.778685,19494920,101179392,True,
linux-x64,CORE-VERIFY-001/RUN-20260929-4-5ff9db9-linux-x64,S10,blake3,warm,V2-W8,1,4,0,10737418240,1,1.3565651,5.339023,19323360,146939904,True,
linux-x64,CORE-VERIFY-001/RUN-20260929-4-5ff9db9-linux-x64,S10,blake3,warm,V0,1,4,1,10737418240,1,7.7127938,15.402127,220800,66592768,True,
linux-x64,CORE-VERIFY-001/RUN-20260929-4-5ff9db9-linux-x64,S10,blake3,warm,V1,1,4,2,10737418240,1,3.2391164,3.4751,19985520,96260096,True,
linux-x64,CORE-VERIFY-001/RUN-20260929-4-5ff9db9-linux-x64,S10,blake3,warm,V2-W2,1,4,3,10737418240,1,1.664487,3.767746,19497208,101068800,True,
linux-x64,CORE-VERIFY-001/RUN-20260929-4-5ff9db9-linux-x64,S10,blake3,warm,V2-W4,1,4,4,10737418240,1,1.2272902,4.828054,19337808,129933312,True,
linux-x64,CORE-VERIFY-001/RUN-20260929-4-5ff9db9-linux-x64,S10,blake3,cold,V0,1,0,0,10737418240,1,49.9488077,18.401156,220800,64102400,True,
linux-x64,CORE-VERIFY-001/RUN-20260929-4-5ff9db9-linux-x64,S10,blake3,cold,V1,1,0,1,10737418240,1,32.9322049,4.800492,19984728,89374720,True,
linux-x64,CORE-VERIFY-001/RUN-20260929-4-5ff9db9-linux-x64,S10,blake3,cold,V2-W2,1,0,2,10737418240,1,43.0767512,6.319674,19505992,93593600,True,
linux-x64,CORE-VERIFY-001/RUN-20260929-4-5ff9db9-linux-x64,S10,blake3,cold,V2-W4,1,0,3,10737418240,1,31.8514825,7.521478,19500464,118890496,True,
linux-x64,CORE-VERIFY-001/RUN-20260929-4-5ff9db9-linux-x64,S10,blake3,cold,V2-W8,1,0,4,10737418240,1,27.5831295,7.778663,19500264,148602880,True,
linux-x64,CORE-VERIFY-001/RUN-20260929-4-5ff9db9-linux-x64,S10,blake3,cold,V1,1,1,0,10737418240,1,32.2139835,4.600988,19983968,88674304,True,
linux-x64,CORE-VERIFY-001/RUN-20260929-4-5ff9db9-linux-x64,S10,blake3,cold,V2-W2,1,1,1,10737418240,1,29.3924218,6.430236,19503808,103043072,True,
linux-x64,CORE-VERIFY-001/RUN-20260929-4-5ff9db9-linux-x64,S10,blake3,cold,V2-W4,1,1,2,10737418240,1,31.5709394,7.677608,19503000,118734848,True,
linux-x64,CORE-VERIFY-001/RUN-20260929-4-5ff9db9-linux-x64,S10,blake3,cold,V2-W8,1,1,3,10737418240,1,29.1037566,7.870646,23694320,149041152,True,
linux-x64,CORE-VERIFY-001/RUN-20260929-4-5ff9db9-linux-x64,S10,blake3,cold,V0,1,1,4,10737418240,1,29.4253668,18.658996,484048,63684608,True,
linux-x64,CORE-VERIFY-001/RUN-20260929-4-5ff9db9-linux-x64,S10,blake3,cold,V2-W2,1,2,0,10737418240,1,34.8645199,6.665851,19505216,98557952,True,
linux-x64,CORE-VERIFY-001/RUN-20260929-4-5ff9db9-linux-x64,S10,blake3,cold,V2-W4,1,2,1,10737418240,1,28.321534,7.556645,19497544,119033856,True,
linux-x64,CORE-VERIFY-001/RUN-20260929-4-5ff9db9-linux-x64,S10,blake3,cold,V2-W8,1,2,2,10737418240,1,26.0977035,7.971081,19499720,144084992,True,
linux-x64,CORE-VERIFY-001/RUN-20260929-4-5ff9db9-linux-x64,S10,blake3,cold,V0,1,2,3,10737418240,1,37.4609987,17.930504,221168,63053824,True,
linux-x64,CORE-VERIFY-001/RUN-20260929-4-5ff9db9-linux-x64,S10,blake3,cold,V1,1,2,4,10737418240,1,45.5416949,4.744401,19986856,89047040,True,
linux-x64,CORE-VERIFY-001/RUN-20260929-4-5ff9db9-linux-x64,S10,blake3,cold,V2-W4,1,3,0,10737418240,1,34.1545137,7.636732,19501216,120004608,True,
linux-x64,CORE-VERIFY-001/RUN-20260929-4-5ff9db9-linux-x64,S10,blake3,cold,V2-W8,1,3,1,10737418240,1,29.7118527,7.684916,19499424,146354176,True,
linux-x64,CORE-VERIFY-001/RUN-20260929-4-5ff9db9-linux-x64,S10,blake3,cold,V0,1,3,2,10737418240,1,31.3747094,17.572502,245976,64413696,True,
linux-x64,CORE-VERIFY-001/RUN-20260929-4-5ff9db9-linux-x64,S10,blake3,cold,V1,1,3,3,10737418240,1,28.3268181,4.684846,19984792,88698880,True,
linux-x64,CORE-VERIFY-001/RUN-20260929-4-5ff9db9-linux-x64,S10,blake3,cold,V2-W2,1,3,4,10737418240,1,32.1120011,6.460075,19505576,98549760,True,
linux-x64,CORE-VERIFY-001/RUN-20260929-4-5ff9db9-linux-x64,S10,blake3,cold,V2-W8,1,4,0,10737418240,1,26.5385767,7.439089,19499848,144093184,True,
linux-x64,CORE-VERIFY-001/RUN-20260929-4-5ff9db9-linux-x64,S10,blake3,cold,V0,1,4,1,10737418240,1,31.7485056,18.571419,221024,63885312,True,
linux-x64,CORE-VERIFY-001/RUN-20260929-4-5ff9db9-linux-x64,S10,blake3,cold,V1,1,4,2,10737418240,1,31.1506929,4.430768,24178296,93028352,True,
linux-x64,CORE-VERIFY-001/RUN-20260929-4-5ff9db9-linux-x64,S10,blake3,cold,V2-W2,1,4,3,10737418240,1,36.3219738,6.131348,19504664,102928384,True,
linux-x64,CORE-VERIFY-001/RUN-20260929-4-5ff9db9-linux-x64,S10,blake3,cold,V2-W4,1,4,4,10737418240,1,41.1736842,7.162115,19501024,118829056,True,
win-x64,CORE-VERIFY-001/RUN-20260929-4-5ff9db9-win-x64,S1,blake3,warm,V0,1,0,0,1073741824,1,1.5744405,1.859375,190720,45514752,True,
win-x64,CORE-VERIFY-001/RUN-20260929-4-5ff9db9-win-x64,S1,blake3,warm,V1,1,0,1,1073741824,1,0.7891599,0.75,2308920,57462784,True,
win-x64,CORE-VERIFY-001/RUN-20260929-4-5ff9db9-win-x64,S1,blake3,warm,V2-W2,1,0,2,1073741824,1,0.447519,0.90625,2263320,65970176,True,
win-x64,CORE-VERIFY-001/RUN-20260929-4-5ff9db9-win-x64,S1,blake3,warm,V2-W4,1,0,3,1073741824,1,0.3232485,1.265625,2249056,81989632,True,
win-x64,CORE-VERIFY-001/RUN-20260929-4-5ff9db9-win-x64,S1,blake3,warm,V2-W8,1,0,4,1073741824,1,0.3383366,1.15625,2248912,115257344,True,
win-x64,CORE-VERIFY-001/RUN-20260929-4-5ff9db9-win-x64,S1,blake3,warm,V1,1,1,0,1073741824,1,0.8228994,0.84375,2309088,61456384,True,
win-x64,CORE-VERIFY-001/RUN-20260929-4-5ff9db9-win-x64,S1,blake3,warm,V2-W2,1,1,1,1073741824,1,0.4902372,0.921875,2263568,65806336,True,
win-x64,CORE-VERIFY-001/RUN-20260929-4-5ff9db9-win-x64,S1,blake3,warm,V2-W4,1,1,2,1073741824,1,0.3355154,1.234375,2249296,81809408,True,
win-x64,CORE-VERIFY-001/RUN-20260929-4-5ff9db9-win-x64,S1,blake3,warm,V2-W8,1,1,3,1073741824,1,0.3454898,1.3125,2248584,115273728,True,
win-x64,CORE-VERIFY-001/RUN-20260929-4-5ff9db9-win-x64,S1,blake3,warm,V0,1,1,4,1073741824,1,1.5199406,1.90625,186400,45285376,True,
win-x64,CORE-VERIFY-001/RUN-20260929-4-5ff9db9-win-x64,S1,blake3,warm,V2-W2,1,2,0,1073741824,1,0.4416949,0.890625,2263152,66015232,True,
win-x64,CORE-VERIFY-001/RUN-20260929-4-5ff9db9-win-x64,S1,blake3,warm,V2-W4,1,2,1,1073741824,1,0.3768266,1.390625,2253568,82358272,True,
win-x64,CORE-VERIFY-001/RUN-20260929-4-5ff9db9-win-x64,S1,blake3,warm,V2-W8,1,2,2,1073741824,1,0.3338519,1.265625,2252928,115429376,True,
win-x64,CORE-VERIFY-001/RUN-20260929-4-5ff9db9-win-x64,S1,blake3,warm,V0,1,2,3,1073741824,1,1.5346148,1.859375,188288,45047808,True,
win-x64,CORE-VERIFY-001/RUN-20260929-4-5ff9db9-win-x64,S1,blake3,warm,V1,1,2,4,1073741824,1,0.8611766,0.890625,6504360,65441792,True,
win-x64,CORE-VERIFY-001/RUN-20260929-4-5ff9db9-win-x64,S1,blake3,warm,V2-W4,1,3,0,1073741824,1,0.3436936,1.203125,2248648,77217792,True,
win-x64,CORE-VERIFY-001/RUN-20260929-4-5ff9db9-win-x64,S1,blake3,warm,V2-W8,1,3,1,1073741824,1,0.3385627,1.25,2251640,123940864,True,
win-x64,CORE-VERIFY-001/RUN-20260929-4-5ff9db9-win-x64,S1,blake3,warm,V0,1,3,2,1073741824,1,1.53082,1.78125,187344,45912064,True,
win-x64,CORE-VERIFY-001/RUN-20260929-4-5ff9db9-win-x64,S1,blake3,warm,V1,1,3,3,1073741824,1,0.8130029,0.8125,2309392,57237504,True,
win-x64,CORE-VERIFY-001/RUN-20260929-4-5ff9db9-win-x64,S1,blake3,warm,V2-W2,1,3,4,1073741824,1,0.4753729,0.96875,2263840,65945600,True,
win-x64,CORE-VERIFY-001/RUN-20260929-4-5ff9db9-win-x64,S1,blake3,warm,V2-W8,1,4,0,1073741824,1,0.3293628,1.21875,2253616,111173632,True,
win-x64,CORE-VERIFY-001/RUN-20260929-4-5ff9db9-win-x64,S1,blake3,warm,V0,1,4,1,1073741824,1,1.518649,1.765625,187744,45088768,True,
win-x64,CORE-VERIFY-001/RUN-20260929-4-5ff9db9-win-x64,S1,blake3,warm,V1,1,4,2,1073741824,1,0.8179082,0.8125,6503416,65785856,True,
win-x64,CORE-VERIFY-001/RUN-20260929-4-5ff9db9-win-x64,S1,blake3,warm,V2-W2,1,4,3,1073741824,1,0.4662101,0.953125,2263672,65871872,True,
win-x64,CORE-VERIFY-001/RUN-20260929-4-5ff9db9-win-x64,S1,blake3,warm,V2-W4,1,4,4,1073741824,1,0.3309348,1.1875,2250088,77627392,True,
win-x64,CORE-VERIFY-001/RUN-20260929-4-5ff9db9-win-x64,S1,blake3,warm,V0,1,5,0,1073741824,1,1.4730014,1.78125,187376,46403584,True,
win-x64,CORE-VERIFY-001/RUN-20260929-4-5ff9db9-win-x64,S1,blake3,warm,V1,1,5,1,1073741824,1,0.8331498,0.828125,2309240,61464576,True,
win-x64,CORE-VERIFY-001/RUN-20260929-4-5ff9db9-win-x64,S1,blake3,warm,V2-W2,1,5,2,1073741824,1,0.4647307,0.96875,2263840,74461184,True,
win-x64,CORE-VERIFY-001/RUN-20260929-4-5ff9db9-win-x64,S1,blake3,warm,V2-W4,1,5,3,1073741824,1,0.3459926,1.28125,2248864,81707008,True,
win-x64,CORE-VERIFY-001/RUN-20260929-4-5ff9db9-win-x64,S1,blake3,warm,V2-W8,1,5,4,1073741824,1,0.354454,1.296875,2252432,115449856,True,
win-x64,CORE-VERIFY-001/RUN-20260929-4-5ff9db9-win-x64,S1,blake3,warm,V1,1,6,0,1073741824,1,0.7940489,0.8125,2309088,61329408,True,
win-x64,CORE-VERIFY-001/RUN-20260929-4-5ff9db9-win-x64,S1,blake3,warm,V2-W2,1,6,1,1073741824,1,0.4471902,0.859375,2263488,70041600,True,
win-x64,CORE-VERIFY-001/RUN-20260929-4-5ff9db9-win-x64,S1,blake3,warm,V2-W4,1,6,2,1073741824,1,0.3318333,1.234375,2250840,77680640,True,
win-x64,CORE-VERIFY-001/RUN-20260929-4-5ff9db9-win-x64,S1,blake3,warm,V2-W8,1,6,3,1073741824,1,0.3327921,1.296875,2253200,115589120,True,
win-x64,CORE-VERIFY-001/RUN-20260929-4-5ff9db9-win-x64,S1,blake3,warm,V0,1,6,4,1073741824,1,1.4509857,1.71875,187360,45527040,True,
win-x64,CORE-VERIFY-001/RUN-20260929-4-5ff9db9-win-x64,S1,blake3,warm,V2-W2,1,7,0,1073741824,1,0.4557485,0.953125,2263568,65957888,True,
win-x64,CORE-VERIFY-001/RUN-20260929-4-5ff9db9-win-x64,S1,blake3,warm,V2-W4,1,7,1,1073741824,1,0.3350618,1.15625,2248576,81526784,True,
win-x64,CORE-VERIFY-001/RUN-20260929-4-5ff9db9-win-x64,S1,blake3,warm,V2-W8,1,7,2,1073741824,1,0.3526405,1.34375,2250184,119504896,True,
win-x64,CORE-VERIFY-001/RUN-20260929-4-5ff9db9-win-x64,S1,blake3,warm,V0,1,7,3,1073741824,1,1.5458743,1.9375,187376,45047808,True,
win-x64,CORE-VERIFY-001/RUN-20260929-4-5ff9db9-win-x64,S1,blake3,warm,V1,1,7,4,1073741824,1,1.0358812,1.046875,2308936,61169664,True,
win-x64,CORE-VERIFY-001/RUN-20260929-4-5ff9db9-win-x64,S1,blake3,warm,V2-W4,1,8,0,1073741824,1,0.3241166,1.234375,2248960,81338368,True,
win-x64,CORE-VERIFY-001/RUN-20260929-4-5ff9db9-win-x64,S1,blake3,warm,V2-W8,1,8,1,1073741824,1,0.3420954,1.25,2249680,111349760,True,
win-x64,CORE-VERIFY-001/RUN-20260929-4-5ff9db9-win-x64,S1,blake3,warm,V0,1,8,2,1073741824,1,1.5155247,1.8125,187392,45056000,True,
win-x64,CORE-VERIFY-001/RUN-20260929-4-5ff9db9-win-x64,S1,blake3,warm,V1,1,8,3,1073741824,1,0.8282575,0.84375,2309392,57339904,True,
win-x64,CORE-VERIFY-001/RUN-20260929-4-5ff9db9-win-x64,S1,blake3,warm,V2-W2,1,8,4,1073741824,1,0.4797102,0.984375,6457896,66007040,True,
win-x64,CORE-VERIFY-001/RUN-20260929-4-5ff9db9-win-x64,S1,blake3,warm,V2-W8,1,9,0,1073741824,1,0.3416459,1.25,6445096,119455744,True,
win-x64,CORE-VERIFY-001/RUN-20260929-4-5ff9db9-win-x64,S1,blake3,warm,V0,1,9,1,1073741824,1,1.5146174,1.921875,187512,46309376,True,
win-x64,CORE-VERIFY-001/RUN-20260929-4-5ff9db9-win-x64,S1,blake3,warm,V1,1,9,2,1073741824,1,0.8194621,0.859375,2310096,61382656,True,
win-x64,CORE-VERIFY-001/RUN-20260929-4-5ff9db9-win-x64,S1,blake3,warm,V2-W2,1,9,3,1073741824,1,0.4393773,0.890625,6457896,70094848,True,
win-x64,CORE-VERIFY-001/RUN-20260929-4-5ff9db9-win-x64,S1,blake3,warm,V2-W4,1,9,4,1073741824,1,0.3536295,1.171875,2250152,85901312,True,
win-x64,CORE-VERIFY-001/RUN-20260929-4-5ff9db9-win-x64,S1,blake3,throttled,V0,1,0,0,1073741824,1,12.3076875,1.859375,2775352,45576192,True,
win-x64,CORE-VERIFY-001/RUN-20260929-4-5ff9db9-win-x64,S1,blake3,throttled,V1,1,0,1,1073741824,1,12.3490683,1.140625,3687424,55365632,True,
win-x64,CORE-VERIFY-001/RUN-20260929-4-5ff9db9-win-x64,S1,blake3,throttled,V2-W2,1,0,2,1073741824,1,6.2082852,1.203125,3519384,70119424,True,
win-x64,CORE-VERIFY-001/RUN-20260929-4-5ff9db9-win-x64,S1,blake3,throttled,V2-W4,1,0,3,1073741824,1,3.1062459,1.25,7728064,87552000,True,
win-x64,CORE-VERIFY-001/RUN-20260929-4-5ff9db9-win-x64,S1,blake3,throttled,V2-W8,1,0,4,1073741824,1,1.6187439,1.421875,3492512,112939008,True,
win-x64,CORE-VERIFY-001/RUN-20260929-4-5ff9db9-win-x64,S1,blake3,throttled,V1,1,1,0,1073741824,1,12.3541375,1.140625,3661336,55410688,True,
win-x64,CORE-VERIFY-001/RUN-20260929-4-5ff9db9-win-x64,S1,blake3,throttled,V2-W2,1,1,1,1073741824,1,6.2019427,1.03125,3506272,65376256,True,
win-x64,CORE-VERIFY-001/RUN-20260929-4-5ff9db9-win-x64,S1,blake3,throttled,V2-W4,1,1,2,1073741824,1,3.1130542,1.265625,7703240,83050496,True,
win-x64,CORE-VERIFY-001/RUN-20260929-4-5ff9db9-win-x64,S1,blake3,throttled,V2-W8,1,1,3,1073741824,1,1.5898782,1.53125,3504840,112594944,True,
win-x64,CORE-VERIFY-001/RUN-20260929-4-5ff9db9-win-x64,S1,blake3,throttled,V0,1,1,4,1073741824,1,12.3172403,1.90625,3039832,46051328,True,
win-x64,CORE-VERIFY-001/RUN-20260929-4-5ff9db9-win-x64,S1,blake3,throttled,V2-W2,1,2,0,1073741824,1,6.2055217,1.28125,3503248,66154496,True,
win-x64,CORE-VERIFY-001/RUN-20260929-4-5ff9db9-win-x64,S1,blake3,throttled,V2-W4,1,2,1,1073741824,1,3.1277482,1.59375,3504984,87285760,True,
win-x64,CORE-VERIFY-001/RUN-20260929-4-5ff9db9-win-x64,S1,blake3,throttled,V2-W8,1,2,2,1073741824,1,1.6017845,1.65625,3497432,116826112,True,
win-x64,CORE-VERIFY-001/RUN-20260929-4-5ff9db9-win-x64,S1,blake3,throttled,V0,1,2,3,1073741824,1,12.3091339,1.9375,2777536,45727744,True,
win-x64,CORE-VERIFY-001/RUN-20260929-4-5ff9db9-win-x64,S1,blake3,throttled,V1,1,2,4,1073741824,1,12.3548582,1.15625,3659872,55455744,True,
win-x64,CORE-VERIFY-001/RUN-20260929-4-5ff9db9-win-x64,S1,blake3,throttled,V2-W4,1,3,0,1073741824,1,3.1183294,1.21875,3507832,83075072,True,
win-x64,CORE-VERIFY-001/RUN-20260929-4-5ff9db9-win-x64,S1,blake3,throttled,V2-W8,1,3,1,1073741824,1,1.5950819,1.546875,3503760,116834304,True,
win-x64,CORE-VERIFY-001/RUN-20260929-4-5ff9db9-win-x64,S1,blake3,throttled,V0,1,3,2,1073741824,1,12.3203368,1.96875,2776024,45953024,True,
win-x64,CORE-VERIFY-001/RUN-20260929-4-5ff9db9-win-x64,S1,blake3,throttled,V1,1,3,3,1073741824,1,12.3482531,1.328125,3660280,59944960,True,
win-x64,CORE-VERIFY-001/RUN-20260929-4-5ff9db9-win-x64,S1,blake3,throttled,V2-W2,1,3,4,1073741824,1,6.1925575,1.34375,3511216,69459968,True,
win-x64,CORE-VERIFY-001/RUN-20260929-4-5ff9db9-win-x64,S1,blake3,throttled,V2-W8,1,4,0,1073741824,1,1.6133036,1.5,3500784,116838400,True,
win-x64,CORE-VERIFY-001/RUN-20260929-4-5ff9db9-win-x64,S1,blake3,throttled,V0,1,4,1,1073741824,1,12.3314467,2.0625,2779888,45543424,True,
win-x64,CORE-VERIFY-001/RUN-20260929-4-5ff9db9-win-x64,S1,blake3,throttled,V1,1,4,2,1073741824,1,12.3423987,1.234375,3695496,59596800,True,
win-x64,CORE-VERIFY-001/RUN-20260929-4-5ff9db9-win-x64,S1,blake3,throttled,V2-W2,1,4,3,1073741824,1,6.1911315,1.265625,3509192,70385664,True,
win-x64,CORE-VERIFY-001/RUN-20260929-4-5ff9db9-win-x64,S1,blake3,throttled,V2-W4,1,4,4,1073741824,1,3.111659,1.359375,3509848,78917632,True,
win-x64,CORE-VERIFY-001/RUN-20260929-4-5ff9db9-win-x64,S1,blake3,throttled,V0,1,5,0,1073741824,1,12.4411956,1.90625,2777200,46211072,True,
win-x64,CORE-VERIFY-001/RUN-20260929-4-5ff9db9-win-x64,S1,blake3,throttled,V1,1,5,1,1073741824,1,12.3477616,1.234375,3662176,59887616,True,
win-x64,CORE-VERIFY-001/RUN-20260929-4-5ff9db9-win-x64,S1,blake3,throttled,V2-W2,1,5,2,1073741824,1,6.2074913,1.078125,3508488,65978368,True,
win-x64,CORE-VERIFY-001/RUN-20260929-4-5ff9db9-win-x64,S1,blake3,throttled,V2-W4,1,5,3,1073741824,1,3.1077617,1.3125,3513776,78835712,True,
win-x64,CORE-VERIFY-001/RUN-20260929-4-5ff9db9-win-x64,S1,blake3,throttled,V2-W8,1,5,4,1073741824,1,1.6068109,1.46875,3497024,116764672,True,
win-x64,CORE-VERIFY-001/RUN-20260929-4-5ff9db9-win-x64,S1,blake3,throttled,V1,1,6,0,1073741824,1,12.3454043,1.03125,3660680,59908096,True,
win-x64,CORE-VERIFY-001/RUN-20260929-4-5ff9db9-win-x64,S1,blake3,throttled,V2-W2,1,6,1,1073741824,1,6.1924775,1.109375,3516256,70283264,True,
win-x64,CORE-VERIFY-001/RUN-20260929-4-5ff9db9-win-x64,S1,blake3,throttled,V2-W4,1,6,2,1073741824,1,3.1056176,1.6875,3512472,82878464,True,
win-x64,CORE-VERIFY-001/RUN-20260929-4-5ff9db9-win-x64,S1,blake3,throttled,V2-W8,1,6,3,1073741824,1,1.5797535,1.359375,3487536,112848896,True,
win-x64,CORE-VERIFY-001/RUN-20260929-4-5ff9db9-win-x64,S1,blake3,throttled,V0,1,6,4,1073741824,1,12.3111613,1.984375,3038592,45838336,True,
win-x64,CORE-VERIFY-001/RUN-20260929-4-5ff9db9-win-x64,S1,blake3,throttled,V2-W2,1,7,0,1073741824,1,6.1878772,1.078125,7698552,65859584,True,
win-x64,CORE-VERIFY-001/RUN-20260929-4-5ff9db9-win-x64,S1,blake3,throttled,V2-W4,1,7,1,1073741824,1,3.1095042,1.375,3505080,87314432,True,
win-x64,CORE-VERIFY-001/RUN-20260929-4-5ff9db9-win-x64,S1,blake3,throttled,V2-W8,1,7,2,1073741824,1,1.592989,1.078125,3493144,116641792,True,
win-x64,CORE-VERIFY-001/RUN-20260929-4-5ff9db9-win-x64,S1,blake3,throttled,V0,1,7,3,1073741824,1,12.3205029,1.625,2801320,45858816,True,
win-x64,CORE-VERIFY-001/RUN-20260929-4-5ff9db9-win-x64,S1,blake3,throttled,V1,1,7,4,1073741824,1,12.3500836,1.078125,3662696,55439360,True,
win-x64,CORE-VERIFY-001/RUN-20260929-4-5ff9db9-win-x64,S1,blake3,throttled,V2-W4,1,8,0,1073741824,1,3.1179509,1.296875,7720896,83095552,True,
win-x64,CORE-VERIFY-001/RUN-20260929-4-5ff9db9-win-x64,S1,blake3,throttled,V2-W8,1,8,1,1073741824,1,1.5916762,1.359375,3488696,116715520,True,
win-x64,CORE-VERIFY-001/RUN-20260929-4-5ff9db9-win-x64,S1,blake3,throttled,V0,1,8,2,1073741824,1,12.3089222,1.6875,2776560,45436928,True,
win-x64,CORE-VERIFY-001/RUN-20260929-4-5ff9db9-win-x64,S1,blake3,throttled,V1,1,8,3,1073741824,1,12.3480042,1.078125,3661520,59850752,True,
win-x64,CORE-VERIFY-001/RUN-20260929-4-5ff9db9-win-x64,S1,blake3,throttled,V2-W2,1,8,4,1073741824,1,6.2034814,1,3505544,65945600,True,
win-x64,CORE-VERIFY-001/RUN-20260929-4-5ff9db9-win-x64,S1,blake3,throttled,V2-W8,1,9,0,1073741824,1,1.5985858,1.453125,3515352,116936704,True,
win-x64,CORE-VERIFY-001/RUN-20260929-4-5ff9db9-win-x64,S1,blake3,throttled,V0,1,9,1,1073741824,1,12.3662186,2.390625,2776728,45711360,True,
win-x64,CORE-VERIFY-001/RUN-20260929-4-5ff9db9-win-x64,S1,blake3,throttled,V1,1,9,2,1073741824,1,12.3525112,1.328125,3661368,55435264,True,
win-x64,CORE-VERIFY-001/RUN-20260929-4-5ff9db9-win-x64,S1,blake3,throttled,V2-W2,1,9,3,1073741824,1,6.194329,1.234375,3532168,61755392,True,
win-x64,CORE-VERIFY-001/RUN-20260929-4-5ff9db9-win-x64,S1,blake3,throttled,V2-W4,1,9,4,1073741824,1,3.1129692,1.1875,3507352,82915328,True,
win-x64,CORE-VERIFY-001/RUN-20260929-4-5ff9db9-win-x64,S1,sha256,warm,V0,1,0,0,1073741824,1,1.5835012,2.046875,187912,45408256,True,
win-x64,CORE-VERIFY-001/RUN-20260929-4-5ff9db9-win-x64,S1,sha256,warm,V1,1,0,1,1073741824,1,0.8375106,0.875,2311368,59781120,True,
win-x64,CORE-VERIFY-001/RUN-20260929-4-5ff9db9-win-x64,S1,sha256,warm,V1,1,1,0,1073741824,1,0.840323,0.859375,2309368,55451648,True,
win-x64,CORE-VERIFY-001/RUN-20260929-4-5ff9db9-win-x64,S1,sha256,warm,V0,1,1,1,1073741824,1,1.5809444,1.84375,187560,44974080,True,
win-x64,CORE-VERIFY-001/RUN-20260929-4-5ff9db9-win-x64,S1,sha256,warm,V0,1,2,0,1073741824,1,1.8264277,2,188128,45449216,True,
win-x64,CORE-VERIFY-001/RUN-20260929-4-5ff9db9-win-x64,S1,sha256,warm,V1,1,2,1,1073741824,1,0.8370215,0.859375,2310344,59609088,True,
win-x64,CORE-VERIFY-001/RUN-20260929-4-5ff9db9-win-x64,S1,sha256,warm,V1,1,3,0,1073741824,1,0.8534242,0.859375,2309520,59170816,True,
win-x64,CORE-VERIFY-001/RUN-20260929-4-5ff9db9-win-x64,S1,sha256,warm,V0,1,3,1,1073741824,1,1.5185266,1.828125,188128,45473792,True,
win-x64,CORE-VERIFY-001/RUN-20260929-4-5ff9db9-win-x64,S1,sha256,warm,V0,1,4,0,1073741824,1,1.6028464,1.9375,187728,45412352,True,
win-x64,CORE-VERIFY-001/RUN-20260929-4-5ff9db9-win-x64,S1,sha256,warm,V1,1,4,1,1073741824,1,0.8376268,0.84375,2309920,59609088,True,
win-x64,CORE-VERIFY-001/RUN-20260929-4-5ff9db9-win-x64,S1,sha256,warm,V1,1,5,0,1073741824,1,0.8335726,0.84375,2309520,59588608,True,
win-x64,CORE-VERIFY-001/RUN-20260929-4-5ff9db9-win-x64,S1,sha256,warm,V0,1,5,1,1073741824,1,1.5563075,1.890625,187944,44974080,True,
win-x64,CORE-VERIFY-001/RUN-20260929-4-5ff9db9-win-x64,S1,sha256,warm,V0,1,6,0,1073741824,1,1.5543424,1.75,187944,46006272,True,
win-x64,CORE-VERIFY-001/RUN-20260929-4-5ff9db9-win-x64,S1,sha256,warm,V1,1,6,1,1073741824,1,0.8454666,0.84375,2309520,59375616,True,
win-x64,CORE-VERIFY-001/RUN-20260929-4-5ff9db9-win-x64,S1,sha256,warm,V1,1,7,0,1073741824,1,0.847719,0.859375,2309520,59392000,True,
win-x64,CORE-VERIFY-001/RUN-20260929-4-5ff9db9-win-x64,S1,sha256,warm,V0,1,7,1,1073741824,1,1.7152957,2.109375,187944,45883392,True,
win-x64,CORE-VERIFY-001/RUN-20260929-4-5ff9db9-win-x64,S1,sha256,warm,V0,1,8,0,1073741824,1,1.6924977,2.15625,187760,45735936,True,
win-x64,CORE-VERIFY-001/RUN-20260929-4-5ff9db9-win-x64,S1,sha256,warm,V1,1,8,1,1073741824,1,0.8586357,0.875,2309520,55431168,True,
win-x64,CORE-VERIFY-001/RUN-20260929-4-5ff9db9-win-x64,S1,sha256,warm,V1,1,9,0,1073741824,1,0.8639709,0.9375,6503848,59785216,True,
win-x64,CORE-VERIFY-001/RUN-20260929-4-5ff9db9-win-x64,S1,sha256,warm,V0,1,9,1,1073741824,1,1.8339953,2.234375,475880,45518848,True,
win-x64,CORE-VERIFY-001/RUN-20260929-4-5ff9db9-win-x64,S10,blake3,warm,V0,1,0,0,10737418240,1,67.6180834,26.09375,221184,41467904,True,
win-x64,CORE-VERIFY-001/RUN-20260929-4-5ff9db9-win-x64,S10,blake3,warm,V1,1,0,1,10737418240,1,25.076242,9.484375,19982712,72286208,True,
win-x64,CORE-VERIFY-001/RUN-20260929-4-5ff9db9-win-x64,S10,blake3,warm,V2-W2,1,0,2,10737418240,1,26.2634108,11.265625,19509648,76587008,True,
win-x64,CORE-VERIFY-001/RUN-20260929-4-5ff9db9-win-x64,S10,blake3,warm,V2-W4,1,0,3,10737418240,1,26.9309187,12.84375,19512936,92626944,True,
win-x64,CORE-VERIFY-001/RUN-20260929-4-5ff9db9-win-x64,S10,blake3,warm,V2-W8,1,0,4,10737418240,1,26.2586289,12.84375,19519584,122232832,True,
win-x64,CORE-VERIFY-001/RUN-20260929-4-5ff9db9-win-x64,S10,blake3,warm,V1,1,1,0,10737418240,1,26.8562799,10.171875,19983744,72339456,True,
win-x64,CORE-VERIFY-001/RUN-20260929-4-5ff9db9-win-x64,S10,blake3,warm,V2-W2,1,1,1,10737418240,1,26.3245285,11.546875,19508264,81072128,True,
win-x64,CORE-VERIFY-001/RUN-20260929-4-5ff9db9-win-x64,S10,blake3,warm,V2-W4,1,1,2,10737418240,1,26.32337,13,19512632,88399872,True,
win-x64,CORE-VERIFY-001/RUN-20260929-4-5ff9db9-win-x64,S10,blake3,warm,V2-W8,1,1,3,10737418240,1,26.5044391,12.4375,19520672,122413056,True,
win-x64,CORE-VERIFY-001/RUN-20260929-4-5ff9db9-win-x64,S10,blake3,warm,V0,1,1,4,10737418240,1,76.3024972,28.828125,484248,41254912,True,
win-x64,CORE-VERIFY-001/RUN-20260929-4-5ff9db9-win-x64,S10,blake3,warm,V2-W2,1,2,0,10737418240,1,26.3295649,11.8125,19510480,77049856,True,
win-x64,CORE-VERIFY-001/RUN-20260929-4-5ff9db9-win-x64,S10,blake3,warm,V2-W4,1,2,1,10737418240,1,26.301237,12.609375,19513232,88506368,True,
win-x64,CORE-VERIFY-001/RUN-20260929-4-5ff9db9-win-x64,S10,blake3,warm,V2-W8,1,2,2,10737418240,1,32.7750721,13.65625,19515376,122155008,True,
win-x64,CORE-VERIFY-001/RUN-20260929-4-5ff9db9-win-x64,S10,blake3,warm,V0,1,2,3,10737418240,1,77.2340004,28.6875,220984,41410560,True,
win-x64,CORE-VERIFY-001/RUN-20260929-4-5ff9db9-win-x64,S10,blake3,warm,V1,1,2,4,10737418240,1,28.7852968,10.140625,19981832,68198400,True,
win-x64,CORE-VERIFY-001/RUN-20260929-4-5ff9db9-win-x64,S10,blake3,warm,V2-W4,1,3,0,10737418240,1,26.2952801,11.9375,19513408,92409856,True,
win-x64,CORE-VERIFY-001/RUN-20260929-4-5ff9db9-win-x64,S10,blake3,warm,V2-W8,1,3,1,10737418240,1,26.2976341,12.875,19521056,126730240,True,
win-x64,CORE-VERIFY-001/RUN-20260929-4-5ff9db9-win-x64,S10,blake3,warm,V0,1,3,2,10737418240,1,73.4494422,23.90625,221024,42196992,True,
win-x64,CORE-VERIFY-001/RUN-20260929-4-5ff9db9-win-x64,S10,blake3,warm,V1,1,3,3,10737418240,1,26.3211674,10.140625,19984024,72474624,True,
win-x64,CORE-VERIFY-001/RUN-20260929-4-5ff9db9-win-x64,S10,blake3,warm,V2-W2,1,3,4,10737418240,1,26.3207044,10.578125,19509728,81756160,True,
win-x64,CORE-VERIFY-001/RUN-20260929-4-5ff9db9-win-x64,S10,blake3,warm,V2-W8,1,4,0,10737418240,1,26.29457,12.140625,19522552,122437632,True,
win-x64,CORE-VERIFY-001/RUN-20260929-4-5ff9db9-win-x64,S10,blake3,warm,V0,1,4,1,10737418240,1,75.3059526,26.765625,246160,41873408,True,
win-x64,CORE-VERIFY-001/RUN-20260929-4-5ff9db9-win-x64,S10,blake3,warm,V1,1,4,2,10737418240,1,26.2932238,9.828125,19983592,72245248,True,
win-x64,CORE-VERIFY-001/RUN-20260929-4-5ff9db9-win-x64,S10,blake3,warm,V2-W2,1,4,3,10737418240,1,26.3225277,10.359375,19508768,76734464,True,
win-x64,CORE-VERIFY-001/RUN-20260929-4-5ff9db9-win-x64,S10,blake3,warm,V2-W4,1,4,4,10737418240,1,26.2912201,11.578125,19513200,98193408,True,
linux-arm64,CORE-VERIFY-001/RUN-20260929-4-5ff9db9-linux-arm64,T,blake3,warm,V0,1,0,0,855440301,1892,1.4975703,2.639756,337022448,84660224,True,
linux-arm64,CORE-VERIFY-001/RUN-20260929-4-5ff9db9-linux-arm64,T,blake3,warm,V1,1,0,1,855440301,1892,1.2096355,1.838307,679490448,174821376,True,
linux-arm64,CORE-VERIFY-001/RUN-20260929-4-5ff9db9-linux-arm64,T,blake3,warm,V2-W2,1,0,2,855440301,1892,0.9522908,1.928594,689201072,169451520,True,
linux-arm64,CORE-VERIFY-001/RUN-20260929-4-5ff9db9-linux-arm64,T,blake3,warm,V0,2,0,3,855440301,1892,0.7953413,2.119736,337549464,87891968,True,
linux-arm64,CORE-VERIFY-001/RUN-20260929-4-5ff9db9-linux-arm64,T,blake3,warm,V1,2,0,4,855440301,1892,0.6657556,1.608923,699767840,176246784,True,
linux-arm64,CORE-VERIFY-001/RUN-20260929-4-5ff9db9-linux-arm64,T,blake3,warm,V2-W2,2,0,5,855440301,1892,0.5227151,1.479504,711056360,194867200,True,
linux-arm64,CORE-VERIFY-001/RUN-20260929-4-5ff9db9-linux-arm64,T,blake3,warm,V0,4,0,6,855440301,1892,0.4465297,1.582051,337451656,89526272,True,
linux-arm64,CORE-VERIFY-001/RUN-20260929-4-5ff9db9-linux-arm64,T,blake3,warm,V1,4,0,7,855440301,1892,0.3599065,1.222222,719762896,213909504,True,
linux-arm64,CORE-VERIFY-001/RUN-20260929-4-5ff9db9-linux-arm64,T,blake3,warm,V2-W2,4,0,8,855440301,1892,0.3646444,1.282887,723656688,277176320,True,
linux-arm64,CORE-VERIFY-001/RUN-20260929-4-5ff9db9-linux-arm64,T,blake3,warm,V0,8,0,9,855440301,1892,0.4550803,1.578009,339356368,94195712,True,
linux-arm64,CORE-VERIFY-001/RUN-20260929-4-5ff9db9-linux-arm64,T,blake3,warm,V1,8,0,10,855440301,1892,0.388505,1.334993,742142200,251285504,True,
linux-arm64,CORE-VERIFY-001/RUN-20260929-4-5ff9db9-linux-arm64,T,blake3,warm,V2-W2,8,0,11,855440301,1892,0.3756999,1.395578,777674312,296181760,True,
linux-arm64,CORE-VERIFY-001/RUN-20260929-4-5ff9db9-linux-arm64,T,blake3,warm,V1,1,1,0,855440301,1892,1.2342741,1.877026,677584272,163315712,True,
linux-arm64,CORE-VERIFY-001/RUN-20260929-4-5ff9db9-linux-arm64,T,blake3,warm,V2-W2,1,1,1,855440301,1892,0.9450138,1.923125,688809816,184786944,True,
linux-arm64,CORE-VERIFY-001/RUN-20260929-4-5ff9db9-linux-arm64,T,blake3,warm,V0,2,1,2,855440301,1892,0.7730151,2.093845,337263032,88625152,True,
linux-arm64,CORE-VERIFY-001/RUN-20260929-4-5ff9db9-linux-arm64,T,blake3,warm,V1,2,1,3,855440301,1892,0.6461796,1.624485,688746520,166342656,True,
linux-arm64,CORE-VERIFY-001/RUN-20260929-4-5ff9db9-linux-arm64,T,blake3,warm,V2-W2,2,1,4,855440301,1892,0.5254767,1.451475,704411688,226250752,True,
linux-arm64,CORE-VERIFY-001/RUN-20260929-4-5ff9db9-linux-arm64,T,blake3,warm,V0,4,1,5,855440301,1892,0.4586701,1.561958,337955928,92344320,True,
linux-arm64,CORE-VERIFY-001/RUN-20260929-4-5ff9db9-linux-arm64,T,blake3,warm,V1,4,1,6,855440301,1892,0.3658293,1.227885,710827792,218271744,True,
linux-arm64,CORE-VERIFY-001/RUN-20260929-4-5ff9db9-linux-arm64,T,blake3,warm,V2-W2,4,1,7,855440301,1892,0.3774113,1.317525,737808952,272039936,True,
linux-arm64,CORE-VERIFY-001/RUN-20260929-4-5ff9db9-linux-arm64,T,blake3,warm,V0,8,1,8,855440301,1892,0.4413119,1.563002,339080088,107823104,True,
linux-arm64,CORE-VERIFY-001/RUN-20260929-4-5ff9db9-linux-arm64,T,blake3,warm,V1,8,1,9,855440301,1892,0.3592535,1.287465,739417016,246407168,True,
linux-arm64,CORE-VERIFY-001/RUN-20260929-4-5ff9db9-linux-arm64,T,blake3,warm,V2-W2,8,1,10,855440301,1892,0.3751626,1.397578,766810888,335290368,True,
linux-arm64,CORE-VERIFY-001/RUN-20260929-4-5ff9db9-linux-arm64,T,blake3,warm,V0,1,1,11,855440301,1892,1.4841817,2.614013,336673592,88072192,True,
linux-arm64,CORE-VERIFY-001/RUN-20260929-4-5ff9db9-linux-arm64,T,blake3,warm,V2-W2,1,2,0,855440301,1892,0.9748644,1.988619,688766456,175489024,True,
linux-arm64,CORE-VERIFY-001/RUN-20260929-4-5ff9db9-linux-arm64,T,blake3,warm,V0,2,2,1,855440301,1892,0.8074244,2.101611,337341512,85413888,True,
linux-arm64,CORE-VERIFY-001/RUN-20260929-4-5ff9db9-linux-arm64,T,blake3,warm,V1,2,2,2,855440301,1892,0.6308663,1.614357,703334024,187965440,True,
linux-arm64,CORE-VERIFY-001/RUN-20260929-4-5ff9db9-linux-arm64,T,blake3,warm,V2-W2,2,2,3,855440301,1892,0.5292664,1.505628,707640200,223424512,True,
linux-arm64,CORE-VERIFY-001/RUN-20260929-4-5ff9db9-linux-arm64,T,blake3,warm,V0,4,2,4,855440301,1892,0.4473782,1.565537,337950040,91398144,True,
linux-arm64,CORE-VERIFY-001/RUN-20260929-4-5ff9db9-linux-arm64,T,blake3,warm,V1,4,2,5,855440301,1892,0.3568314,1.222197,714026560,236810240,True,
linux-arm64,CORE-VERIFY-001/RUN-20260929-4-5ff9db9-linux-arm64,T,blake3,warm,V2-W2,4,2,6,855440301,1892,0.3663353,1.279416,720001520,283717632,True,
linux-arm64,CORE-VERIFY-001/RUN-20260929-4-5ff9db9-linux-arm64,T,blake3,warm,V0,8,2,7,855440301,1892,0.4315255,1.577853,338682952,120504320,True,
linux-arm64,CORE-VERIFY-001/RUN-20260929-4-5ff9db9-linux-arm64,T,blake3,warm,V1,8,2,8,855440301,1892,0.3552049,1.285369,745962288,257425408,True,
linux-arm64,CORE-VERIFY-001/RUN-20260929-4-5ff9db9-linux-arm64,T,blake3,warm,V2-W2,8,2,9,855440301,1892,0.3816853,1.404007,783689336,305958912,True,
linux-arm64,CORE-VERIFY-001/RUN-20260929-4-5ff9db9-linux-arm64,T,blake3,warm,V0,1,2,10,855440301,1892,1.4948796,2.603462,337222192,103043072,True,
linux-arm64,CORE-VERIFY-001/RUN-20260929-4-5ff9db9-linux-arm64,T,blake3,warm,V1,1,2,11,855440301,1892,1.1879873,1.784575,681789840,217440256,True,
linux-arm64,CORE-VERIFY-001/RUN-20260929-4-5ff9db9-linux-arm64,T,blake3,warm,V0,2,3,0,855440301,1892,0.7780591,2.074427,337169272,83644416,True,
linux-arm64,CORE-VERIFY-001/RUN-20260929-4-5ff9db9-linux-arm64,T,blake3,warm,V1,2,3,1,855440301,1892,0.6280084,1.61286,696668344,173195264,True,
linux-arm64,CORE-VERIFY-001/RUN-20260929-4-5ff9db9-linux-arm64,T,blake3,warm,V2-W2,2,3,2,855440301,1892,0.5238398,1.448053,704646216,193495040,True,
linux-arm64,CORE-VERIFY-001/RUN-20260929-4-5ff9db9-linux-arm64,T,blake3,warm,V0,4,3,3,855440301,1892,0.4394813,1.534106,337672960,94265344,True,
linux-arm64,CORE-VERIFY-001/RUN-20260929-4-5ff9db9-linux-arm64,T,blake3,warm,V1,4,3,4,855440301,1892,0.3627804,1.217706,710393296,249741312,True,
linux-arm64,CORE-VERIFY-001/RUN-20260929-4-5ff9db9-linux-arm64,T,blake3,warm,V2-W2,4,3,5,855440301,1892,0.3969241,1.355931,743530536,294313984,True,
linux-arm64,CORE-VERIFY-001/RUN-20260929-4-5ff9db9-linux-arm64,T,blake3,warm,V0,8,3,6,855440301,1892,0.425035,1.542538,338973144,125157376,True,
linux-arm64,CORE-VERIFY-001/RUN-20260929-4-5ff9db9-linux-arm64,T,blake3,warm,V1,8,3,7,855440301,1892,0.3521334,1.319924,743672112,249643008,True,
linux-arm64,CORE-VERIFY-001/RUN-20260929-4-5ff9db9-linux-arm64,T,blake3,warm,V2-W2,8,3,8,855440301,1892,0.3830478,1.426888,780950520,293003264,True,
linux-arm64,CORE-VERIFY-001/RUN-20260929-4-5ff9db9-linux-arm64,T,blake3,warm,V0,1,3,9,855440301,1892,1.494412,2.641872,336702008,88973312,True,
linux-arm64,CORE-VERIFY-001/RUN-20260929-4-5ff9db9-linux-arm64,T,blake3,warm,V1,1,3,10,855440301,1892,1.2267797,1.882781,679519128,179863552,True,
linux-arm64,CORE-VERIFY-001/RUN-20260929-4-5ff9db9-linux-arm64,T,blake3,warm,V2-W2,1,3,11,855440301,1892,0.935976,1.896167,690129672,163823616,True,
linux-arm64,CORE-VERIFY-001/RUN-20260929-4-5ff9db9-linux-arm64,T,blake3,warm,V1,2,4,0,855440301,1892,0.6054139,1.53676,700161088,203468800,True,
linux-arm64,CORE-VERIFY-001/RUN-20260929-4-5ff9db9-linux-arm64,T,blake3,warm,V2-W2,2,4,1,855440301,1892,0.5080338,1.455122,703680656,192266240,True,
linux-arm64,CORE-VERIFY-001/RUN-20260929-4-5ff9db9-linux-arm64,T,blake3,warm,V0,4,4,2,855440301,1892,0.4350947,1.527843,338179024,104361984,True,
linux-arm64,CORE-VERIFY-001/RUN-20260929-4-5ff9db9-linux-arm64,T,blake3,warm,V1,4,4,3,855440301,1892,0.3559205,1.201951,710416808,191791104,True,
linux-arm64,CORE-VERIFY-001/RUN-20260929-4-5ff9db9-linux-arm64,T,blake3,warm,V2-W2,4,4,4,855440301,1892,0.3816032,1.317165,733682560,217423872,True,
linux-arm64,CORE-VERIFY-001/RUN-20260929-4-5ff9db9-linux-arm64,T,blake3,warm,V0,8,4,5,855440301,1892,0.4272237,1.557568,338507960,113627136,True,
linux-arm64,CORE-VERIFY-001/RUN-20260929-4-5ff9db9-linux-arm64,T,blake3,warm,V1,8,4,6,855440301,1892,0.3657512,1.333823,743312744,326279168,True,
linux-arm64,CORE-VERIFY-001/RUN-20260929-4-5ff9db9-linux-arm64,T,blake3,warm,V2-W2,8,4,7,855440301,1892,0.3888538,1.418749,780720464,300232704,True,
linux-arm64,CORE-VERIFY-001/RUN-20260929-4-5ff9db9-linux-arm64,T,blake3,warm,V0,1,4,8,855440301,1892,1.4894552,2.635207,336780368,87474176,True,
linux-arm64,CORE-VERIFY-001/RUN-20260929-4-5ff9db9-linux-arm64,T,blake3,warm,V1,1,4,9,855440301,1892,1.191808,1.807818,683650712,200708096,True,
linux-arm64,CORE-VERIFY-001/RUN-20260929-4-5ff9db9-linux-arm64,T,blake3,warm,V2-W2,1,4,10,855440301,1892,0.9525217,1.981819,684853712,179474432,True,
linux-arm64,CORE-VERIFY-001/RUN-20260929-4-5ff9db9-linux-arm64,T,blake3,warm,V0,2,4,11,855440301,1892,0.8103023,2.192848,337547728,87310336,True,
linux-arm64,CORE-VERIFY-001/RUN-20260929-4-5ff9db9-linux-arm64,T,blake3,warm,V2-W2,2,5,0,855440301,1892,0.5274644,1.505268,706892208,202305536,True,
linux-arm64,CORE-VERIFY-001/RUN-20260929-4-5ff9db9-linux-arm64,T,blake3,warm,V0,4,5,1,855440301,1892,0.4589815,1.580619,337456416,91734016,True,
linux-arm64,CORE-VERIFY-001/RUN-20260929-4-5ff9db9-linux-arm64,T,blake3,warm,V1,4,5,2,855440301,1892,0.3598311,1.22701,706693048,197513216,True,
linux-arm64,CORE-VERIFY-001/RUN-20260929-4-5ff9db9-linux-arm64,T,blake3,warm,V2-W2,4,5,3,855440301,1892,0.3571385,1.282212,739745472,243867648,True,
linux-arm64,CORE-VERIFY-001/RUN-20260929-4-5ff9db9-linux-arm64,T,blake3,warm,V0,8,5,4,855440301,1892,0.4318753,1.536,339501664,117899264,True,
linux-arm64,CORE-VERIFY-001/RUN-20260929-4-5ff9db9-linux-arm64,T,blake3,warm,V1,8,5,5,855440301,1892,0.3611871,1.311885,745028896,253849600,True,
linux-arm64,CORE-VERIFY-001/RUN-20260929-4-5ff9db9-linux-arm64,T,blake3,warm,V2-W2,8,5,6,855440301,1892,0.3865643,1.388892,770355120,275587072,True,
linux-arm64,CORE-VERIFY-001/RUN-20260929-4-5ff9db9-linux-arm64,T,blake3,warm,V0,1,5,7,855440301,1892,1.4927327,2.620205,336780752,86540288,True,
linux-arm64,CORE-VERIFY-001/RUN-20260929-4-5ff9db9-linux-arm64,T,blake3,warm,V1,1,5,8,855440301,1892,1.1800168,1.772883,679486408,160665600,True,
linux-arm64,CORE-VERIFY-001/RUN-20260929-4-5ff9db9-linux-arm64,T,blake3,warm,V2-W2,1,5,9,855440301,1892,0.95935,1.989612,684415456,191016960,True,
linux-arm64,CORE-VERIFY-001/RUN-20260929-4-5ff9db9-linux-arm64,T,blake3,warm,V0,2,5,10,855440301,1892,0.786979,2.083492,337444640,85295104,True,
linux-arm64,CORE-VERIFY-001/RUN-20260929-4-5ff9db9-linux-arm64,T,blake3,warm,V1,2,5,11,855440301,1892,0.6225479,1.614068,700652272,198799360,True,
linux-arm64,CORE-VERIFY-001/RUN-20260929-4-5ff9db9-linux-arm64,T,blake3,warm,V0,4,6,0,855440301,1892,0.4528568,1.553881,337934840,89055232,True,
linux-arm64,CORE-VERIFY-001/RUN-20260929-4-5ff9db9-linux-arm64,T,blake3,warm,V1,4,6,1,855440301,1892,0.3860766,1.289853,713816224,211177472,True,
linux-arm64,CORE-VERIFY-001/RUN-20260929-4-5ff9db9-linux-arm64,T,blake3,warm,V2-W2,4,6,2,855440301,1892,0.3594599,1.302946,735525128,294969344,True,
linux-arm64,CORE-VERIFY-001/RUN-20260929-4-5ff9db9-linux-arm64,T,blake3,warm,V0,8,6,3,855440301,1892,0.4419898,1.581579,339079400,96845824,True,
linux-arm64,CORE-VERIFY-001/RUN-20260929-4-5ff9db9-linux-arm64,T,blake3,warm,V1,8,6,4,855440301,1892,0.3785274,1.335859,746287144,272109568,True,
linux-arm64,CORE-VERIFY-001/RUN-20260929-4-5ff9db9-linux-arm64,T,blake3,warm,V2-W2,8,6,5,855440301,1892,0.3880551,1.426456,775926520,304533504,True,
linux-arm64,CORE-VERIFY-001/RUN-20260929-4-5ff9db9-linux-arm64,T,blake3,warm,V0,1,6,6,855440301,1892,1.4900242,2.594942,336913752,85479424,True,
linux-arm64,CORE-VERIFY-001/RUN-20260929-4-5ff9db9-linux-arm64,T,blake3,warm,V1,1,6,7,855440301,1892,1.1975445,1.817472,679512688,183357440,True,
linux-arm64,CORE-VERIFY-001/RUN-20260929-4-5ff9db9-linux-arm64,T,blake3,warm,V2-W2,1,6,8,855440301,1892,0.9639444,1.973635,692672056,182337536,True,
linux-arm64,CORE-VERIFY-001/RUN-20260929-4-5ff9db9-linux-arm64,T,blake3,warm,V0,2,6,9,855440301,1892,0.7818075,2.080933,337703104,88354816,True,
linux-arm64,CORE-VERIFY-001/RUN-20260929-4-5ff9db9-linux-arm64,T,blake3,warm,V1,2,6,10,855440301,1892,0.6415753,1.645183,703193976,182288384,True,
linux-arm64,CORE-VERIFY-001/RUN-20260929-4-5ff9db9-linux-arm64,T,blake3,warm,V2-W2,2,6,11,855440301,1892,0.5184289,1.501611,704601696,193978368,True,
linux-arm64,CORE-VERIFY-001/RUN-20260929-4-5ff9db9-linux-arm64,T,blake3,warm,V1,4,7,0,855440301,1892,0.3747384,1.21919,717729264,230137856,True,
linux-arm64,CORE-VERIFY-001/RUN-20260929-4-5ff9db9-linux-arm64,T,blake3,warm,V2-W2,4,7,1,855440301,1892,0.3701127,1.300695,720985728,228794368,True,
linux-arm64,CORE-VERIFY-001/RUN-20260929-4-5ff9db9-linux-arm64,T,blake3,warm,V0,8,7,2,855440301,1892,0.4418245,1.588499,338455232,117276672,True,
linux-arm64,CORE-VERIFY-001/RUN-20260929-4-5ff9db9-linux-arm64,T,blake3,warm,V1,8,7,3,855440301,1892,0.398828,1.400228,740217608,255688704,True,
linux-arm64,CORE-VERIFY-001/RUN-20260929-4-5ff9db9-linux-arm64,T,blake3,warm,V2-W2,8,7,4,855440301,1892,0.3914246,1.444071,765698904,353849344,True,
linux-arm64,CORE-VERIFY-001/RUN-20260929-4-5ff9db9-linux-arm64,T,blake3,warm,V0,1,7,5,855440301,1892,1.5147238,2.681141,336731504,84869120,True,
linux-arm64,CORE-VERIFY-001/RUN-20260929-4-5ff9db9-linux-arm64,T,blake3,warm,V1,1,7,6,855440301,1892,1.155559,1.720565,681089512,141041664,True,
linux-arm64,CORE-VERIFY-001/RUN-20260929-4-5ff9db9-linux-arm64,T,blake3,warm,V2-W2,1,7,7,855440301,1892,0.9670727,2.000208,687999856,150892544,True,
linux-arm64,CORE-VERIFY-001/RUN-20260929-4-5ff9db9-linux-arm64,T,blake3,warm,V0,2,7,8,855440301,1892,0.7963438,2.075102,337506256,86302720,True,
linux-arm64,CORE-VERIFY-001/RUN-20260929-4-5ff9db9-linux-arm64,T,blake3,warm,V1,2,7,9,855440301,1892,0.6119644,1.585258,688475752,157245440,True,
linux-arm64,CORE-VERIFY-001/RUN-20260929-4-5ff9db9-linux-arm64,T,blake3,warm,V2-W2,2,7,10,855440301,1892,0.5113682,1.462848,707637192,195919872,True,
linux-arm64,CORE-VERIFY-001/RUN-20260929-4-5ff9db9-linux-arm64,T,blake3,warm,V0,4,7,11,855440301,1892,0.4569754,1.557622,337903840,92368896,True,
linux-arm64,CORE-VERIFY-001/RUN-20260929-4-5ff9db9-linux-arm64,T,blake3,warm,V2-W2,4,8,0,855440301,1892,0.3609481,1.289054,739585112,258658304,True,
linux-arm64,CORE-VERIFY-001/RUN-20260929-4-5ff9db9-linux-arm64,T,blake3,warm,V0,8,8,1,855440301,1892,0.4315832,1.558443,338756672,113635328,True,
linux-arm64,CORE-VERIFY-001/RUN-20260929-4-5ff9db9-linux-arm64,T,blake3,warm,V1,8,8,2,855440301,1892,0.3848444,1.289141,752497800,269561856,True,
linux-arm64,CORE-VERIFY-001/RUN-20260929-4-5ff9db9-linux-arm64,T,blake3,warm,V2-W2,8,8,3,855440301,1892,0.3741589,1.396977,765815408,288432128,True,
linux-arm64,CORE-VERIFY-001/RUN-20260929-4-5ff9db9-linux-arm64,T,blake3,warm,V0,1,8,4,855440301,1892,1.5023229,2.637171,336652960,84393984,True,
linux-arm64,CORE-VERIFY-001/RUN-20260929-4-5ff9db9-linux-arm64,T,blake3,warm,V1,1,8,5,855440301,1892,1.2600222,1.937791,679509768,157732864,True,
linux-arm64,CORE-VERIFY-001/RUN-20260929-4-5ff9db9-linux-arm64,T,blake3,warm,V2-W2,1,8,6,855440301,1892,0.9660159,1.949252,686591448,206729216,True,
linux-arm64,CORE-VERIFY-001/RUN-20260929-4-5ff9db9-linux-arm64,T,blake3,warm,V0,2,8,7,855440301,1892,0.8132136,2.091635,337514736,88637440,True,
linux-arm64,CORE-VERIFY-001/RUN-20260929-4-5ff9db9-linux-arm64,T,blake3,warm,V1,2,8,8,855440301,1892,0.6330413,1.642862,701699352,180727808,True,
linux-arm64,CORE-VERIFY-001/RUN-20260929-4-5ff9db9-linux-arm64,T,blake3,warm,V2-W2,2,8,9,855440301,1892,0.5409362,1.560365,704926080,265318400,True,
linux-arm64,CORE-VERIFY-001/RUN-20260929-4-5ff9db9-linux-arm64,T,blake3,warm,V0,4,8,10,855440301,1892,0.4523091,1.582267,337727256,92745728,True,
linux-arm64,CORE-VERIFY-001/RUN-20260929-4-5ff9db9-linux-arm64,T,blake3,warm,V1,4,8,11,855440301,1892,0.3534395,1.219464,722798248,227135488,True,
linux-arm64,CORE-VERIFY-001/RUN-20260929-4-5ff9db9-linux-arm64,T,blake3,warm,V0,8,9,0,855440301,1892,0.4561426,1.625993,338756928,106450944,True,
linux-arm64,CORE-VERIFY-001/RUN-20260929-4-5ff9db9-linux-arm64,T,blake3,warm,V1,8,9,1,855440301,1892,0.3935702,1.320264,740119760,248483840,True,
linux-arm64,CORE-VERIFY-001/RUN-20260929-4-5ff9db9-linux-arm64,T,blake3,warm,V2-W2,8,9,2,855440301,1892,0.4033296,1.484368,770759792,340176896,True,
linux-arm64,CORE-VERIFY-001/RUN-20260929-4-5ff9db9-linux-arm64,T,blake3,warm,V0,1,9,3,855440301,1892,1.5062846,2.655606,336668864,89784320,True,
linux-arm64,CORE-VERIFY-001/RUN-20260929-4-5ff9db9-linux-arm64,T,blake3,warm,V1,1,9,4,855440301,1892,1.2428451,1.88268,683698416,188694528,True,
linux-arm64,CORE-VERIFY-001/RUN-20260929-4-5ff9db9-linux-arm64,T,blake3,warm,V2-W2,1,9,5,855440301,1892,0.9563297,1.970149,683002848,162279424,True,
linux-arm64,CORE-VERIFY-001/RUN-20260929-4-5ff9db9-linux-arm64,T,blake3,warm,V0,2,9,6,855440301,1892,0.8138818,2.134405,337445856,87662592,True,
linux-arm64,CORE-VERIFY-001/RUN-20260929-4-5ff9db9-linux-arm64,T,blake3,warm,V1,2,9,7,855440301,1892,0.6714951,1.705783,696033064,186605568,True,
linux-arm64,CORE-VERIFY-001/RUN-20260929-4-5ff9db9-linux-arm64,T,blake3,warm,V2-W2,2,9,8,855440301,1892,0.5859652,1.746503,708383784,205975552,True,
linux-arm64,CORE-VERIFY-001/RUN-20260929-4-5ff9db9-linux-arm64,T,blake3,warm,V0,4,9,9,855440301,1892,0.4842194,1.634156,338070472,89837568,True,
linux-arm64,CORE-VERIFY-001/RUN-20260929-4-5ff9db9-linux-arm64,T,blake3,warm,V1,4,9,10,855440301,1892,0.4052541,1.329758,712328168,204603392,True,
linux-arm64,CORE-VERIFY-001/RUN-20260929-4-5ff9db9-linux-arm64,T,blake3,warm,V2-W2,4,9,11,855440301,1892,0.4068728,1.427114,737070128,247689216,True,
linux-arm64,CORE-VERIFY-001/RUN-20260929-4-5ff9db9-linux-arm64,T,blake3,cold,V0,1,0,0,855440301,1892,4.8693422,3.858195,336403864,75067392,True,
linux-arm64,CORE-VERIFY-001/RUN-20260929-4-5ff9db9-linux-arm64,T,blake3,cold,V1,1,0,1,855440301,1892,4.7925368,2.787243,679686080,157466624,True,
linux-arm64,CORE-VERIFY-001/RUN-20260929-4-5ff9db9-linux-arm64,T,blake3,cold,V2-W2,1,0,2,855440301,1892,4.1681523,2.988089,683307720,158646272,True,
linux-arm64,CORE-VERIFY-001/RUN-20260929-4-5ff9db9-linux-arm64,T,blake3,cold,V0,2,0,3,855440301,1892,2.5337196,3.913399,337560288,74309632,True,
linux-arm64,CORE-VERIFY-001/RUN-20260929-4-5ff9db9-linux-arm64,T,blake3,cold,V1,2,0,4,855440301,1892,2.3328323,2.844576,697492296,170348544,True,
linux-arm64,CORE-VERIFY-001/RUN-20260929-4-5ff9db9-linux-arm64,T,blake3,cold,V2-W2,2,0,5,855440301,1892,2.0772773,3.077898,699180928,172593152,True,
linux-arm64,CORE-VERIFY-001/RUN-20260929-4-5ff9db9-linux-arm64,T,blake3,cold,V0,4,0,6,855440301,1892,1.9293997,3.598288,339046096,76546048,True,
linux-arm64,CORE-VERIFY-001/RUN-20260929-4-5ff9db9-linux-arm64,T,blake3,cold,V1,4,0,7,855440301,1892,1.8948031,2.775936,709306640,236994560,True,
linux-arm64,CORE-VERIFY-001/RUN-20260929-4-5ff9db9-linux-arm64,T,blake3,cold,V2-W2,4,0,8,855440301,1892,1.8534182,2.836231,731132880,234315776,True,
linux-arm64,CORE-VERIFY-001/RUN-20260929-4-5ff9db9-linux-arm64,T,blake3,cold,V0,8,0,9,855440301,1892,1.8684241,3.310447,340097384,78843904,True,
linux-arm64,CORE-VERIFY-001/RUN-20260929-4-5ff9db9-linux-arm64,T,blake3,cold,V1,8,0,10,855440301,1892,1.8788802,2.573382,752626952,278646784,True,
linux-arm64,CORE-VERIFY-001/RUN-20260929-4-5ff9db9-linux-arm64,T,blake3,cold,V2-W2,8,0,11,855440301,1892,1.8529433,2.758079,765961640,315809792,True,
linux-arm64,CORE-VERIFY-001/RUN-20260929-4-5ff9db9-linux-arm64,T,blake3,cold,V1,1,1,0,855440301,1892,5.3044645,2.893338,673356864,150421504,True,
linux-arm64,CORE-VERIFY-001/RUN-20260929-4-5ff9db9-linux-arm64,T,blake3,cold,V2-W2,1,1,1,855440301,1892,4.3529785,3.133959,682884016,169021440,True,
linux-arm64,CORE-VERIFY-001/RUN-20260929-4-5ff9db9-linux-arm64,T,blake3,cold,V0,2,1,2,855440301,1892,2.9444444,4.040803,337723832,74379264,True,
linux-arm64,CORE-VERIFY-001/RUN-20260929-4-5ff9db9-linux-arm64,T,blake3,cold,V1,2,1,3,855440301,1892,2.4012839,2.918082,705889592,219967488,True,
linux-arm64,CORE-VERIFY-001/RUN-20260929-4-5ff9db9-linux-arm64,T,blake3,cold,V2-W2,2,1,4,855440301,1892,2.1997103,3.114346,694978928,189030400,True,
linux-arm64,CORE-VERIFY-001/RUN-20260929-4-5ff9db9-linux-arm64,T,blake3,cold,V0,4,1,5,855440301,1892,1.9595721,3.694586,338786432,75595776,True,
linux-arm64,CORE-VERIFY-001/RUN-20260929-4-5ff9db9-linux-arm64,T,blake3,cold,V1,4,1,6,855440301,1892,1.9069586,3.019496,714250752,212119552,True,
linux-arm64,CORE-VERIFY-001/RUN-20260929-4-5ff9db9-linux-arm64,T,blake3,cold,V2-W2,4,1,7,855440301,1892,1.8693766,2.802756,734169432,236367872,True,
linux-arm64,CORE-VERIFY-001/RUN-20260929-4-5ff9db9-linux-arm64,T,blake3,cold,V0,8,1,8,855440301,1892,1.8635075,3.344714,340356464,79638528,True,
linux-arm64,CORE-VERIFY-001/RUN-20260929-4-5ff9db9-linux-arm64,T,blake3,cold,V1,8,1,9,855440301,1892,1.8841177,2.565984,740658176,268308480,True,
linux-arm64,CORE-VERIFY-001/RUN-20260929-4-5ff9db9-linux-arm64,T,blake3,cold,V2-W2,8,1,10,855440301,1892,1.8768496,2.740039,772989304,301510656,True,
linux-arm64,CORE-VERIFY-001/RUN-20260929-4-5ff9db9-linux-arm64,T,blake3,cold,V0,1,1,11,855440301,1892,4.4665501,3.811082,336460984,72728576,True,
linux-arm64,CORE-VERIFY-001/RUN-20260929-4-5ff9db9-linux-arm64,T,blake3,cold,V2-W2,1,2,0,855440301,1892,3.7253494,3.03201,678569336,210345984,True,
linux-arm64,CORE-VERIFY-001/RUN-20260929-4-5ff9db9-linux-arm64,T,blake3,cold,V0,2,2,1,855440301,1892,2.5607174,3.94676,337632304,74362880,True,
linux-arm64,CORE-VERIFY-001/RUN-20260929-4-5ff9db9-linux-arm64,T,blake3,cold,V1,2,2,2,855440301,1892,2.3601517,2.938964,701033272,182411264,True,
linux-arm64,CORE-VERIFY-001/RUN-20260929-4-5ff9db9-linux-arm64,T,blake3,cold,V2-W2,2,2,3,855440301,1892,2.0246208,3.038143,705641776,212279296,True,
linux-arm64,CORE-VERIFY-001/RUN-20260929-4-5ff9db9-linux-arm64,T,blake3,cold,V0,4,2,4,855440301,1892,1.8889019,3.555017,338741232,76230656,True,
linux-arm64,CORE-VERIFY-001/RUN-20260929-4-5ff9db9-linux-arm64,T,blake3,cold,V1,4,2,5,855440301,1892,1.8832631,2.63131,710248160,186617856,True,
linux-arm64,CORE-VERIFY-001/RUN-20260929-4-5ff9db9-linux-arm64,T,blake3,cold,V2-W2,4,2,6,855440301,1892,1.8694017,2.756746,718649904,210391040,True,
linux-arm64,CORE-VERIFY-001/RUN-20260929-4-5ff9db9-linux-arm64,T,blake3,cold,V0,8,2,7,855440301,1892,1.8640279,3.268674,340286184,83783680,True,
linux-arm64,CORE-VERIFY-001/RUN-20260929-4-5ff9db9-linux-arm64,T,blake3,cold,V1,8,2,8,855440301,1892,1.886893,2.493373,734596360,243929088,True,
linux-arm64,CORE-VERIFY-001/RUN-20260929-4-5ff9db9-linux-arm64,T,blake3,cold,V2-W2,8,2,9,855440301,1892,1.8632677,2.639484,752238008,373473280,True,
linux-arm64,CORE-VERIFY-001/RUN-20260929-4-5ff9db9-linux-arm64,T,blake3,cold,V0,1,2,10,855440301,1892,4.3770943,3.829365,336888408,72880128,True,
linux-arm64,CORE-VERIFY-001/RUN-20260929-4-5ff9db9-linux-arm64,T,blake3,cold,V1,1,2,11,855440301,1892,4.3011806,2.838802,682958920,167079936,True,
linux-arm64,CORE-VERIFY-001/RUN-20260929-4-5ff9db9-linux-arm64,T,blake3,cold,V0,2,3,0,855440301,1892,2.3799598,3.990905,337757616,76017664,True,
linux-arm64,CORE-VERIFY-001/RUN-20260929-4-5ff9db9-linux-arm64,T,blake3,cold,V1,2,3,1,855440301,1892,2.3103357,2.876115,688349816,152223744,True,
linux-arm64,CORE-VERIFY-001/RUN-20260929-4-5ff9db9-linux-arm64,T,blake3,cold,V2-W2,2,3,2,855440301,1892,1.9846572,2.958543,700228576,220835840,True,
linux-arm64,CORE-VERIFY-001/RUN-20260929-4-5ff9db9-linux-arm64,T,blake3,cold,V0,4,3,3,855440301,1892,1.9241633,3.654011,338454296,75780096,True,
linux-arm64,CORE-VERIFY-001/RUN-20260929-4-5ff9db9-linux-arm64,T,blake3,cold,V1,4,3,4,855440301,1892,1.8891354,2.769956,729551136,248545280,True,
linux-arm64,CORE-VERIFY-001/RUN-20260929-4-5ff9db9-linux-arm64,T,blake3,cold,V2-W2,4,3,5,855440301,1892,1.8509146,2.795691,721267488,270741504,True,
linux-arm64,CORE-VERIFY-001/RUN-20260929-4-5ff9db9-linux-arm64,T,blake3,cold,V0,8,3,6,855440301,1892,1.8662461,3.37047,340273272,82059264,True,
linux-arm64,CORE-VERIFY-001/RUN-20260929-4-5ff9db9-linux-arm64,T,blake3,cold,V1,8,3,7,855440301,1892,1.8655325,2.672617,740838976,264433664,True,
linux-arm64,CORE-VERIFY-001/RUN-20260929-4-5ff9db9-linux-arm64,T,blake3,cold,V2-W2,8,3,8,855440301,1892,1.8478708,2.759119,759696408,305373184,True,
linux-arm64,CORE-VERIFY-001/RUN-20260929-4-5ff9db9-linux-arm64,T,blake3,cold,V0,1,3,9,855440301,1892,4.5109426,3.890408,336648848,72814592,True,
linux-arm64,CORE-VERIFY-001/RUN-20260929-4-5ff9db9-linux-arm64,T,blake3,cold,V1,1,3,10,855440301,1892,4.2200745,2.750669,677120600,168345600,True,
linux-arm64,CORE-VERIFY-001/RUN-20260929-4-5ff9db9-linux-arm64,T,blake3,cold,V2-W2,1,3,11,855440301,1892,3.6333043,2.910025,685063224,151298048,True,
linux-arm64,CORE-VERIFY-001/RUN-20260929-4-5ff9db9-linux-arm64,T,blake3,cold,V1,2,4,0,855440301,1892,2.2906643,2.850436,695712912,170012672,True,
linux-arm64,CORE-VERIFY-001/RUN-20260929-4-5ff9db9-linux-arm64,T,blake3,cold,V2-W2,2,4,1,855440301,1892,1.990354,2.940239,712400656,198844416,True,
linux-arm64,CORE-VERIFY-001/RUN-20260929-4-5ff9db9-linux-arm64,T,blake3,cold,V0,4,4,2,855440301,1892,2.1129294,3.476242,338653064,76341248,True,
linux-arm64,CORE-VERIFY-001/RUN-20260929-4-5ff9db9-linux-arm64,T,blake3,cold,V1,4,4,3,855440301,1892,1.8788636,2.687228,709409832,253247488,True,
linux-arm64,CORE-VERIFY-001/RUN-20260929-4-5ff9db9-linux-arm64,T,blake3,cold,V2-W2,4,4,4,855440301,1892,1.8575937,2.744453,718595880,293666816,True,
linux-arm64,CORE-VERIFY-001/RUN-20260929-4-5ff9db9-linux-arm64,T,blake3,cold,V0,8,4,5,855440301,1892,1.8623706,3.257898,340359968,79716352,True,
linux-arm64,CORE-VERIFY-001/RUN-20260929-4-5ff9db9-linux-arm64,T,blake3,cold,V1,8,4,6,855440301,1892,1.8657541,2.452866,733761616,231243776,True,
linux-arm64,CORE-VERIFY-001/RUN-20260929-4-5ff9db9-linux-arm64,T,blake3,cold,V2-W2,8,4,7,855440301,1892,1.8417759,2.626778,774205128,305475584,True,
linux-arm64,CORE-VERIFY-001/RUN-20260929-4-5ff9db9-linux-arm64,T,blake3,cold,V0,1,4,8,855440301,1892,4.2147339,3.840723,336611984,73572352,True,
linux-arm64,CORE-VERIFY-001/RUN-20260929-4-5ff9db9-linux-arm64,T,blake3,cold,V1,1,4,9,855440301,1892,4.1272333,2.715571,675530072,133943296,True,
linux-arm64,CORE-VERIFY-001/RUN-20260929-4-5ff9db9-linux-arm64,T,blake3,cold,V2-W2,1,4,10,855440301,1892,3.5095226,2.895944,681066456,146771968,True,
linux-arm64,CORE-VERIFY-001/RUN-20260929-4-5ff9db9-linux-arm64,T,blake3,cold,V0,2,4,11,855440301,1892,2.2896547,3.864657,337712160,74412032,True,
linux-arm64,CORE-VERIFY-001/RUN-20260929-4-5ff9db9-linux-arm64,T,blake3,cold,V2-W2,2,5,0,855440301,1892,1.9744611,2.920954,700075856,181825536,True,
linux-arm64,CORE-VERIFY-001/RUN-20260929-4-5ff9db9-linux-arm64,T,blake3,cold,V0,4,5,1,855440301,1892,1.9026212,3.435399,338720600,75952128,True,
linux-arm64,CORE-VERIFY-001/RUN-20260929-4-5ff9db9-linux-arm64,T,blake3,cold,V1,4,5,2,855440301,1892,1.8811533,2.59545,712667424,236085248,True,
linux-arm64,CORE-VERIFY-001/RUN-20260929-4-5ff9db9-linux-arm64,T,blake3,cold,V2-W2,4,5,3,855440301,1892,1.8516991,2.787307,722132480,237850624,True,
linux-arm64,CORE-VERIFY-001/RUN-20260929-4-5ff9db9-linux-arm64,T,blake3,cold,V0,8,5,4,855440301,1892,1.855848,3.174299,340270664,79532032,True,
linux-arm64,CORE-VERIFY-001/RUN-20260929-4-5ff9db9-linux-arm64,T,blake3,cold,V1,8,5,5,855440301,1892,1.8759307,2.40269,747568392,258871296,True,
linux-arm64,CORE-VERIFY-001/RUN-20260929-4-5ff9db9-linux-arm64,T,blake3,cold,V2-W2,8,5,6,855440301,1892,1.8562726,2.628512,768707856,367947776,True,
linux-arm64,CORE-VERIFY-001/RUN-20260929-4-5ff9db9-linux-arm64,T,blake3,cold,V0,1,5,7,855440301,1892,4.1261318,3.742558,336690992,74964992,True,
linux-arm64,CORE-VERIFY-001/RUN-20260929-4-5ff9db9-linux-arm64,T,blake3,cold,V1,1,5,8,855440301,1892,4.0480168,2.739711,679665720,139698176,True,
linux-arm64,CORE-VERIFY-001/RUN-20260929-4-5ff9db9-linux-arm64,T,blake3,cold,V2-W2,1,5,9,855440301,1892,3.4866231,2.916628,683373688,146657280,True,
linux-arm64,CORE-VERIFY-001/RUN-20260929-4-5ff9db9-linux-arm64,T,blake3,cold,V0,2,5,10,855440301,1892,2.2318174,3.87454,337471056,73875456,True,
linux-arm64,CORE-VERIFY-001/RUN-20260929-4-5ff9db9-linux-arm64,T,blake3,cold,V1,2,5,11,855440301,1892,2.2271055,2.82266,698264192,171458560,True,
linux-arm64,CORE-VERIFY-001/RUN-20260929-4-5ff9db9-linux-arm64,T,blake3,cold,V0,4,6,0,855440301,1892,1.9030349,3.542877,339055200,76935168,True,
linux-arm64,CORE-VERIFY-001/RUN-20260929-4-5ff9db9-linux-arm64,T,blake3,cold,V1,4,6,1,855440301,1892,1.8920162,2.648631,727965248,226746368,True,
linux-arm64,CORE-VERIFY-001/RUN-20260929-4-5ff9db9-linux-arm64,T,blake3,cold,V2-W2,4,6,2,855440301,1892,1.8585463,2.715461,727603512,314855424,True,
linux-arm64,CORE-VERIFY-001/RUN-20260929-4-5ff9db9-linux-arm64,T,blake3,cold,V0,8,6,3,855440301,1892,1.8827568,3.185644,340000520,79306752,True,
linux-arm64,CORE-VERIFY-001/RUN-20260929-4-5ff9db9-linux-arm64,T,blake3,cold,V1,8,6,4,855440301,1892,1.8742874,2.460964,735938688,308584448,True,
linux-arm64,CORE-VERIFY-001/RUN-20260929-4-5ff9db9-linux-arm64,T,blake3,cold,V2-W2,8,6,5,855440301,1892,1.8589719,2.672965,760776256,333946880,True,
linux-arm64,CORE-VERIFY-001/RUN-20260929-4-5ff9db9-linux-arm64,T,blake3,cold,V0,1,6,6,855440301,1892,4.2901571,3.850195,336425288,72544256,True,
linux-arm64,CORE-VERIFY-001/RUN-20260929-4-5ff9db9-linux-arm64,T,blake3,cold,V1,1,6,7,855440301,1892,4.1793179,2.767792,679662368,135643136,True,
linux-arm64,CORE-VERIFY-001/RUN-20260929-4-5ff9db9-linux-arm64,T,blake3,cold,V2-W2,1,6,8,855440301,1892,3.5726218,2.955376,687571288,159412224,True,
linux-arm64,CORE-VERIFY-001/RUN-20260929-4-5ff9db9-linux-arm64,T,blake3,cold,V0,2,6,9,855440301,1892,2.4108352,3.967675,337414768,74076160,True,
linux-arm64,CORE-VERIFY-001/RUN-20260929-4-5ff9db9-linux-arm64,T,blake3,cold,V1,2,6,10,855440301,1892,2.3750278,2.929956,690094864,160927744,True,
linux-arm64,CORE-VERIFY-001/RUN-20260929-4-5ff9db9-linux-arm64,T,blake3,cold,V2-W2,2,6,11,855440301,1892,2.0434063,3.078953,693361072,237203456,True,
linux-arm64,CORE-VERIFY-001/RUN-20260929-4-5ff9db9-linux-arm64,T,blake3,cold,V1,4,7,0,855440301,1892,1.8934254,2.773727,715080168,196206592,True,
linux-arm64,CORE-VERIFY-001/RUN-20260929-4-5ff9db9-linux-arm64,T,blake3,cold,V2-W2,4,7,1,855440301,1892,1.8626681,2.843091,721381864,258895872,True,
linux-arm64,CORE-VERIFY-001/RUN-20260929-4-5ff9db9-linux-arm64,T,blake3,cold,V0,8,7,2,855440301,1892,1.8559476,3.328688,340174392,79278080,True,
linux-arm64,CORE-VERIFY-001/RUN-20260929-4-5ff9db9-linux-arm64,T,blake3,cold,V1,8,7,3,855440301,1892,1.8716671,2.478988,744517816,273989632,True,
linux-arm64,CORE-VERIFY-001/RUN-20260929-4-5ff9db9-linux-arm64,T,blake3,cold,V2-W2,8,7,4,855440301,1892,1.8569531,2.720419,779596064,385986560,True,
linux-arm64,CORE-VERIFY-001/RUN-20260929-4-5ff9db9-linux-arm64,T,blake3,cold,V0,1,7,5,855440301,1892,4.1183604,3.842423,336673248,73129984,True,
linux-arm64,CORE-VERIFY-001/RUN-20260929-4-5ff9db9-linux-arm64,T,blake3,cold,V1,1,7,6,855440301,1892,4.078299,2.730066,679784800,138211328,True,
linux-arm64,CORE-VERIFY-001/RUN-20260929-4-5ff9db9-linux-arm64,T,blake3,cold,V2-W2,1,7,7,855440301,1892,3.4910018,2.949675,682964600,164376576,True,
linux-arm64,CORE-VERIFY-001/RUN-20260929-4-5ff9db9-linux-arm64,T,blake3,cold,V0,2,7,8,855440301,1892,2.2914209,3.851896,337699976,76099584,True,
linux-arm64,CORE-VERIFY-001/RUN-20260929-4-5ff9db9-linux-arm64,T,blake3,cold,V1,2,7,9,855440301,1892,2.1985554,2.826141,691932432,224645120,True,
linux-arm64,CORE-VERIFY-001/RUN-20260929-4-5ff9db9-linux-arm64,T,blake3,cold,V2-W2,2,7,10,855440301,1892,1.9812688,2.944606,701755288,246808576,True,
linux-arm64,CORE-VERIFY-001/RUN-20260929-4-5ff9db9-linux-arm64,T,blake3,cold,V0,4,7,11,855440301,1892,1.8851488,3.529724,338405216,75075584,True,
linux-arm64,CORE-VERIFY-001/RUN-20260929-4-5ff9db9-linux-arm64,T,blake3,cold,V2-W2,4,8,0,855440301,1892,1.8585461,2.797272,725750224,234909696,True,
linux-arm64,CORE-VERIFY-001/RUN-20260929-4-5ff9db9-linux-arm64,T,blake3,cold,V0,8,8,1,855440301,1892,1.8759642,3.146254,340477104,81584128,True,
linux-arm64,CORE-VERIFY-001/RUN-20260929-4-5ff9db9-linux-arm64,T,blake3,cold,V1,8,8,2,855440301,1892,1.8524782,2.446447,750897104,306036736,True,
linux-arm64,CORE-VERIFY-001/RUN-20260929-4-5ff9db9-linux-arm64,T,blake3,cold,V2-W2,8,8,3,855440301,1892,1.8503729,2.673683,757957720,291385344,True,
linux-arm64,CORE-VERIFY-001/RUN-20260929-4-5ff9db9-linux-arm64,T,blake3,cold,V0,1,8,4,855440301,1892,4.1681224,3.779577,336698088,73187328,True,
linux-arm64,CORE-VERIFY-001/RUN-20260929-4-5ff9db9-linux-arm64,T,blake3,cold,V1,1,8,5,855440301,1892,4.0634613,2.740901,679783000,161677312,True,
linux-arm64,CORE-VERIFY-001/RUN-20260929-4-5ff9db9-linux-arm64,T,blake3,cold,V2-W2,1,8,6,855440301,1892,3.5957586,2.979568,684500808,167084032,True,
linux-arm64,CORE-VERIFY-001/RUN-20260929-4-5ff9db9-linux-arm64,T,blake3,cold,V0,2,8,7,855440301,1892,2.313443,3.930603,337672560,75874304,True,
linux-arm64,CORE-VERIFY-001/RUN-20260929-4-5ff9db9-linux-arm64,T,blake3,cold,V1,2,8,8,855440301,1892,2.1952005,2.801966,695796656,167477248,True,
linux-arm64,CORE-VERIFY-001/RUN-20260929-4-5ff9db9-linux-arm64,T,blake3,cold,V2-W2,2,8,9,855440301,1892,1.9834261,2.942183,704990280,174354432,True,
linux-arm64,CORE-VERIFY-001/RUN-20260929-4-5ff9db9-linux-arm64,T,blake3,cold,V0,4,8,10,855440301,1892,1.89484,3.471344,338476296,75567104,True,
linux-arm64,CORE-VERIFY-001/RUN-20260929-4-5ff9db9-linux-arm64,T,blake3,cold,V1,4,8,11,855440301,1892,1.8723665,2.59071,713403624,196571136,True,
linux-arm64,CORE-VERIFY-001/RUN-20260929-4-5ff9db9-linux-arm64,T,blake3,cold,V0,8,9,0,855440301,1892,1.8715548,3.161652,340020560,79470592,True,
linux-arm64,CORE-VERIFY-001/RUN-20260929-4-5ff9db9-linux-arm64,T,blake3,cold,V1,8,9,1,855440301,1892,1.8671644,2.489667,749839808,258830336,True,
linux-arm64,CORE-VERIFY-001/RUN-20260929-4-5ff9db9-linux-arm64,T,blake3,cold,V2-W2,8,9,2,855440301,1892,1.8614027,2.639348,762522232,286724096,True,
linux-arm64,CORE-VERIFY-001/RUN-20260929-4-5ff9db9-linux-arm64,T,blake3,cold,V0,1,9,3,855440301,1892,4.3175002,3.81811,336909520,74567680,True,
linux-arm64,CORE-VERIFY-001/RUN-20260929-4-5ff9db9-linux-arm64,T,blake3,cold,V1,1,9,4,855440301,1892,4.1694811,2.766026,679747688,131047424,True,
linux-arm64,CORE-VERIFY-001/RUN-20260929-4-5ff9db9-linux-arm64,T,blake3,cold,V2-W2,1,9,5,855440301,1892,3.5859728,2.95612,678744384,179572736,True,
linux-arm64,CORE-VERIFY-001/RUN-20260929-4-5ff9db9-linux-arm64,T,blake3,cold,V0,2,9,6,855440301,1892,2.2768724,3.900906,337538368,76279808,True,
linux-arm64,CORE-VERIFY-001/RUN-20260929-4-5ff9db9-linux-arm64,T,blake3,cold,V1,2,9,7,855440301,1892,2.2381836,2.845231,697437416,203943936,True,
linux-arm64,CORE-VERIFY-001/RUN-20260929-4-5ff9db9-linux-arm64,T,blake3,cold,V2-W2,2,9,8,855440301,1892,1.9605807,2.940608,702209000,180862976,True,
linux-arm64,CORE-VERIFY-001/RUN-20260929-4-5ff9db9-linux-arm64,T,blake3,cold,V0,4,9,9,855440301,1892,1.9140446,3.506504,338510376,75939840,True,
linux-arm64,CORE-VERIFY-001/RUN-20260929-4-5ff9db9-linux-arm64,T,blake3,cold,V1,4,9,10,855440301,1892,1.8764488,2.670521,714165632,292081664,True,
linux-arm64,CORE-VERIFY-001/RUN-20260929-4-5ff9db9-linux-arm64,T,blake3,cold,V2-W2,4,9,11,855440301,1892,1.8531684,2.743921,725602528,220639232,True,
linux-arm64,CORE-VERIFY-001/RUN-20260929-4-5ff9db9-linux-arm64,T,blake3,throttled,V0,1,0,0,855440301,1892,25.8490062,5.087272,4310452352,88662016,True,
linux-arm64,CORE-VERIFY-001/RUN-20260929-4-5ff9db9-linux-arm64,T,blake3,throttled,V1,1,0,1,855440301,1892,32.1821731,4.132392,2663994192,165552128,True,
linux-arm64,CORE-VERIFY-001/RUN-20260929-4-5ff9db9-linux-arm64,T,blake3,throttled,V2-W2,1,0,2,855440301,1892,25.0436482,3.872268,2664214608,157818880,True,
linux-arm64,CORE-VERIFY-001/RUN-20260929-4-5ff9db9-linux-arm64,T,blake3,throttled,V0,2,0,3,855440301,1892,13.3166794,4.996791,4307536576,84471808,True,
linux-arm64,CORE-VERIFY-001/RUN-20260929-4-5ff9db9-linux-arm64,T,blake3,throttled,V1,2,0,4,855440301,1892,16.4291183,3.774856,2678924424,201469952,True,
linux-arm64,CORE-VERIFY-001/RUN-20260929-4-5ff9db9-linux-arm64,T,blake3,throttled,V2-W2,2,0,5,855440301,1892,12.6642065,3.588771,2679114888,173006848,True,
linux-arm64,CORE-VERIFY-001/RUN-20260929-4-5ff9db9-linux-arm64,T,blake3,throttled,V0,4,0,6,855440301,1892,7.1765375,4.254529,4305441616,117522432,True,
linux-arm64,CORE-VERIFY-001/RUN-20260929-4-5ff9db9-linux-arm64,T,blake3,throttled,V1,4,0,7,855440301,1892,8.7615725,3.590645,2676060632,187338752,True,
linux-arm64,CORE-VERIFY-001/RUN-20260929-4-5ff9db9-linux-arm64,T,blake3,throttled,V2-W2,4,0,8,855440301,1892,6.6001439,3.408085,2706212712,232730624,True,
linux-arm64,CORE-VERIFY-001/RUN-20260929-4-5ff9db9-linux-arm64,T,blake3,throttled,V0,8,0,9,855440301,1892,3.9335963,3.558739,4306719928,149237760,True,
linux-arm64,CORE-VERIFY-001/RUN-20260929-4-5ff9db9-linux-arm64,T,blake3,throttled,V1,8,0,10,855440301,1892,4.8147497,3.015909,2699815208,246362112,True,
linux-arm64,CORE-VERIFY-001/RUN-20260929-4-5ff9db9-linux-arm64,T,blake3,throttled,V2-W2,8,0,11,855440301,1892,3.5536771,2.962524,2713046200,257957888,True,
linux-arm64,CORE-VERIFY-001/RUN-20260929-4-5ff9db9-linux-arm64,T,blake3,throttled,V1,1,1,0,855440301,1892,32.18258,4.084235,2665943824,150040576,True,
linux-arm64,CORE-VERIFY-001/RUN-20260929-4-5ff9db9-linux-arm64,T,blake3,throttled,V2-W2,1,1,1,855440301,1892,25.0874824,3.851542,2668958600,147165184,True,
linux-arm64,CORE-VERIFY-001/RUN-20260929-4-5ff9db9-linux-arm64,T,blake3,throttled,V0,2,1,2,855440301,1892,13.3141829,4.912693,4307995288,91123712,True,
linux-arm64,CORE-VERIFY-001/RUN-20260929-4-5ff9db9-linux-arm64,T,blake3,throttled,V1,2,1,3,855440301,1892,16.4296819,3.869876,2674615584,205492224,True,
linux-arm64,CORE-VERIFY-001/RUN-20260929-4-5ff9db9-linux-arm64,T,blake3,throttled,V2-W2,2,1,4,855440301,1892,12.6657072,3.705916,2676817872,167014400,True,
linux-arm64,CORE-VERIFY-001/RUN-20260929-4-5ff9db9-linux-arm64,T,blake3,throttled,V0,4,1,5,855440301,1892,7.1757574,4.165756,4305854416,123772928,True,
linux-arm64,CORE-VERIFY-001/RUN-20260929-4-5ff9db9-linux-arm64,T,blake3,throttled,V1,4,1,6,855440301,1892,8.7625015,3.640291,2683848640,183762944,True,
linux-arm64,CORE-VERIFY-001/RUN-20260929-4-5ff9db9-linux-arm64,T,blake3,throttled,V2-W2,4,1,7,855440301,1892,6.6046955,3.347857,2687152376,314494976,True,
linux-arm64,CORE-VERIFY-001/RUN-20260929-4-5ff9db9-linux-arm64,T,blake3,throttled,V0,8,1,8,855440301,1892,3.9349917,3.650082,4306492992,162267136,True,
linux-arm64,CORE-VERIFY-001/RUN-20260929-4-5ff9db9-linux-arm64,T,blake3,throttled,V1,8,1,9,855440301,1892,4.8161245,3.052474,2704257880,250732544,True,
linux-arm64,CORE-VERIFY-001/RUN-20260929-4-5ff9db9-linux-arm64,T,blake3,throttled,V2-W2,8,1,10,855440301,1892,3.5550587,2.963612,2699804792,286470144,True,
linux-arm64,CORE-VERIFY-001/RUN-20260929-4-5ff9db9-linux-arm64,T,blake3,throttled,V0,1,1,11,855440301,1892,25.8496222,5.114573,4310102112,91496448,True,
linux-arm64,CORE-VERIFY-001/RUN-20260929-4-5ff9db9-linux-arm64,T,blake3,throttled,V2-W2,1,2,0,855440301,1892,25.0788142,3.914821,2664305920,148844544,True,
linux-arm64,CORE-VERIFY-001/RUN-20260929-4-5ff9db9-linux-arm64,T,blake3,throttled,V0,2,2,1,855440301,1892,13.3161209,5.019729,4308531368,97153024,True,
linux-arm64,CORE-VERIFY-001/RUN-20260929-4-5ff9db9-linux-arm64,T,blake3,throttled,V1,2,2,2,855440301,1892,16.4304376,3.821868,2673278232,149729280,True,
linux-arm64,CORE-VERIFY-001/RUN-20260929-4-5ff9db9-linux-arm64,T,blake3,throttled,V2-W2,2,2,3,855440301,1892,12.6729864,3.669864,2677825752,166682624,True,
linux-arm64,CORE-VERIFY-001/RUN-20260929-4-5ff9db9-linux-arm64,T,blake3,throttled,V0,4,2,4,855440301,1892,7.1751963,4.073556,4306289624,120102912,True,
linux-arm64,CORE-VERIFY-001/RUN-20260929-4-5ff9db9-linux-arm64,T,blake3,throttled,V1,4,2,5,855440301,1892,8.7607577,3.527369,2688413544,186241024,True,
linux-arm64,CORE-VERIFY-001/RUN-20260929-4-5ff9db9-linux-arm64,T,blake3,throttled,V2-W2,4,2,6,855440301,1892,6.6059878,3.335864,2687539376,204812288,True,
linux-arm64,CORE-VERIFY-001/RUN-20260929-4-5ff9db9-linux-arm64,T,blake3,throttled,V0,8,2,7,855440301,1892,3.9342193,3.42741,4306273136,157257728,True,
linux-arm64,CORE-VERIFY-001/RUN-20260929-4-5ff9db9-linux-arm64,T,blake3,throttled,V1,8,2,8,855440301,1892,4.8153268,3.037472,2698797856,233848832,True,
linux-arm64,CORE-VERIFY-001/RUN-20260929-4-5ff9db9-linux-arm64,T,blake3,throttled,V2-W2,8,2,9,855440301,1892,3.5618824,2.890466,2698640544,271548416,True,
linux-arm64,CORE-VERIFY-001/RUN-20260929-4-5ff9db9-linux-arm64,T,blake3,throttled,V0,1,2,10,855440301,1892,25.849654,5.030499,4310964464,91496448,True,
linux-arm64,CORE-VERIFY-001/RUN-20260929-4-5ff9db9-linux-arm64,T,blake3,throttled,V1,1,2,11,855440301,1892,32.1826551,4.058788,2665764640,143273984,True,
linux-arm64,CORE-VERIFY-001/RUN-20260929-4-5ff9db9-linux-arm64,T,blake3,throttled,V0,2,3,0,855440301,1892,13.3166939,4.969337,4308244936,86360064,True,
linux-arm64,CORE-VERIFY-001/RUN-20260929-4-5ff9db9-linux-arm64,T,blake3,throttled,V1,2,3,1,855440301,1892,16.4294429,3.843729,2664783104,150450176,True,
linux-arm64,CORE-VERIFY-001/RUN-20260929-4-5ff9db9-linux-arm64,T,blake3,throttled,V2-W2,2,3,2,855440301,1892,12.6586328,3.676094,2682423416,177418240,True,
linux-arm64,CORE-VERIFY-001/RUN-20260929-4-5ff9db9-linux-arm64,T,blake3,throttled,V0,4,3,3,855440301,1892,7.1752505,4.084515,4306356936,119754752,True,
linux-arm64,CORE-VERIFY-001/RUN-20260929-4-5ff9db9-linux-arm64,T,blake3,throttled,V1,4,3,4,855440301,1892,8.761138,3.496861,2677454408,209297408,True,
linux-arm64,CORE-VERIFY-001/RUN-20260929-4-5ff9db9-linux-arm64,T,blake3,throttled,V2-W2,4,3,5,855440301,1892,6.5977965,3.314976,2698148752,213848064,True,
linux-arm64,CORE-VERIFY-001/RUN-20260929-4-5ff9db9-linux-arm64,T,blake3,throttled,V0,8,3,6,855440301,1892,3.9331271,3.586247,4306673328,165687296,True,
linux-arm64,CORE-VERIFY-001/RUN-20260929-4-5ff9db9-linux-arm64,T,blake3,throttled,V1,8,3,7,855440301,1892,4.815665,3.045388,2697912776,220360704,True,
linux-arm64,CORE-VERIFY-001/RUN-20260929-4-5ff9db9-linux-arm64,T,blake3,throttled,V2-W2,8,3,8,855440301,1892,3.5559153,2.900988,2706477384,251813888,True,
linux-arm64,CORE-VERIFY-001/RUN-20260929-4-5ff9db9-linux-arm64,T,blake3,throttled,V0,1,3,9,855440301,1892,25.8487755,5.041092,4311031672,87072768,True,
linux-arm64,CORE-VERIFY-001/RUN-20260929-4-5ff9db9-linux-arm64,T,blake3,throttled,V1,1,3,10,855440301,1892,32.1820583,4.072066,2666345088,139616256,True,
linux-arm64,CORE-VERIFY-001/RUN-20260929-4-5ff9db9-linux-arm64,T,blake3,throttled,V2-W2,1,3,11,855440301,1892,25.0638051,3.815849,2664772856,154505216,True,
linux-arm64,CORE-VERIFY-001/RUN-20260929-4-5ff9db9-linux-arm64,T,blake3,throttled,V1,2,4,0,855440301,1892,16.4298634,3.904369,2672196152,153620480,True,
linux-arm64,CORE-VERIFY-001/RUN-20260929-4-5ff9db9-linux-arm64,T,blake3,throttled,V2-W2,2,4,1,855440301,1892,12.64359,3.680691,2681382568,178860032,True,
linux-arm64,CORE-VERIFY-001/RUN-20260929-4-5ff9db9-linux-arm64,T,blake3,throttled,V0,4,4,2,855440301,1892,7.1776034,3.981038,4306309360,118661120,True,
linux-arm64,CORE-VERIFY-001/RUN-20260929-4-5ff9db9-linux-arm64,T,blake3,throttled,V1,4,4,3,855440301,1892,8.7611863,3.557723,2689322640,185434112,True,
linux-arm64,CORE-VERIFY-001/RUN-20260929-4-5ff9db9-linux-arm64,T,blake3,throttled,V2-W2,4,4,4,855440301,1892,6.5852465,3.361117,2697320536,255918080,True,
linux-arm64,CORE-VERIFY-001/RUN-20260929-4-5ff9db9-linux-arm64,T,blake3,throttled,V0,8,4,5,855440301,1892,3.934161,3.46866,4306462536,161026048,True,
linux-arm64,CORE-VERIFY-001/RUN-20260929-4-5ff9db9-linux-arm64,T,blake3,throttled,V1,8,4,6,855440301,1892,4.8148385,2.950728,2693981272,217403392,True,
linux-arm64,CORE-VERIFY-001/RUN-20260929-4-5ff9db9-linux-arm64,T,blake3,throttled,V2-W2,8,4,7,855440301,1892,3.5558695,2.971031,2709445752,314208256,True,
linux-arm64,CORE-VERIFY-001/RUN-20260929-4-5ff9db9-linux-arm64,T,blake3,throttled,V0,1,4,8,855440301,1892,25.8495592,5.013811,4310643104,85549056,True,
linux-arm64,CORE-VERIFY-001/RUN-20260929-4-5ff9db9-linux-arm64,T,blake3,throttled,V1,1,4,9,855440301,1892,32.1820516,3.983966,2666103496,196046848,True,
linux-arm64,CORE-VERIFY-001/RUN-20260929-4-5ff9db9-linux-arm64,T,blake3,throttled,V2-W2,1,4,10,855440301,1892,25.0742433,3.898032,2669119912,142778368,True,
linux-arm64,CORE-VERIFY-001/RUN-20260929-4-5ff9db9-linux-arm64,T,blake3,throttled,V0,2,4,11,855440301,1892,13.3157999,4.770933,4308323264,86155264,True,
linux-arm64,CORE-VERIFY-001/RUN-20260929-4-5ff9db9-linux-arm64,T,blake3,throttled,V2-W2,2,5,0,855440301,1892,12.6590001,3.548618,2678678712,184045568,True,
linux-arm64,CORE-VERIFY-001/RUN-20260929-4-5ff9db9-linux-arm64,T,blake3,throttled,V0,4,5,1,855440301,1892,7.1749421,3.912184,4305603896,112979968,True,
linux-arm64,CORE-VERIFY-001/RUN-20260929-4-5ff9db9-linux-arm64,T,blake3,throttled,V1,4,5,2,855440301,1892,8.7616774,3.496997,2689480960,193970176,True,
linux-arm64,CORE-VERIFY-001/RUN-20260929-4-5ff9db9-linux-arm64,T,blake3,throttled,V2-W2,4,5,3,855440301,1892,6.6103848,3.265474,2696186040,206282752,True,
linux-arm64,CORE-VERIFY-001/RUN-20260929-4-5ff9db9-linux-arm64,T,blake3,throttled,V0,8,5,4,855440301,1892,3.9346638,3.36172,4307573968,152305664,True,
linux-arm64,CORE-VERIFY-001/RUN-20260929-4-5ff9db9-linux-arm64,T,blake3,throttled,V1,8,5,5,855440301,1892,4.8146239,2.961619,2697298840,217296896,True,
linux-arm64,CORE-VERIFY-001/RUN-20260929-4-5ff9db9-linux-arm64,T,blake3,throttled,V2-W2,8,5,6,855440301,1892,3.5538912,2.828017,2712479592,256339968,True,
linux-arm64,CORE-VERIFY-001/RUN-20260929-4-5ff9db9-linux-arm64,T,blake3,throttled,V0,1,5,7,855440301,1892,25.8491617,4.809102,4310913552,86085632,True,
linux-arm64,CORE-VERIFY-001/RUN-20260929-4-5ff9db9-linux-arm64,T,blake3,throttled,V1,1,5,8,855440301,1892,32.1821119,4.0091,2658283280,133152768,True,
linux-arm64,CORE-VERIFY-001/RUN-20260929-4-5ff9db9-linux-arm64,T,blake3,throttled,V2-W2,1,5,9,855440301,1892,25.1083976,3.872177,2666091904,133341184,True,
linux-arm64,CORE-VERIFY-001/RUN-20260929-4-5ff9db9-linux-arm64,T,blake3,throttled,V0,2,5,10,855440301,1892,13.3145706,4.820597,4308448744,145936384,True,
linux-arm64,CORE-VERIFY-001/RUN-20260929-4-5ff9db9-linux-arm64,T,blake3,throttled,V1,2,5,11,855440301,1892,16.4300413,3.856711,2679330192,180088832,True,
linux-arm64,CORE-VERIFY-001/RUN-20260929-4-5ff9db9-linux-arm64,T,blake3,throttled,V0,4,6,0,855440301,1892,7.1755908,3.941822,4306565080,116350976,True,
linux-arm64,CORE-VERIFY-001/RUN-20260929-4-5ff9db9-linux-arm64,T,blake3,throttled,V1,4,6,1,855440301,1892,8.7611135,3.404677,2682312184,174571520,True,
linux-arm64,CORE-VERIFY-001/RUN-20260929-4-5ff9db9-linux-arm64,T,blake3,throttled,V2-W2,4,6,2,855440301,1892,6.5993904,3.287315,2691027664,197992448,True,
linux-arm64,CORE-VERIFY-001/RUN-20260929-4-5ff9db9-linux-arm64,T,blake3,throttled,V0,8,6,3,855440301,1892,3.9355574,3.432902,4306752928,142864384,True,
linux-arm64,CORE-VERIFY-001/RUN-20260929-4-5ff9db9-linux-arm64,T,blake3,throttled,V1,8,6,4,855440301,1892,4.8150946,2.970339,2693961704,215293952,True,
linux-arm64,CORE-VERIFY-001/RUN-20260929-4-5ff9db9-linux-arm64,T,blake3,throttled,V2-W2,8,6,5,855440301,1892,3.5619018,2.839695,2714643384,237424640,True,
linux-arm64,CORE-VERIFY-001/RUN-20260929-4-5ff9db9-linux-arm64,T,blake3,throttled,V0,1,6,6,855440301,1892,25.8490621,4.851456,4309679056,86147072,True,
linux-arm64,CORE-VERIFY-001/RUN-20260929-4-5ff9db9-linux-arm64,T,blake3,throttled,V1,1,6,7,855440301,1892,32.1834929,3.989797,2666439936,134631424,True,
linux-arm64,CORE-VERIFY-001/RUN-20260929-4-5ff9db9-linux-arm64,T,blake3,throttled,V2-W2,1,6,8,855440301,1892,25.1368281,3.903099,2661038536,152768512,True,
linux-arm64,CORE-VERIFY-001/RUN-20260929-4-5ff9db9-linux-arm64,T,blake3,throttled,V0,2,6,9,855440301,1892,13.3157468,4.858238,4309359104,85991424,True,
linux-arm64,CORE-VERIFY-001/RUN-20260929-4-5ff9db9-linux-arm64,T,blake3,throttled,V1,2,6,10,855440301,1892,16.4296102,3.778985,2673770304,163450880,True,
linux-arm64,CORE-VERIFY-001/RUN-20260929-4-5ff9db9-linux-arm64,T,blake3,throttled,V2-W2,2,6,11,855440301,1892,12.6496496,3.605627,2683573840,179802112,True,
linux-arm64,CORE-VERIFY-001/RUN-20260929-4-5ff9db9-linux-arm64,T,blake3,throttled,V1,4,7,0,855440301,1892,8.7593366,3.479069,2687758528,190611456,True,
linux-arm64,CORE-VERIFY-001/RUN-20260929-4-5ff9db9-linux-arm64,T,blake3,throttled,V2-W2,4,7,1,855440301,1892,6.5964376,3.39314,2687901248,202387456,True,
linux-arm64,CORE-VERIFY-001/RUN-20260929-4-5ff9db9-linux-arm64,T,blake3,throttled,V0,8,7,2,855440301,1892,3.9347661,3.437651,4306836968,159801344,True,
linux-arm64,CORE-VERIFY-001/RUN-20260929-4-5ff9db9-linux-arm64,T,blake3,throttled,V1,8,7,3,855440301,1892,4.8152417,2.998171,2690139104,248446976,True,
linux-arm64,CORE-VERIFY-001/RUN-20260929-4-5ff9db9-linux-arm64,T,blake3,throttled,V2-W2,8,7,4,855440301,1892,3.5515128,2.867094,2702987104,248324096,True,
linux-arm64,CORE-VERIFY-001/RUN-20260929-4-5ff9db9-linux-arm64,T,blake3,throttled,V0,1,7,5,855440301,1892,25.8489461,4.9926,4310637256,86740992,True,
linux-arm64,CORE-VERIFY-001/RUN-20260929-4-5ff9db9-linux-arm64,T,blake3,throttled,V1,1,7,6,855440301,1892,32.1818054,4.114992,2662308336,150634496,True,
linux-arm64,CORE-VERIFY-001/RUN-20260929-4-5ff9db9-linux-arm64,T,blake3,throttled,V2-W2,1,7,7,855440301,1892,25.0916154,3.846588,2659065568,183787520,True,
linux-arm64,CORE-VERIFY-001/RUN-20260929-4-5ff9db9-linux-arm64,T,blake3,throttled,V0,2,7,8,855440301,1892,13.3148621,4.835889,4308321560,91717632,True,
linux-arm64,CORE-VERIFY-001/RUN-20260929-4-5ff9db9-linux-arm64,T,blake3,throttled,V1,2,7,9,855440301,1892,16.4319186,3.803539,2673155888,174198784,True,
linux-arm64,CORE-VERIFY-001/RUN-20260929-4-5ff9db9-linux-arm64,T,blake3,throttled,V2-W2,2,7,10,855440301,1892,12.6510544,3.631061,2679248496,289853440,True,
linux-arm64,CORE-VERIFY-001/RUN-20260929-4-5ff9db9-linux-arm64,T,blake3,throttled,V0,4,7,11,855440301,1892,7.1765432,4.043516,4305787440,119345152,True,
linux-arm64,CORE-VERIFY-001/RUN-20260929-4-5ff9db9-linux-arm64,T,blake3,throttled,V2-W2,4,8,0,855440301,1892,6.6065839,3.394338,2700985512,220082176,True,
linux-arm64,CORE-VERIFY-001/RUN-20260929-4-5ff9db9-linux-arm64,T,blake3,throttled,V0,8,8,1,855440301,1892,3.9339983,3.598125,4306738520,149618688,True,
linux-arm64,CORE-VERIFY-001/RUN-20260929-4-5ff9db9-linux-arm64,T,blake3,throttled,V1,8,8,2,855440301,1892,4.8149268,3.06325,2702786616,220168192,True,
linux-arm64,CORE-VERIFY-001/RUN-20260929-4-5ff9db9-linux-arm64,T,blake3,throttled,V2-W2,8,8,3,855440301,1892,3.5603398,2.909995,2709192240,239038464,True,
linux-arm64,CORE-VERIFY-001/RUN-20260929-4-5ff9db9-linux-arm64,T,blake3,throttled,V0,1,8,4,855440301,1892,25.8488619,5.136093,4311574088,86450176,True,
linux-arm64,CORE-VERIFY-001/RUN-20260929-4-5ff9db9-linux-arm64,T,blake3,throttled,V1,1,8,5,855440301,1892,32.1828912,4.121775,2656306200,128163840,True,
linux-arm64,CORE-VERIFY-001/RUN-20260929-4-5ff9db9-linux-arm64,T,blake3,throttled,V2-W2,1,8,6,855440301,1892,25.0579417,3.84228,2661211960,152367104,True,
linux-arm64,CORE-VERIFY-001/RUN-20260929-4-5ff9db9-linux-arm64,T,blake3,throttled,V0,2,8,7,855440301,1892,13.3157772,5.008114,4307936680,93372416,True,
linux-arm64,CORE-VERIFY-001/RUN-20260929-4-5ff9db9-linux-arm64,T,blake3,throttled,V1,2,8,8,855440301,1892,16.4324414,3.798847,2686271872,223354880,True,
linux-arm64,CORE-VERIFY-001/RUN-20260929-4-5ff9db9-linux-arm64,T,blake3,throttled,V2-W2,2,8,9,855440301,1892,12.6563854,3.595745,2680997360,216768512,True,
linux-arm64,CORE-VERIFY-001/RUN-20260929-4-5ff9db9-linux-arm64,T,blake3,throttled,V0,4,8,10,855440301,1892,7.1762659,4.054311,4305510704,122515456,True,
linux-arm64,CORE-VERIFY-001/RUN-20260929-4-5ff9db9-linux-arm64,T,blake3,throttled,V1,4,8,11,855440301,1892,8.7613082,3.521164,2683757824,212561920,True,
linux-arm64,CORE-VERIFY-001/RUN-20260929-4-5ff9db9-linux-arm64,T,blake3,throttled,V0,8,9,0,855440301,1892,3.9334847,3.47906,4306730048,166002688,True,
linux-arm64,CORE-VERIFY-001/RUN-20260929-4-5ff9db9-linux-arm64,T,blake3,throttled,V1,8,9,1,855440301,1892,4.8154375,3.050346,2705454544,240844800,True,
linux-arm64,CORE-VERIFY-001/RUN-20260929-4-5ff9db9-linux-arm64,T,blake3,throttled,V2-W2,8,9,2,855440301,1892,3.5591205,2.938344,2706526904,255303680,True,
linux-arm64,CORE-VERIFY-001/RUN-20260929-4-5ff9db9-linux-arm64,T,blake3,throttled,V0,1,9,3,855440301,1892,25.8495074,5.178687,4310071080,90320896,True,
linux-arm64,CORE-VERIFY-001/RUN-20260929-4-5ff9db9-linux-arm64,T,blake3,throttled,V1,1,9,4,855440301,1892,32.1819021,4.104668,2657959416,161128448,True,
linux-arm64,CORE-VERIFY-001/RUN-20260929-4-5ff9db9-linux-arm64,T,blake3,throttled,V2-W2,1,9,5,855440301,1892,25.1375284,3.937969,2668545944,148180992,True,
linux-arm64,CORE-VERIFY-001/RUN-20260929-4-5ff9db9-linux-arm64,T,blake3,throttled,V0,2,9,6,855440301,1892,13.3151213,5.018133,4308271224,88379392,True,
linux-arm64,CORE-VERIFY-001/RUN-20260929-4-5ff9db9-linux-arm64,T,blake3,throttled,V1,2,9,7,855440301,1892,16.4302565,3.795713,2672874312,172150784,True,
linux-arm64,CORE-VERIFY-001/RUN-20260929-4-5ff9db9-linux-arm64,T,blake3,throttled,V2-W2,2,9,8,855440301,1892,12.6502216,3.766157,2675888264,231362560,True,
linux-arm64,CORE-VERIFY-001/RUN-20260929-4-5ff9db9-linux-arm64,T,blake3,throttled,V0,4,9,9,855440301,1892,7.1756991,4.148947,4305959048,118665216,True,
linux-arm64,CORE-VERIFY-001/RUN-20260929-4-5ff9db9-linux-arm64,T,blake3,throttled,V1,4,9,10,855440301,1892,8.7606444,3.54622,2685069200,196034560,True,
linux-arm64,CORE-VERIFY-001/RUN-20260929-4-5ff9db9-linux-arm64,T,blake3,throttled,V2-W2,4,9,11,855440301,1892,6.6064591,3.451747,2696224000,224169984,True,
linux-x64,CORE-VERIFY-001/RUN-20260929-4-5ff9db9-linux-x64,T,blake3,warm,V0,1,0,0,855440301,1892,0.8567665,1.772402,336773528,115818496,True,
linux-x64,CORE-VERIFY-001/RUN-20260929-4-5ff9db9-linux-x64,T,blake3,warm,V1,1,0,1,855440301,1892,0.5802647,1.008247,686689192,185917440,True,
linux-x64,CORE-VERIFY-001/RUN-20260929-4-5ff9db9-linux-x64,T,blake3,warm,V2-W2,1,0,2,855440301,1892,0.5088482,1.028854,687168808,160731136,True,
linux-x64,CORE-VERIFY-001/RUN-20260929-4-5ff9db9-linux-x64,T,blake3,warm,V0,2,0,3,855440301,1892,0.5160108,1.361163,338186240,111833088,True,
linux-x64,CORE-VERIFY-001/RUN-20260929-4-5ff9db9-linux-x64,T,blake3,warm,V1,2,0,4,855440301,1892,0.3283348,0.845335,694302128,175341568,True,
linux-x64,CORE-VERIFY-001/RUN-20260929-4-5ff9db9-linux-x64,T,blake3,warm,V2-W2,2,0,5,855440301,1892,0.2936938,0.864841,701561416,225513472,True,
linux-x64,CORE-VERIFY-001/RUN-20260929-4-5ff9db9-linux-x64,T,blake3,warm,V0,4,0,6,855440301,1892,0.2936418,1.019673,337950056,94572544,True,
linux-x64,CORE-VERIFY-001/RUN-20260929-4-5ff9db9-linux-x64,T,blake3,warm,V1,4,0,7,855440301,1892,0.2286415,0.713961,721408440,228741120,True,
linux-x64,CORE-VERIFY-001/RUN-20260929-4-5ff9db9-linux-x64,T,blake3,warm,V2-W2,4,0,8,855440301,1892,0.2312179,0.806652,727384984,243892224,True,
linux-x64,CORE-VERIFY-001/RUN-20260929-4-5ff9db9-linux-x64,T,blake3,warm,V0,8,0,9,855440301,1892,0.2885576,1.053716,338656280,156577792,True,
linux-x64,CORE-VERIFY-001/RUN-20260929-4-5ff9db9-linux-x64,T,blake3,warm,V1,8,0,10,855440301,1892,0.2319253,0.780471,757091888,263118848,True,
linux-x64,CORE-VERIFY-001/RUN-20260929-4-5ff9db9-linux-x64,T,blake3,warm,V2-W2,8,0,11,855440301,1892,0.2438626,0.853695,775086600,389201920,True,
linux-x64,CORE-VERIFY-001/RUN-20260929-4-5ff9db9-linux-x64,T,blake3,warm,V1,1,1,0,855440301,1892,0.5528898,1.061411,688361656,147206144,True,
linux-x64,CORE-VERIFY-001/RUN-20260929-4-5ff9db9-linux-x64,T,blake3,warm,V2-W2,1,1,1,855440301,1892,0.5070323,1.080658,685472600,200134656,True,
linux-x64,CORE-VERIFY-001/RUN-20260929-4-5ff9db9-linux-x64,T,blake3,warm,V0,2,1,2,855440301,1892,0.4678862,1.286069,337770424,91484160,True,
linux-x64,CORE-VERIFY-001/RUN-20260929-4-5ff9db9-linux-x64,T,blake3,warm,V1,2,1,3,855440301,1892,0.322014,0.87668,696444944,178380800,True,
linux-x64,CORE-VERIFY-001/RUN-20260929-4-5ff9db9-linux-x64,T,blake3,warm,V2-W2,2,1,4,855440301,1892,0.2761259,0.802936,706200512,236687360,True,
linux-x64,CORE-VERIFY-001/RUN-20260929-4-5ff9db9-linux-x64,T,blake3,warm,V0,4,1,5,855440301,1892,0.3067203,1.053043,338319024,101974016,True,
linux-x64,CORE-VERIFY-001/RUN-20260929-4-5ff9db9-linux-x64,T,blake3,warm,V1,4,1,6,855440301,1892,0.2191551,0.728107,723114744,248082432,True,
linux-x64,CORE-VERIFY-001/RUN-20260929-4-5ff9db9-linux-x64,T,blake3,warm,V2-W2,4,1,7,855440301,1892,0.2215137,0.75149,735472656,284598272,True,
linux-x64,CORE-VERIFY-001/RUN-20260929-4-5ff9db9-linux-x64,T,blake3,warm,V0,8,1,8,855440301,1892,0.2838068,1.026769,339043728,108318720,True,
linux-x64,CORE-VERIFY-001/RUN-20260929-4-5ff9db9-linux-x64,T,blake3,warm,V1,8,1,9,855440301,1892,0.2163319,0.723248,742358248,275476480,True,
linux-x64,CORE-VERIFY-001/RUN-20260929-4-5ff9db9-linux-x64,T,blake3,warm,V2-W2,8,1,10,855440301,1892,0.2342034,0.808668,772821560,312668160,True,
linux-x64,CORE-VERIFY-001/RUN-20260929-4-5ff9db9-linux-x64,T,blake3,warm,V0,1,1,11,855440301,1892,0.860319,1.707284,336538784,97632256,True,
linux-x64,CORE-VERIFY-001/RUN-20260929-4-5ff9db9-linux-x64,T,blake3,warm,V2-W2,1,2,0,855440301,1892,0.4680399,0.962379,689248584,173494272,True,
linux-x64,CORE-VERIFY-001/RUN-20260929-4-5ff9db9-linux-x64,T,blake3,warm,V0,2,2,1,855440301,1892,0.4714832,1.301502,337789680,96763904,True,
linux-x64,CORE-VERIFY-001/RUN-20260929-4-5ff9db9-linux-x64,T,blake3,warm,V1,2,2,2,855440301,1892,0.3302897,0.895127,693856520,184705024,True,
linux-x64,CORE-VERIFY-001/RUN-20260929-4-5ff9db9-linux-x64,T,blake3,warm,V2-W2,2,2,3,855440301,1892,0.2683132,0.783383,693466440,230100992,True,
linux-x64,CORE-VERIFY-001/RUN-20260929-4-5ff9db9-linux-x64,T,blake3,warm,V0,4,2,4,855440301,1892,0.3028554,1.032351,338296856,96350208,True,
linux-x64,CORE-VERIFY-001/RUN-20260929-4-5ff9db9-linux-x64,T,blake3,warm,V1,4,2,5,855440301,1892,0.2269749,0.731753,717006992,254726144,True,
linux-x64,CORE-VERIFY-001/RUN-20260929-4-5ff9db9-linux-x64,T,blake3,warm,V2-W2,4,2,6,855440301,1892,0.2242488,0.732729,742458768,270864384,True,
linux-x64,CORE-VERIFY-001/RUN-20260929-4-5ff9db9-linux-x64,T,blake3,warm,V0,8,2,7,855440301,1892,0.2803364,1.015398,338781600,124014592,True,
linux-x64,CORE-VERIFY-001/RUN-20260929-4-5ff9db9-linux-x64,T,blake3,warm,V1,8,2,8,855440301,1892,0.2218418,0.764866,747695744,349974528,True,
linux-x64,CORE-VERIFY-001/RUN-20260929-4-5ff9db9-linux-x64,T,blake3,warm,V2-W2,8,2,9,855440301,1892,0.219682,0.799739,751458744,322633728,True,
linux-x64,CORE-VERIFY-001/RUN-20260929-4-5ff9db9-linux-x64,T,blake3,warm,V0,1,2,10,855440301,1892,0.8579025,1.655308,336856784,101023744,True,
linux-x64,CORE-VERIFY-001/RUN-20260929-4-5ff9db9-linux-x64,T,blake3,warm,V1,1,2,11,855440301,1892,0.5138796,1.014423,684216152,155291648,True,
linux-x64,CORE-VERIFY-001/RUN-20260929-4-5ff9db9-linux-x64,T,blake3,warm,V0,2,3,0,855440301,1892,0.462832,1.283218,337827504,95428608,True,
linux-x64,CORE-VERIFY-001/RUN-20260929-4-5ff9db9-linux-x64,T,blake3,warm,V1,2,3,1,855440301,1892,0.337768,0.885848,695364112,174948352,True,
linux-x64,CORE-VERIFY-001/RUN-20260929-4-5ff9db9-linux-x64,T,blake3,warm,V2-W2,2,3,2,855440301,1892,0.2622959,0.735017,695918824,201351168,True,
linux-x64,CORE-VERIFY-001/RUN-20260929-4-5ff9db9-linux-x64,T,blake3,warm,V0,4,3,3,855440301,1892,0.3063903,1.036371,337960768,92782592,True,
linux-x64,CORE-VERIFY-001/RUN-20260929-4-5ff9db9-linux-x64,T,blake3,warm,V1,4,3,4,855440301,1892,0.2080269,0.684984,723559960,224747520,True,
linux-x64,CORE-VERIFY-001/RUN-20260929-4-5ff9db9-linux-x64,T,blake3,warm,V2-W2,4,3,5,855440301,1892,0.2058188,0.712604,730244264,256077824,True,
linux-x64,CORE-VERIFY-001/RUN-20260929-4-5ff9db9-linux-x64,T,blake3,warm,V0,8,3,6,855440301,1892,0.2930813,1.020964,339335200,101380096,True,
linux-x64,CORE-VERIFY-001/RUN-20260929-4-5ff9db9-linux-x64,T,blake3,warm,V1,8,3,7,855440301,1892,0.2051356,0.730185,749197624,283439104,True,
linux-x64,CORE-VERIFY-001/RUN-20260929-4-5ff9db9-linux-x64,T,blake3,warm,V2-W2,8,3,8,855440301,1892,0.2316559,0.821966,756325096,361287680,True,
linux-x64,CORE-VERIFY-001/RUN-20260929-4-5ff9db9-linux-x64,T,blake3,warm,V0,1,3,9,855440301,1892,0.8126907,1.729679,336919296,97984512,True,
linux-x64,CORE-VERIFY-001/RUN-20260929-4-5ff9db9-linux-x64,T,blake3,warm,V1,1,3,10,855440301,1892,0.5232858,0.887724,683934192,158609408,True,
linux-x64,CORE-VERIFY-001/RUN-20260929-4-5ff9db9-linux-x64,T,blake3,warm,V2-W2,1,3,11,855440301,1892,0.4578023,0.995228,689611600,172793856,True,
linux-x64,CORE-VERIFY-001/RUN-20260929-4-5ff9db9-linux-x64,T,blake3,warm,V1,2,4,0,855440301,1892,0.3302083,0.865787,698141248,176091136,True,
linux-x64,CORE-VERIFY-001/RUN-20260929-4-5ff9db9-linux-x64,T,blake3,warm,V2-W2,2,4,1,855440301,1892,0.257373,0.744461,703940424,195624960,True,
linux-x64,CORE-VERIFY-001/RUN-20260929-4-5ff9db9-linux-x64,T,blake3,warm,V0,4,4,2,855440301,1892,0.2737939,1.011585,337980920,120868864,True,
linux-x64,CORE-VERIFY-001/RUN-20260929-4-5ff9db9-linux-x64,T,blake3,warm,V1,4,4,3,855440301,1892,0.2148533,0.687068,731890128,238895104,True,
linux-x64,CORE-VERIFY-001/RUN-20260929-4-5ff9db9-linux-x64,T,blake3,warm,V2-W2,4,4,4,855440301,1892,0.2390774,0.836204,737178944,287059968,True,
linux-x64,CORE-VERIFY-001/RUN-20260929-4-5ff9db9-linux-x64,T,blake3,warm,V0,8,4,5,855440301,1892,0.2950701,1.074154,338932160,130969600,True,
linux-x64,CORE-VERIFY-001/RUN-20260929-4-5ff9db9-linux-x64,T,blake3,warm,V1,8,4,6,855440301,1892,0.2187502,0.761543,731440136,254992384,True,
linux-x64,CORE-VERIFY-001/RUN-20260929-4-5ff9db9-linux-x64,T,blake3,warm,V2-W2,8,4,7,855440301,1892,0.2258927,0.795348,771093264,294993920,True,
linux-x64,CORE-VERIFY-001/RUN-20260929-4-5ff9db9-linux-x64,T,blake3,warm,V0,1,4,8,855440301,1892,0.8242901,1.63722,336947392,105308160,True,
linux-x64,CORE-VERIFY-001/RUN-20260929-4-5ff9db9-linux-x64,T,blake3,warm,V1,1,4,9,855440301,1892,0.5521241,1.058388,687454224,179343360,True,
linux-x64,CORE-VERIFY-001/RUN-20260929-4-5ff9db9-linux-x64,T,blake3,warm,V2-W2,1,4,10,855440301,1892,0.4621595,1.047397,686690216,208384000,True,
linux-x64,CORE-VERIFY-001/RUN-20260929-4-5ff9db9-linux-x64,T,blake3,warm,V0,2,4,11,855440301,1892,0.4957664,1.397156,337514112,110698496,True,
linux-x64,CORE-VERIFY-001/RUN-20260929-4-5ff9db9-linux-x64,T,blake3,warm,V2-W2,2,5,0,855440301,1892,0.2884141,0.80446,698545512,238669824,True,
linux-x64,CORE-VERIFY-001/RUN-20260929-4-5ff9db9-linux-x64,T,blake3,warm,V0,4,5,1,855440301,1892,0.3030393,1.033671,338080848,94330880,True,
linux-x64,CORE-VERIFY-001/RUN-20260929-4-5ff9db9-linux-x64,T,blake3,warm,V1,4,5,2,855440301,1892,0.206687,0.677901,710873152,219893760,True,
linux-x64,CORE-VERIFY-001/RUN-20260929-4-5ff9db9-linux-x64,T,blake3,warm,V2-W2,4,5,3,855440301,1892,0.2029072,0.70503,745851728,286670848,True,
linux-x64,CORE-VERIFY-001/RUN-20260929-4-5ff9db9-linux-x64,T,blake3,warm,V0,8,5,4,855440301,1892,0.2941652,1.038386,338957240,113569792,True,
linux-x64,CORE-VERIFY-001/RUN-20260929-4-5ff9db9-linux-x64,T,blake3,warm,V1,8,5,5,855440301,1892,0.2081418,0.730103,742142136,273469440,True,
linux-x64,CORE-VERIFY-001/RUN-20260929-4-5ff9db9-linux-x64,T,blake3,warm,V2-W2,8,5,6,855440301,1892,0.2171611,0.779861,758516168,284491776,True,
linux-x64,CORE-VERIFY-001/RUN-20260929-4-5ff9db9-linux-x64,T,blake3,warm,V0,1,5,7,855440301,1892,0.8842672,1.718228,336730992,94707712,True,
linux-x64,CORE-VERIFY-001/RUN-20260929-4-5ff9db9-linux-x64,T,blake3,warm,V1,1,5,8,855440301,1892,0.5833749,1.041626,682703632,162017280,True,
linux-x64,CORE-VERIFY-001/RUN-20260929-4-5ff9db9-linux-x64,T,blake3,warm,V2-W2,1,5,9,855440301,1892,0.4740869,1.034124,685110168,169205760,True,
linux-x64,CORE-VERIFY-001/RUN-20260929-4-5ff9db9-linux-x64,T,blake3,warm,V0,2,5,10,855440301,1892,0.4678769,1.267052,337830056,96174080,True,
linux-x64,CORE-VERIFY-001/RUN-20260929-4-5ff9db9-linux-x64,T,blake3,warm,V1,2,5,11,855440301,1892,0.3205533,0.841848,696432096,180965376,True,
linux-x64,CORE-VERIFY-001/RUN-20260929-4-5ff9db9-linux-x64,T,blake3,warm,V0,4,6,0,855440301,1892,0.2973438,1.033563,338333896,92692480,True,
linux-x64,CORE-VERIFY-001/RUN-20260929-4-5ff9db9-linux-x64,T,blake3,warm,V1,4,6,1,855440301,1892,0.222119,0.73044,725644704,227631104,True,
linux-x64,CORE-VERIFY-001/RUN-20260929-4-5ff9db9-linux-x64,T,blake3,warm,V2-W2,4,6,2,855440301,1892,0.2152871,0.756986,740534560,346828800,True,
linux-x64,CORE-VERIFY-001/RUN-20260929-4-5ff9db9-linux-x64,T,blake3,warm,V0,8,6,3,855440301,1892,0.3128561,1.120499,339018920,117735424,True,
linux-x64,CORE-VERIFY-001/RUN-20260929-4-5ff9db9-linux-x64,T,blake3,warm,V1,8,6,4,855440301,1892,0.2242774,0.747787,750523824,289087488,True,
linux-x64,CORE-VERIFY-001/RUN-20260929-4-5ff9db9-linux-x64,T,blake3,warm,V2-W2,8,6,5,855440301,1892,0.2461211,0.853672,765023136,370012160,True,
linux-x64,CORE-VERIFY-001/RUN-20260929-4-5ff9db9-linux-x64,T,blake3,warm,V0,1,6,6,855440301,1892,0.8595302,1.710242,336818328,89370624,True,
linux-x64,CORE-VERIFY-001/RUN-20260929-4-5ff9db9-linux-x64,T,blake3,warm,V1,1,6,7,855440301,1892,0.5785081,1.069504,679721728,183865344,True,
linux-x64,CORE-VERIFY-001/RUN-20260929-4-5ff9db9-linux-x64,T,blake3,warm,V2-W2,1,6,8,855440301,1892,0.4952767,1.055788,692416800,198148096,True,
linux-x64,CORE-VERIFY-001/RUN-20260929-4-5ff9db9-linux-x64,T,blake3,warm,V0,2,6,9,855440301,1892,0.4864073,1.297012,337520432,116305920,True,
linux-x64,CORE-VERIFY-001/RUN-20260929-4-5ff9db9-linux-x64,T,blake3,warm,V1,2,6,10,855440301,1892,0.3217049,0.807977,695067968,171470848,True,
linux-x64,CORE-VERIFY-001/RUN-20260929-4-5ff9db9-linux-x64,T,blake3,warm,V2-W2,2,6,11,855440301,1892,0.292677,0.828945,695557216,180301824,True,
linux-x64,CORE-VERIFY-001/RUN-20260929-4-5ff9db9-linux-x64,T,blake3,warm,V1,4,7,0,855440301,1892,0.2383415,0.781467,723627600,243146752,True,
linux-x64,CORE-VERIFY-001/RUN-20260929-4-5ff9db9-linux-x64,T,blake3,warm,V2-W2,4,7,1,855440301,1892,0.2405371,0.806679,746838104,263106560,True,
linux-x64,CORE-VERIFY-001/RUN-20260929-4-5ff9db9-linux-x64,T,blake3,warm,V0,8,7,2,855440301,1892,0.2823332,1.00443,338950840,129945600,True,
linux-x64,CORE-VERIFY-001/RUN-20260929-4-5ff9db9-linux-x64,T,blake3,warm,V1,8,7,3,855440301,1892,0.2284237,0.790464,749507136,282087424,True,
linux-x64,CORE-VERIFY-001/RUN-20260929-4-5ff9db9-linux-x64,T,blake3,warm,V2-W2,8,7,4,855440301,1892,0.218292,0.788759,796580056,333254656,True,
linux-x64,CORE-VERIFY-001/RUN-20260929-4-5ff9db9-linux-x64,T,blake3,warm,V0,1,7,5,855440301,1892,0.8159187,1.620365,337340568,100995072,True,
linux-x64,CORE-VERIFY-001/RUN-20260929-4-5ff9db9-linux-x64,T,blake3,warm,V1,1,7,6,855440301,1892,0.522439,1.004402,686039744,168292352,True,
linux-x64,CORE-VERIFY-001/RUN-20260929-4-5ff9db9-linux-x64,T,blake3,warm,V2-W2,1,7,7,855440301,1892,0.5352601,1.213512,690287648,233979904,True,
linux-x64,CORE-VERIFY-001/RUN-20260929-4-5ff9db9-linux-x64,T,blake3,warm,V0,2,7,8,855440301,1892,0.4825888,1.316344,338058616,98283520,True,
linux-x64,CORE-VERIFY-001/RUN-20260929-4-5ff9db9-linux-x64,T,blake3,warm,V1,2,7,9,855440301,1892,0.320012,0.835394,702828040,192745472,True,
linux-x64,CORE-VERIFY-001/RUN-20260929-4-5ff9db9-linux-x64,T,blake3,warm,V2-W2,2,7,10,855440301,1892,0.2719337,0.778038,713938344,207925248,True,
linux-x64,CORE-VERIFY-001/RUN-20260929-4-5ff9db9-linux-x64,T,blake3,warm,V0,4,7,11,855440301,1892,0.2871033,1.048561,338512616,98152448,True,
linux-x64,CORE-VERIFY-001/RUN-20260929-4-5ff9db9-linux-x64,T,blake3,warm,V2-W2,4,8,0,855440301,1892,0.2043968,0.744011,744465752,386842624,True,
linux-x64,CORE-VERIFY-001/RUN-20260929-4-5ff9db9-linux-x64,T,blake3,warm,V0,8,8,1,855440301,1892,0.3002688,1.098949,338914872,136355840,True,
linux-x64,CORE-VERIFY-001/RUN-20260929-4-5ff9db9-linux-x64,T,blake3,warm,V1,8,8,2,855440301,1892,0.2303572,0.836112,739579664,279052288,True,
linux-x64,CORE-VERIFY-001/RUN-20260929-4-5ff9db9-linux-x64,T,blake3,warm,V2-W2,8,8,3,855440301,1892,0.2328042,0.817486,764321832,368668672,True,
linux-x64,CORE-VERIFY-001/RUN-20260929-4-5ff9db9-linux-x64,T,blake3,warm,V0,1,8,4,855440301,1892,0.8521785,1.722379,336758504,94969856,True,
linux-x64,CORE-VERIFY-001/RUN-20260929-4-5ff9db9-linux-x64,T,blake3,warm,V1,1,8,5,855440301,1892,0.5745319,1.017167,680003336,143777792,True,
linux-x64,CORE-VERIFY-001/RUN-20260929-4-5ff9db9-linux-x64,T,blake3,warm,V2-W2,1,8,6,855440301,1892,0.5169627,1.015149,682643680,173060096,True,
linux-x64,CORE-VERIFY-001/RUN-20260929-4-5ff9db9-linux-x64,T,blake3,warm,V0,2,8,7,855440301,1892,0.5136938,1.415466,337559192,99434496,True,
linux-x64,CORE-VERIFY-001/RUN-20260929-4-5ff9db9-linux-x64,T,blake3,warm,V1,2,8,8,855440301,1892,0.3365695,0.837706,695258288,203456512,True,
linux-x64,CORE-VERIFY-001/RUN-20260929-4-5ff9db9-linux-x64,T,blake3,warm,V2-W2,2,8,9,855440301,1892,0.2716528,0.780737,701642000,232214528,True,
linux-x64,CORE-VERIFY-001/RUN-20260929-4-5ff9db9-linux-x64,T,blake3,warm,V0,4,8,10,855440301,1892,0.311517,1.082436,338342888,96124928,True,
linux-x64,CORE-VERIFY-001/RUN-20260929-4-5ff9db9-linux-x64,T,blake3,warm,V1,4,8,11,855440301,1892,0.2058871,0.67316,723820800,210870272,True,
linux-x64,CORE-VERIFY-001/RUN-20260929-4-5ff9db9-linux-x64,T,blake3,warm,V0,8,9,0,855440301,1892,0.2905226,1.027408,339222344,124977152,True,
linux-x64,CORE-VERIFY-001/RUN-20260929-4-5ff9db9-linux-x64,T,blake3,warm,V1,8,9,1,855440301,1892,0.2296478,0.796993,753213864,266309632,True,
linux-x64,CORE-VERIFY-001/RUN-20260929-4-5ff9db9-linux-x64,T,blake3,warm,V2-W2,8,9,2,855440301,1892,0.2246712,0.802634,768025448,381153280,True,
linux-x64,CORE-VERIFY-001/RUN-20260929-4-5ff9db9-linux-x64,T,blake3,warm,V0,1,9,3,855440301,1892,0.8495431,1.806183,337034208,95637504,True,
linux-x64,CORE-VERIFY-001/RUN-20260929-4-5ff9db9-linux-x64,T,blake3,warm,V1,1,9,4,855440301,1892,0.5143329,0.877434,687805136,164446208,True,
linux-x64,CORE-VERIFY-001/RUN-20260929-4-5ff9db9-linux-x64,T,blake3,warm,V2-W2,1,9,5,855440301,1892,0.45795,0.962682,682516072,186859520,True,
linux-x64,CORE-VERIFY-001/RUN-20260929-4-5ff9db9-linux-x64,T,blake3,warm,V0,2,9,6,855440301,1892,0.4736624,1.321992,337825520,118669312,True,
linux-x64,CORE-VERIFY-001/RUN-20260929-4-5ff9db9-linux-x64,T,blake3,warm,V1,2,9,7,855440301,1892,0.3071043,0.776174,694388376,172494848,True,
linux-x64,CORE-VERIFY-001/RUN-20260929-4-5ff9db9-linux-x64,T,blake3,warm,V2-W2,2,9,8,855440301,1892,0.2765847,0.835897,709343768,274857984,True,
linux-x64,CORE-VERIFY-001/RUN-20260929-4-5ff9db9-linux-x64,T,blake3,warm,V0,4,9,9,855440301,1892,0.2951523,1.041096,338470624,124432384,True,
linux-x64,CORE-VERIFY-001/RUN-20260929-4-5ff9db9-linux-x64,T,blake3,warm,V1,4,9,10,855440301,1892,0.2108452,0.684762,726713320,239476736,True,
linux-x64,CORE-VERIFY-001/RUN-20260929-4-5ff9db9-linux-x64,T,blake3,warm,V2-W2,4,9,11,855440301,1892,0.212103,0.729799,726090744,292429824,True,
linux-x64,CORE-VERIFY-001/RUN-20260929-4-5ff9db9-linux-x64,T,blake3,cold,V0,1,0,0,855440301,1892,7.5009718,2.170849,335954616,72032256,True,
linux-x64,CORE-VERIFY-001/RUN-20260929-4-5ff9db9-linux-x64,T,blake3,cold,V1,1,0,1,855440301,1892,7.1175742,1.350971,675579488,129851392,True,
linux-x64,CORE-VERIFY-001/RUN-20260929-4-5ff9db9-linux-x64,T,blake3,cold,V2-W2,1,0,2,855440301,1892,6.6195746,1.405947,682899608,224559104,True,
linux-x64,CORE-VERIFY-001/RUN-20260929-4-5ff9db9-linux-x64,T,blake3,cold,V0,2,0,3,855440301,1892,6.4354831,2.228546,337235128,73461760,True,
linux-x64,CORE-VERIFY-001/RUN-20260929-4-5ff9db9-linux-x64,T,blake3,cold,V1,2,0,4,855440301,1892,3.3931579,1.38192,697690296,178618368,True,
linux-x64,CORE-VERIFY-001/RUN-20260929-4-5ff9db9-linux-x64,T,blake3,cold,V2-W2,2,0,5,855440301,1892,3.3310871,1.630048,701600048,250765312,True,
linux-x64,CORE-VERIFY-001/RUN-20260929-4-5ff9db9-linux-x64,T,blake3,cold,V0,4,0,6,855440301,1892,4.6342032,2.157389,339041224,75952128,True,
linux-x64,CORE-VERIFY-001/RUN-20260929-4-5ff9db9-linux-x64,T,blake3,cold,V1,4,0,7,855440301,1892,4.8147174,1.486309,714133752,226439168,True,
linux-x64,CORE-VERIFY-001/RUN-20260929-4-5ff9db9-linux-x64,T,blake3,cold,V2-W2,4,0,8,855440301,1892,3.4241049,1.579691,724813752,227196928,True,
linux-x64,CORE-VERIFY-001/RUN-20260929-4-5ff9db9-linux-x64,T,blake3,cold,V0,8,0,9,855440301,1892,3.2949333,1.999884,341043216,87789568,True,
linux-x64,CORE-VERIFY-001/RUN-20260929-4-5ff9db9-linux-x64,T,blake3,cold,V1,8,0,10,855440301,1892,2.7558264,1.47559,732327928,268005376,True,
linux-x64,CORE-VERIFY-001/RUN-20260929-4-5ff9db9-linux-x64,T,blake3,cold,V2-W2,8,0,11,855440301,1892,4.4611235,1.569645,766908304,273424384,True,
linux-x64,CORE-VERIFY-001/RUN-20260929-4-5ff9db9-linux-x64,T,blake3,cold,V1,1,1,0,855440301,1892,8.7217198,1.377174,675552560,133791744,True,
linux-x64,CORE-VERIFY-001/RUN-20260929-4-5ff9db9-linux-x64,T,blake3,cold,V2-W2,1,1,1,855440301,1892,7.6034176,1.423527,678178904,205303808,True,
linux-x64,CORE-VERIFY-001/RUN-20260929-4-5ff9db9-linux-x64,T,blake3,cold,V0,2,1,2,855440301,1892,7.7798435,2.299002,337288536,73539584,True,
linux-x64,CORE-VERIFY-001/RUN-20260929-4-5ff9db9-linux-x64,T,blake3,cold,V1,2,1,3,855440301,1892,2.0362508,1.450386,690460064,169242624,True,
linux-x64,CORE-VERIFY-001/RUN-20260929-4-5ff9db9-linux-x64,T,blake3,cold,V2-W2,2,1,4,855440301,1892,5.0951424,1.497581,696931024,188260352,True,
linux-x64,CORE-VERIFY-001/RUN-20260929-4-5ff9db9-linux-x64,T,blake3,cold,V0,4,1,5,855440301,1892,5.9671504,2.146177,338720040,75522048,True,
linux-x64,CORE-VERIFY-001/RUN-20260929-4-5ff9db9-linux-x64,T,blake3,cold,V1,4,1,6,855440301,1892,3.4034329,1.420933,714211472,200773632,True,
linux-x64,CORE-VERIFY-001/RUN-20260929-4-5ff9db9-linux-x64,T,blake3,cold,V2-W2,4,1,7,855440301,1892,4.804671,1.578344,710812608,235642880,True,
linux-x64,CORE-VERIFY-001/RUN-20260929-4-5ff9db9-linux-x64,T,blake3,cold,V0,8,1,8,855440301,1892,2.6314729,2.058308,340435800,82280448,True,
linux-x64,CORE-VERIFY-001/RUN-20260929-4-5ff9db9-linux-x64,T,blake3,cold,V1,8,1,9,855440301,1892,3.5502309,1.4571,735846984,289034240,True,
linux-x64,CORE-VERIFY-001/RUN-20260929-4-5ff9db9-linux-x64,T,blake3,cold,V2-W2,8,1,10,855440301,1892,4.1485066,1.529282,758291408,335339520,True,
linux-x64,CORE-VERIFY-001/RUN-20260929-4-5ff9db9-linux-x64,T,blake3,cold,V0,1,1,11,855440301,1892,16.293768,2.218308,336270952,72654848,True,
linux-x64,CORE-VERIFY-001/RUN-20260929-4-5ff9db9-linux-x64,T,blake3,cold,V2-W2,1,2,0,855440301,1892,8.4821953,1.484308,699275048,184717312,True,
linux-x64,CORE-VERIFY-001/RUN-20260929-4-5ff9db9-linux-x64,T,blake3,cold,V0,2,2,1,855440301,1892,5.1108382,2.233857,337515376,74584064,True,
linux-x64,CORE-VERIFY-001/RUN-20260929-4-5ff9db9-linux-x64,T,blake3,cold,V1,2,2,2,855440301,1892,7.4519407,1.447914,695047536,164638720,True,
linux-x64,CORE-VERIFY-001/RUN-20260929-4-5ff9db9-linux-x64,T,blake3,cold,V2-W2,2,2,3,855440301,1892,3.7215546,1.589556,702109216,192413696,True,
linux-x64,CORE-VERIFY-001/RUN-20260929-4-5ff9db9-linux-x64,T,blake3,cold,V0,4,2,4,855440301,1892,5.856655,2.204829,338770928,75862016,True,
linux-x64,CORE-VERIFY-001/RUN-20260929-4-5ff9db9-linux-x64,T,blake3,cold,V1,4,2,5,855440301,1892,5.1292232,1.494873,710366712,198012928,True,
linux-x64,CORE-VERIFY-001/RUN-20260929-4-5ff9db9-linux-x64,T,blake3,cold,V2-W2,4,2,6,855440301,1892,4.5025356,1.52956,720901936,326832128,True,
linux-x64,CORE-VERIFY-001/RUN-20260929-4-5ff9db9-linux-x64,T,blake3,cold,V0,8,2,7,855440301,1892,5.3042624,2.093921,340888576,80859136,True,
linux-x64,CORE-VERIFY-001/RUN-20260929-4-5ff9db9-linux-x64,T,blake3,cold,V1,8,2,8,855440301,1892,2.3636124,1.467263,756741976,281993216,True,
linux-x64,CORE-VERIFY-001/RUN-20260929-4-5ff9db9-linux-x64,T,blake3,cold,V2-W2,8,2,9,855440301,1892,6.1549542,1.549033,755150664,263221248,True,
linux-x64,CORE-VERIFY-001/RUN-20260929-4-5ff9db9-linux-x64,T,blake3,cold,V0,1,2,10,855440301,1892,10.8613133,2.091653,335954416,70569984,True,
linux-x64,CORE-VERIFY-001/RUN-20260929-4-5ff9db9-linux-x64,T,blake3,cold,V1,1,2,11,855440301,1892,14.2633688,1.322099,679672648,141381632,True,
linux-x64,CORE-VERIFY-001/RUN-20260929-4-5ff9db9-linux-x64,T,blake3,cold,V0,2,3,0,855440301,1892,7.3085995,2.292294,337506152,73474048,True,
linux-x64,CORE-VERIFY-001/RUN-20260929-4-5ff9db9-linux-x64,T,blake3,cold,V1,2,3,1,855440301,1892,9.392029,1.460323,696266040,198348800,True,
linux-x64,CORE-VERIFY-001/RUN-20260929-4-5ff9db9-linux-x64,T,blake3,cold,V2-W2,2,3,2,855440301,1892,4.1517586,1.51582,702134480,189906944,True,
linux-x64,CORE-VERIFY-001/RUN-20260929-4-5ff9db9-linux-x64,T,blake3,cold,V0,4,3,3,855440301,1892,4.6135426,2.154466,338914016,75636736,True,
linux-x64,CORE-VERIFY-001/RUN-20260929-4-5ff9db9-linux-x64,T,blake3,cold,V1,4,3,4,855440301,1892,6.0396303,1.515468,705878824,210948096,True,
linux-x64,CORE-VERIFY-001/RUN-20260929-4-5ff9db9-linux-x64,T,blake3,cold,V2-W2,4,3,5,855440301,1892,5.6774022,1.566916,719176544,294629376,True,
linux-x64,CORE-VERIFY-001/RUN-20260929-4-5ff9db9-linux-x64,T,blake3,cold,V0,8,3,6,855440301,1892,6.6542588,2.111176,340267544,82231296,True,
linux-x64,CORE-VERIFY-001/RUN-20260929-4-5ff9db9-linux-x64,T,blake3,cold,V1,8,3,7,855440301,1892,3.5456154,1.475504,745472328,278732800,True,
linux-x64,CORE-VERIFY-001/RUN-20260929-4-5ff9db9-linux-x64,T,blake3,cold,V2-W2,8,3,8,855440301,1892,3.0176826,1.528381,753501728,314986496,True,
linux-x64,CORE-VERIFY-001/RUN-20260929-4-5ff9db9-linux-x64,T,blake3,cold,V0,1,3,9,855440301,1892,11.3278721,2.169426,336687896,72085504,True,
linux-x64,CORE-VERIFY-001/RUN-20260929-4-5ff9db9-linux-x64,T,blake3,cold,V1,1,3,10,855440301,1892,4.9634608,1.307686,679708520,176021504,True,
linux-x64,CORE-VERIFY-001/RUN-20260929-4-5ff9db9-linux-x64,T,blake3,cold,V2-W2,1,3,11,855440301,1892,10.3220785,1.47559,687484952,162746368,True,
linux-x64,CORE-VERIFY-001/RUN-20260929-4-5ff9db9-linux-x64,T,blake3,cold,V1,2,4,0,855440301,1892,4.673537,1.427444,693111456,183902208,True,
linux-x64,CORE-VERIFY-001/RUN-20260929-4-5ff9db9-linux-x64,T,blake3,cold,V2-W2,2,4,1,855440301,1892,6.3194308,1.546161,700456136,179912704,True,
linux-x64,CORE-VERIFY-001/RUN-20260929-4-5ff9db9-linux-x64,T,blake3,cold,V0,4,4,2,855440301,1892,3.6560352,2.224693,338535440,74682368,True,
linux-x64,CORE-VERIFY-001/RUN-20260929-4-5ff9db9-linux-x64,T,blake3,cold,V1,4,4,3,855440301,1892,3.4174052,1.486922,710583736,200122368,True,
linux-x64,CORE-VERIFY-001/RUN-20260929-4-5ff9db9-linux-x64,T,blake3,cold,V2-W2,4,4,4,855440301,1892,3.4615156,1.526091,729615872,298381312,True,
linux-x64,CORE-VERIFY-001/RUN-20260929-4-5ff9db9-linux-x64,T,blake3,cold,V0,8,4,5,855440301,1892,5.2156448,2.135291,340178024,80519168,True,
linux-x64,CORE-VERIFY-001/RUN-20260929-4-5ff9db9-linux-x64,T,blake3,cold,V1,8,4,6,855440301,1892,3.7771526,1.51907,744756032,304578560,True,
linux-x64,CORE-VERIFY-001/RUN-20260929-4-5ff9db9-linux-x64,T,blake3,cold,V2-W2,8,4,7,855440301,1892,4.4556394,1.567371,756193488,299098112,True,
linux-x64,CORE-VERIFY-001/RUN-20260929-4-5ff9db9-linux-x64,T,blake3,cold,V0,1,4,8,855440301,1892,11.9816102,2.19241,336494568,72003584,True,
linux-x64,CORE-VERIFY-001/RUN-20260929-4-5ff9db9-linux-x64,T,blake3,cold,V1,1,4,9,855440301,1892,8.1497976,1.369517,683889856,143155200,True,
linux-x64,CORE-VERIFY-001/RUN-20260929-4-5ff9db9-linux-x64,T,blake3,cold,V2-W2,1,4,10,855440301,1892,10.6921726,1.407062,682615976,149102592,True,
linux-x64,CORE-VERIFY-001/RUN-20260929-4-5ff9db9-linux-x64,T,blake3,cold,V0,2,4,11,855440301,1892,6.9097117,2.284976,337815400,74797056,True,
linux-x64,CORE-VERIFY-001/RUN-20260929-4-5ff9db9-linux-x64,T,blake3,cold,V2-W2,2,5,0,855440301,1892,3.8765006,1.551939,700446232,239403008,True,
linux-x64,CORE-VERIFY-001/RUN-20260929-4-5ff9db9-linux-x64,T,blake3,cold,V0,4,5,1,855440301,1892,1.9789903,2.127336,338796480,76304384,True,
linux-x64,CORE-VERIFY-001/RUN-20260929-4-5ff9db9-linux-x64,T,blake3,cold,V1,4,5,2,855440301,1892,3.3329402,1.498713,709662696,213164032,True,
linux-x64,CORE-VERIFY-001/RUN-20260929-4-5ff9db9-linux-x64,T,blake3,cold,V2-W2,4,5,3,855440301,1892,2.8205201,1.611433,727887592,275939328,True,
linux-x64,CORE-VERIFY-001/RUN-20260929-4-5ff9db9-linux-x64,T,blake3,cold,V0,8,5,4,855440301,1892,1.8872974,2.029862,340877240,81825792,True,
linux-x64,CORE-VERIFY-001/RUN-20260929-4-5ff9db9-linux-x64,T,blake3,cold,V1,8,5,5,855440301,1892,3.3576999,1.451258,737383112,250671104,True,
linux-x64,CORE-VERIFY-001/RUN-20260929-4-5ff9db9-linux-x64,T,blake3,cold,V2-W2,8,5,6,855440301,1892,2.6165142,1.64948,769131416,304795648,True,
linux-x64,CORE-VERIFY-001/RUN-20260929-4-5ff9db9-linux-x64,T,blake3,cold,V0,1,5,7,855440301,1892,17.3417065,2.202723,336501056,72343552,True,
linux-x64,CORE-VERIFY-001/RUN-20260929-4-5ff9db9-linux-x64,T,blake3,cold,V1,1,5,8,855440301,1892,12.117047,1.390041,683832024,166219776,True,
linux-x64,CORE-VERIFY-001/RUN-20260929-4-5ff9db9-linux-x64,T,blake3,cold,V2-W2,1,5,9,855440301,1892,9.413893,1.424182,691198760,203661312,True,
linux-x64,CORE-VERIFY-001/RUN-20260929-4-5ff9db9-linux-x64,T,blake3,cold,V0,2,5,10,855440301,1892,8.1248641,2.286414,337228192,73936896,True,
linux-x64,CORE-VERIFY-001/RUN-20260929-4-5ff9db9-linux-x64,T,blake3,cold,V1,2,5,11,855440301,1892,6.3074829,1.467205,688780176,188956672,True,
linux-x64,CORE-VERIFY-001/RUN-20260929-4-5ff9db9-linux-x64,T,blake3,cold,V0,4,6,0,855440301,1892,6.1676294,2.236794,338476952,75649024,True,
linux-x64,CORE-VERIFY-001/RUN-20260929-4-5ff9db9-linux-x64,T,blake3,cold,V1,4,6,1,855440301,1892,2.4696403,1.474,705528320,188321792,True,
linux-x64,CORE-VERIFY-001/RUN-20260929-4-5ff9db9-linux-x64,T,blake3,cold,V2-W2,4,6,2,855440301,1892,3.1691384,1.54801,712454680,283447296,True,
linux-x64,CORE-VERIFY-001/RUN-20260929-4-5ff9db9-linux-x64,T,blake3,cold,V0,8,6,3,855440301,1892,4.7738835,2.10587,340837888,83267584,True,
linux-x64,CORE-VERIFY-001/RUN-20260929-4-5ff9db9-linux-x64,T,blake3,cold,V1,8,6,4,855440301,1892,4.8819228,1.52451,733567328,241254400,True,
linux-x64,CORE-VERIFY-001/RUN-20260929-4-5ff9db9-linux-x64,T,blake3,cold,V2-W2,8,6,5,855440301,1892,2.1806236,1.549392,776262664,301060096,True,
linux-x64,CORE-VERIFY-001/RUN-20260929-4-5ff9db9-linux-x64,T,blake3,cold,V0,1,6,6,855440301,1892,12.4205185,2.166285,336209360,71843840,True,
linux-x64,CORE-VERIFY-001/RUN-20260929-4-5ff9db9-linux-x64,T,blake3,cold,V1,1,6,7,855440301,1892,9.5280503,1.395164,679711016,147222528,True,
linux-x64,CORE-VERIFY-001/RUN-20260929-4-5ff9db9-linux-x64,T,blake3,cold,V2-W2,1,6,8,855440301,1892,9.9709945,1.449515,682888104,166952960,True,
linux-x64,CORE-VERIFY-001/RUN-20260929-4-5ff9db9-linux-x64,T,blake3,cold,V0,2,6,9,855440301,1892,15.5459455,2.314335,337552488,73744384,True,
linux-x64,CORE-VERIFY-001/RUN-20260929-4-5ff9db9-linux-x64,T,blake3,cold,V1,2,6,10,855440301,1892,8.3390038,1.439473,688105096,169607168,True,
linux-x64,CORE-VERIFY-001/RUN-20260929-4-5ff9db9-linux-x64,T,blake3,cold,V2-W2,2,6,11,855440301,1892,3.4622426,1.611449,695891632,170049536,True,
linux-x64,CORE-VERIFY-001/RUN-20260929-4-5ff9db9-linux-x64,T,blake3,cold,V1,4,7,0,855440301,1892,4.8708503,1.512283,712508448,198492160,True,
linux-x64,CORE-VERIFY-001/RUN-20260929-4-5ff9db9-linux-x64,T,blake3,cold,V2-W2,4,7,1,855440301,1892,3.7399631,1.569242,724889728,225939456,True,
linux-x64,CORE-VERIFY-001/RUN-20260929-4-5ff9db9-linux-x64,T,blake3,cold,V0,8,7,2,855440301,1892,2.8806285,2.244963,340017312,80486400,True,
linux-x64,CORE-VERIFY-001/RUN-20260929-4-5ff9db9-linux-x64,T,blake3,cold,V1,8,7,3,855440301,1892,2.5697799,1.43571,746866776,292036608,True,
linux-x64,CORE-VERIFY-001/RUN-20260929-4-5ff9db9-linux-x64,T,blake3,cold,V2-W2,8,7,4,855440301,1892,5.7680902,1.662427,751476616,296681472,True,
linux-x64,CORE-VERIFY-001/RUN-20260929-4-5ff9db9-linux-x64,T,blake3,cold,V0,1,7,5,855440301,1892,6.953718,2.158003,336178736,72515584,True,
linux-x64,CORE-VERIFY-001/RUN-20260929-4-5ff9db9-linux-x64,T,blake3,cold,V1,1,7,6,855440301,1892,16.3529871,1.375734,679499520,189550592,True,
linux-x64,CORE-VERIFY-001/RUN-20260929-4-5ff9db9-linux-x64,T,blake3,cold,V2-W2,1,7,7,855440301,1892,9.0770459,1.46155,687020616,225931264,True,
linux-x64,CORE-VERIFY-001/RUN-20260929-4-5ff9db9-linux-x64,T,blake3,cold,V0,2,7,8,855440301,1892,8.7072797,2.239889,337525872,73469952,True,
linux-x64,CORE-VERIFY-001/RUN-20260929-4-5ff9db9-linux-x64,T,blake3,cold,V1,2,7,9,855440301,1892,4.1442202,1.593983,706792784,226615296,True,
linux-x64,CORE-VERIFY-001/RUN-20260929-4-5ff9db9-linux-x64,T,blake3,cold,V2-W2,2,7,10,855440301,1892,10.4077592,1.587982,699459464,200400896,True,
linux-x64,CORE-VERIFY-001/RUN-20260929-4-5ff9db9-linux-x64,T,blake3,cold,V0,4,7,11,855440301,1892,5.5477006,2.201221,338697176,75689984,True,
linux-x64,CORE-VERIFY-001/RUN-20260929-4-5ff9db9-linux-x64,T,blake3,cold,V2-W2,4,8,0,855440301,1892,4.2104198,1.591476,717311952,279977984,True,
linux-x64,CORE-VERIFY-001/RUN-20260929-4-5ff9db9-linux-x64,T,blake3,cold,V0,8,8,1,855440301,1892,3.8831579,2.009943,340632280,85245952,True,
linux-x64,CORE-VERIFY-001/RUN-20260929-4-5ff9db9-linux-x64,T,blake3,cold,V1,8,8,2,855440301,1892,5.1179702,1.517783,743078512,316850176,True,
linux-x64,CORE-VERIFY-001/RUN-20260929-4-5ff9db9-linux-x64,T,blake3,cold,V2-W2,8,8,3,855440301,1892,3.6220537,1.666019,750252808,318988288,True,
linux-x64,CORE-VERIFY-001/RUN-20260929-4-5ff9db9-linux-x64,T,blake3,cold,V0,1,8,4,855440301,1892,16.9566002,2.279965,336238608,72474624,True,
linux-x64,CORE-VERIFY-001/RUN-20260929-4-5ff9db9-linux-x64,T,blake3,cold,V1,1,8,5,855440301,1892,16.0755361,1.419587,683868320,136142848,True,
linux-x64,CORE-VERIFY-001/RUN-20260929-4-5ff9db9-linux-x64,T,blake3,cold,V2-W2,1,8,6,855440301,1892,7.4551212,1.465541,686079600,158035968,True,
linux-x64,CORE-VERIFY-001/RUN-20260929-4-5ff9db9-linux-x64,T,blake3,cold,V0,2,8,7,855440301,1892,9.8970325,2.301729,337212760,74022912,True,
linux-x64,CORE-VERIFY-001/RUN-20260929-4-5ff9db9-linux-x64,T,blake3,cold,V1,2,8,8,855440301,1892,15.1526884,1.492504,709789472,185352192,True,
linux-x64,CORE-VERIFY-001/RUN-20260929-4-5ff9db9-linux-x64,T,blake3,cold,V2-W2,2,8,9,855440301,1892,13.5117306,1.62307,700689752,188506112,True,
linux-x64,CORE-VERIFY-001/RUN-20260929-4-5ff9db9-linux-x64,T,blake3,cold,V0,4,8,10,855440301,1892,4.4590626,2.127958,338859464,75292672,True,
linux-x64,CORE-VERIFY-001/RUN-20260929-4-5ff9db9-linux-x64,T,blake3,cold,V1,4,8,11,855440301,1892,6.0123745,1.52654,714363672,300400640,True,
linux-x64,CORE-VERIFY-001/RUN-20260929-4-5ff9db9-linux-x64,T,blake3,cold,V0,8,9,0,855440301,1892,4.3256231,2.107422,340738528,81715200,True,
linux-x64,CORE-VERIFY-001/RUN-20260929-4-5ff9db9-linux-x64,T,blake3,cold,V1,8,9,1,855440301,1892,2.8496309,1.554729,758291112,334569472,True,
linux-x64,CORE-VERIFY-001/RUN-20260929-4-5ff9db9-linux-x64,T,blake3,cold,V2-W2,8,9,2,855440301,1892,4.2210126,1.634166,761903056,273645568,True,
linux-x64,CORE-VERIFY-001/RUN-20260929-4-5ff9db9-linux-x64,T,blake3,cold,V0,1,9,3,855440301,1892,8.3455866,2.172722,336480344,71254016,True,
linux-x64,CORE-VERIFY-001/RUN-20260929-4-5ff9db9-linux-x64,T,blake3,cold,V1,1,9,4,855440301,1892,12.905058,1.326448,679716928,143380480,True,
linux-x64,CORE-VERIFY-001/RUN-20260929-4-5ff9db9-linux-x64,T,blake3,cold,V2-W2,1,9,5,855440301,1892,12.2070729,1.398284,678765744,203497472,True,
linux-x64,CORE-VERIFY-001/RUN-20260929-4-5ff9db9-linux-x64,T,blake3,cold,V0,2,9,6,855440301,1892,7.7519123,2.237565,337563232,73949184,True,
linux-x64,CORE-VERIFY-001/RUN-20260929-4-5ff9db9-linux-x64,T,blake3,cold,V1,2,9,7,855440301,1892,4.428996,1.395165,691957840,161566720,True,
linux-x64,CORE-VERIFY-001/RUN-20260929-4-5ff9db9-linux-x64,T,blake3,cold,V2-W2,2,9,8,855440301,1892,3.6245715,1.486536,699669680,226959360,True,
linux-x64,CORE-VERIFY-001/RUN-20260929-4-5ff9db9-linux-x64,T,blake3,cold,V0,4,9,9,855440301,1892,3.0274552,2.152628,339270648,75333632,True,
linux-x64,CORE-VERIFY-001/RUN-20260929-4-5ff9db9-linux-x64,T,blake3,cold,V1,4,9,10,855440301,1892,8.7033059,1.469605,710533216,197607424,True,
linux-x64,CORE-VERIFY-001/RUN-20260929-4-5ff9db9-linux-x64,T,blake3,cold,V2-W2,4,9,11,855440301,1892,6.3374418,1.559871,728039040,220889088,True,
linux-x64,CORE-VERIFY-001/RUN-20260929-4-5ff9db9-linux-x64,T,blake3,throttled,V0,1,0,0,855440301,1892,25.8479427,3.062263,4309018296,93847552,True,
linux-x64,CORE-VERIFY-001/RUN-20260929-4-5ff9db9-linux-x64,T,blake3,throttled,V1,1,0,1,855440301,1892,32.1814768,2.606104,2662108192,147718144,True,
linux-x64,CORE-VERIFY-001/RUN-20260929-4-5ff9db9-linux-x64,T,blake3,throttled,V2-W2,1,0,2,855440301,1892,25.0724832,2.385389,2668383416,182874112,True,
linux-x64,CORE-VERIFY-001/RUN-20260929-4-5ff9db9-linux-x64,T,blake3,throttled,V0,2,0,3,855440301,1892,13.3137077,3.055358,4306992080,96440320,True,
linux-x64,CORE-VERIFY-001/RUN-20260929-4-5ff9db9-linux-x64,T,blake3,throttled,V1,2,0,4,855440301,1892,16.4286417,2.39145,2671265616,186597376,True,
linux-x64,CORE-VERIFY-001/RUN-20260929-4-5ff9db9-linux-x64,T,blake3,throttled,V2-W2,2,0,5,855440301,1892,12.6025958,2.354439,2675195192,167542784,True,
linux-x64,CORE-VERIFY-001/RUN-20260929-4-5ff9db9-linux-x64,T,blake3,throttled,V0,4,0,6,855440301,1892,7.1752287,2.548099,4305704528,112328704,True,
linux-x64,CORE-VERIFY-001/RUN-20260929-4-5ff9db9-linux-x64,T,blake3,throttled,V1,4,0,7,855440301,1892,8.759295,2.062331,2689627080,204337152,True,
linux-x64,CORE-VERIFY-001/RUN-20260929-4-5ff9db9-linux-x64,T,blake3,throttled,V2-W2,4,0,8,855440301,1892,6.5885833,2.084422,2680654904,223485952,True,
linux-x64,CORE-VERIFY-001/RUN-20260929-4-5ff9db9-linux-x64,T,blake3,throttled,V0,8,0,9,855440301,1892,3.9343107,2.376825,4307089056,150769664,True,
linux-x64,CORE-VERIFY-001/RUN-20260929-4-5ff9db9-linux-x64,T,blake3,throttled,V1,8,0,10,855440301,1892,4.8132461,1.864273,2702672152,214630400,True,
linux-x64,CORE-VERIFY-001/RUN-20260929-4-5ff9db9-linux-x64,T,blake3,throttled,V2-W2,8,0,11,855440301,1892,3.5463795,1.853849,2707198136,233447424,True,
linux-x64,CORE-VERIFY-001/RUN-20260929-4-5ff9db9-linux-x64,T,blake3,throttled,V1,1,1,0,855440301,1892,32.1812288,2.49065,2661673576,133308416,True,
linux-x64,CORE-VERIFY-001/RUN-20260929-4-5ff9db9-linux-x64,T,blake3,throttled,V2-W2,1,1,1,855440301,1892,25.0351723,2.375465,2663180576,168501248,True,
linux-x64,CORE-VERIFY-001/RUN-20260929-4-5ff9db9-linux-x64,T,blake3,throttled,V0,2,1,2,855440301,1892,13.3145258,3.05855,4307194424,92536832,True,
linux-x64,CORE-VERIFY-001/RUN-20260929-4-5ff9db9-linux-x64,T,blake3,throttled,V1,2,1,3,855440301,1892,16.4284372,2.333481,2671156192,156684288,True,
linux-x64,CORE-VERIFY-001/RUN-20260929-4-5ff9db9-linux-x64,T,blake3,throttled,V2-W2,2,1,4,855440301,1892,12.6611577,2.213372,2687598432,181305344,True,
linux-x64,CORE-VERIFY-001/RUN-20260929-4-5ff9db9-linux-x64,T,blake3,throttled,V0,4,1,5,855440301,1892,7.174836,2.623655,4305724720,121798656,True,
linux-x64,CORE-VERIFY-001/RUN-20260929-4-5ff9db9-linux-x64,T,blake3,throttled,V1,4,1,6,855440301,1892,8.759292,2.125795,2691637984,229220352,True,
linux-x64,CORE-VERIFY-001/RUN-20260929-4-5ff9db9-linux-x64,T,blake3,throttled,V2-W2,4,1,7,855440301,1892,6.5656928,2.06935,2690864128,222961664,True,
linux-x64,CORE-VERIFY-001/RUN-20260929-4-5ff9db9-linux-x64,T,blake3,throttled,V0,8,1,8,855440301,1892,3.9347343,2.397442,4306315992,151474176,True,
linux-x64,CORE-VERIFY-001/RUN-20260929-4-5ff9db9-linux-x64,T,blake3,throttled,V1,8,1,9,855440301,1892,4.8146417,1.946177,2700235432,270254080,True,
linux-x64,CORE-VERIFY-001/RUN-20260929-4-5ff9db9-linux-x64,T,blake3,throttled,V2-W2,8,1,10,855440301,1892,3.5485293,1.819989,2692104688,225976320,True,
linux-x64,CORE-VERIFY-001/RUN-20260929-4-5ff9db9-linux-x64,T,blake3,throttled,V0,1,1,11,855440301,1892,25.8483766,3.11165,4309188480,91394048,True,
linux-x64,CORE-VERIFY-001/RUN-20260929-4-5ff9db9-linux-x64,T,blake3,throttled,V2-W2,1,2,0,855440301,1892,25.0217236,2.464722,2660219696,173322240,True,
linux-x64,CORE-VERIFY-001/RUN-20260929-4-5ff9db9-linux-x64,T,blake3,throttled,V0,2,2,1,855440301,1892,13.3148246,3.061027,4308021016,94416896,True,
linux-x64,CORE-VERIFY-001/RUN-20260929-4-5ff9db9-linux-x64,T,blake3,throttled,V1,2,2,2,855440301,1892,16.4286027,2.361452,2671477184,178888704,True,
linux-x64,CORE-VERIFY-001/RUN-20260929-4-5ff9db9-linux-x64,T,blake3,throttled,V2-W2,2,2,3,855440301,1892,12.6135986,2.259348,2678266240,193867776,True,
linux-x64,CORE-VERIFY-001/RUN-20260929-4-5ff9db9-linux-x64,T,blake3,throttled,V0,4,2,4,855440301,1892,7.1758906,2.60123,4306052824,116101120,True,
linux-x64,CORE-VERIFY-001/RUN-20260929-4-5ff9db9-linux-x64,T,blake3,throttled,V1,4,2,5,855440301,1892,8.758925,2.283599,2675653000,168767488,True,
linux-x64,CORE-VERIFY-001/RUN-20260929-4-5ff9db9-linux-x64,T,blake3,throttled,V2-W2,4,2,6,855440301,1892,6.5875109,2.177458,2682508944,271089664,True,
linux-x64,CORE-VERIFY-001/RUN-20260929-4-5ff9db9-linux-x64,T,blake3,throttled,V0,8,2,7,855440301,1892,3.932586,2.571225,4307449608,154357760,True,
linux-x64,CORE-VERIFY-001/RUN-20260929-4-5ff9db9-linux-x64,T,blake3,throttled,V1,8,2,8,855440301,1892,4.8136528,1.94442,2704961064,302546944,True,
linux-x64,CORE-VERIFY-001/RUN-20260929-4-5ff9db9-linux-x64,T,blake3,throttled,V2-W2,8,2,9,855440301,1892,3.5476468,2.002375,2701038272,234921984,True,
linux-x64,CORE-VERIFY-001/RUN-20260929-4-5ff9db9-linux-x64,T,blake3,throttled,V0,1,2,10,855440301,1892,25.8479427,3.093174,4307492784,93151232,True,
linux-x64,CORE-VERIFY-001/RUN-20260929-4-5ff9db9-linux-x64,T,blake3,throttled,V1,1,2,11,855440301,1892,32.1810501,2.734788,2659970392,135507968,True,
linux-x64,CORE-VERIFY-001/RUN-20260929-4-5ff9db9-linux-x64,T,blake3,throttled,V0,2,3,0,855440301,1892,13.3149333,3.170642,4307000608,93925376,True,
linux-x64,CORE-VERIFY-001/RUN-20260929-4-5ff9db9-linux-x64,T,blake3,throttled,V1,2,3,1,855440301,1892,16.4287326,2.608547,2672839176,155447296,True,
linux-x64,CORE-VERIFY-001/RUN-20260929-4-5ff9db9-linux-x64,T,blake3,throttled,V2-W2,2,3,2,855440301,1892,12.6079494,2.459961,2675230432,241737728,True,
linux-x64,CORE-VERIFY-001/RUN-20260929-4-5ff9db9-linux-x64,T,blake3,throttled,V0,4,3,3,855440301,1892,7.1758768,2.741278,4305373232,125988864,True,
linux-x64,CORE-VERIFY-001/RUN-20260929-4-5ff9db9-linux-x64,T,blake3,throttled,V1,4,3,4,855440301,1892,8.7589713,2.307797,2678127016,183418880,True,
linux-x64,CORE-VERIFY-001/RUN-20260929-4-5ff9db9-linux-x64,T,blake3,throttled,V2-W2,4,3,5,855440301,1892,6.5793195,2.11695,2686137104,232292352,True,
linux-x64,CORE-VERIFY-001/RUN-20260929-4-5ff9db9-linux-x64,T,blake3,throttled,V0,8,3,6,855440301,1892,3.9316138,2.370328,4306531680,137773056,True,
linux-x64,CORE-VERIFY-001/RUN-20260929-4-5ff9db9-linux-x64,T,blake3,throttled,V1,8,3,7,855440301,1892,4.8148744,1.851986,2686394072,186626048,True,
linux-x64,CORE-VERIFY-001/RUN-20260929-4-5ff9db9-linux-x64,T,blake3,throttled,V2-W2,8,3,8,855440301,1892,3.5520626,1.925572,2695888024,257179648,True,
linux-x64,CORE-VERIFY-001/RUN-20260929-4-5ff9db9-linux-x64,T,blake3,throttled,V0,1,3,9,855440301,1892,25.847734,3.095422,4309404040,99495936,True,
linux-x64,CORE-VERIFY-001/RUN-20260929-4-5ff9db9-linux-x64,T,blake3,throttled,V1,1,3,10,855440301,1892,32.1809436,2.410079,2659014200,128663552,True,
linux-x64,CORE-VERIFY-001/RUN-20260929-4-5ff9db9-linux-x64,T,blake3,throttled,V2-W2,1,3,11,855440301,1892,25.0051573,2.485698,2664384400,209252352,True,
linux-x64,CORE-VERIFY-001/RUN-20260929-4-5ff9db9-linux-x64,T,blake3,throttled,V1,2,4,0,855440301,1892,16.4280921,2.45011,2676505336,153792512,True,
linux-x64,CORE-VERIFY-001/RUN-20260929-4-5ff9db9-linux-x64,T,blake3,throttled,V2-W2,2,4,1,855440301,1892,12.6618385,2.353383,2678786352,206479360,True,
linux-x64,CORE-VERIFY-001/RUN-20260929-4-5ff9db9-linux-x64,T,blake3,throttled,V0,4,4,2,855440301,1892,7.1748528,2.591383,4305901424,117010432,True,
linux-x64,CORE-VERIFY-001/RUN-20260929-4-5ff9db9-linux-x64,T,blake3,throttled,V1,4,4,3,855440301,1892,8.7613497,2.213865,2679636456,278323200,True,
linux-x64,CORE-VERIFY-001/RUN-20260929-4-5ff9db9-linux-x64,T,blake3,throttled,V2-W2,4,4,4,855440301,1892,6.5917871,1.987734,2680828464,211689472,True,
linux-x64,CORE-VERIFY-001/RUN-20260929-4-5ff9db9-linux-x64,T,blake3,throttled,V0,8,4,5,855440301,1892,3.9341597,2.56397,4306279808,156246016,True,
linux-x64,CORE-VERIFY-001/RUN-20260929-4-5ff9db9-linux-x64,T,blake3,throttled,V1,8,4,6,855440301,1892,4.8147543,1.880796,2693670936,215597056,True,
linux-x64,CORE-VERIFY-001/RUN-20260929-4-5ff9db9-linux-x64,T,blake3,throttled,V2-W2,8,4,7,855440301,1892,3.5479617,1.969312,2706826944,365658112,True,
linux-x64,CORE-VERIFY-001/RUN-20260929-4-5ff9db9-linux-x64,T,blake3,throttled,V0,1,4,8,855440301,1892,25.8485827,3.077477,4308940312,96587776,True,
linux-x64,CORE-VERIFY-001/RUN-20260929-4-5ff9db9-linux-x64,T,blake3,throttled,V1,1,4,9,855440301,1892,32.1812887,2.491662,2661852912,138084352,True,
linux-x64,CORE-VERIFY-001/RUN-20260929-4-5ff9db9-linux-x64,T,blake3,throttled,V2-W2,1,4,10,855440301,1892,25.0879448,2.461333,2660165136,176463872,True,
linux-x64,CORE-VERIFY-001/RUN-20260929-4-5ff9db9-linux-x64,T,blake3,throttled,V0,2,4,11,855440301,1892,13.3146984,3.057601,4307231112,93913088,True,
linux-x64,CORE-VERIFY-001/RUN-20260929-4-5ff9db9-linux-x64,T,blake3,throttled,V2-W2,2,5,0,855440301,1892,12.6376637,2.41972,2667169072,181301248,True,
linux-x64,CORE-VERIFY-001/RUN-20260929-4-5ff9db9-linux-x64,T,blake3,throttled,V0,4,5,1,855440301,1892,7.1751127,2.672091,4305681040,111259648,True,
linux-x64,CORE-VERIFY-001/RUN-20260929-4-5ff9db9-linux-x64,T,blake3,throttled,V1,4,5,2,855440301,1892,8.7596708,2.268037,2679476912,171769856,True,
linux-x64,CORE-VERIFY-001/RUN-20260929-4-5ff9db9-linux-x64,T,blake3,throttled,V2-W2,4,5,3,855440301,1892,6.5840248,2.122062,2686650928,213483520,True,
linux-x64,CORE-VERIFY-001/RUN-20260929-4-5ff9db9-linux-x64,T,blake3,throttled,V0,8,5,4,855440301,1892,3.9318235,2.418683,4306613064,157872128,True,
linux-x64,CORE-VERIFY-001/RUN-20260929-4-5ff9db9-linux-x64,T,blake3,throttled,V1,8,5,5,855440301,1892,4.8146364,1.892934,2692090264,207245312,True,
linux-x64,CORE-VERIFY-001/RUN-20260929-4-5ff9db9-linux-x64,T,blake3,throttled,V2-W2,8,5,6,855440301,1892,3.5561622,1.883704,2698225200,260042752,True,
linux-x64,CORE-VERIFY-001/RUN-20260929-4-5ff9db9-linux-x64,T,blake3,throttled,V0,1,5,7,855440301,1892,25.8481168,3.108191,4309026152,115621888,True,
linux-x64,CORE-VERIFY-001/RUN-20260929-4-5ff9db9-linux-x64,T,blake3,throttled,V1,1,5,8,855440301,1892,32.1809548,2.454775,2662013296,129118208,True,
linux-x64,CORE-VERIFY-001/RUN-20260929-4-5ff9db9-linux-x64,T,blake3,throttled,V2-W2,1,5,9,855440301,1892,25.0070089,2.435239,2668801048,158986240,True,
linux-x64,CORE-VERIFY-001/RUN-20260929-4-5ff9db9-linux-x64,T,blake3,throttled,V0,2,5,10,855440301,1892,13.3150938,3.073438,4307379520,91557888,True,
linux-x64,CORE-VERIFY-001/RUN-20260929-4-5ff9db9-linux-x64,T,blake3,throttled,V1,2,5,11,855440301,1892,16.4288181,2.40599,2671646000,151678976,True,
linux-x64,CORE-VERIFY-001/RUN-20260929-4-5ff9db9-linux-x64,T,blake3,throttled,V0,4,6,0,855440301,1892,7.1753342,2.597906,4305330504,114012160,True,
linux-x64,CORE-VERIFY-001/RUN-20260929-4-5ff9db9-linux-x64,T,blake3,throttled,V1,4,6,1,855440301,1892,8.7590167,2.156722,2692682488,274345984,True,
linux-x64,CORE-VERIFY-001/RUN-20260929-4-5ff9db9-linux-x64,T,blake3,throttled,V2-W2,4,6,2,855440301,1892,6.5783671,2.057342,2693394552,260980736,True,
linux-x64,CORE-VERIFY-001/RUN-20260929-4-5ff9db9-linux-x64,T,blake3,throttled,V0,8,6,3,855440301,1892,3.9321587,2.516016,4306648336,145563648,True,
linux-x64,CORE-VERIFY-001/RUN-20260929-4-5ff9db9-linux-x64,T,blake3,throttled,V1,8,6,4,855440301,1892,4.8143119,1.848152,2708538304,237236224,True,
linux-x64,CORE-VERIFY-001/RUN-20260929-4-5ff9db9-linux-x64,T,blake3,throttled,V2-W2,8,6,5,855440301,1892,3.5437999,1.923633,2701965032,324755456,True,
linux-x64,CORE-VERIFY-001/RUN-20260929-4-5ff9db9-linux-x64,T,blake3,throttled,V0,1,6,6,855440301,1892,25.8483772,3.067651,4309357776,96870400,True,
linux-x64,CORE-VERIFY-001/RUN-20260929-4-5ff9db9-linux-x64,T,blake3,throttled,V1,1,6,7,855440301,1892,32.181623,2.457401,2660307232,212131840,True,
linux-x64,CORE-VERIFY-001/RUN-20260929-4-5ff9db9-linux-x64,T,blake3,throttled,V2-W2,1,6,8,855440301,1892,25.0329877,2.387346,2664454064,175415296,True,
linux-x64,CORE-VERIFY-001/RUN-20260929-4-5ff9db9-linux-x64,T,blake3,throttled,V0,2,6,9,855440301,1892,13.3154168,3.02464,4307277616,96628736,True,
linux-x64,CORE-VERIFY-001/RUN-20260929-4-5ff9db9-linux-x64,T,blake3,throttled,V1,2,6,10,855440301,1892,16.4284255,2.344902,2679044944,172990464,True,
linux-x64,CORE-VERIFY-001/RUN-20260929-4-5ff9db9-linux-x64,T,blake3,throttled,V2-W2,2,6,11,855440301,1892,12.6450384,2.217995,2676754088,181624832,True,
linux-x64,CORE-VERIFY-001/RUN-20260929-4-5ff9db9-linux-x64,T,blake3,throttled,V1,4,7,0,855440301,1892,8.7602205,2.154188,2691698632,210202624,True,
linux-x64,CORE-VERIFY-001/RUN-20260929-4-5ff9db9-linux-x64,T,blake3,throttled,V2-W2,4,7,1,855440301,1892,6.599979,1.999255,2681528136,232534016,True,
linux-x64,CORE-VERIFY-001/RUN-20260929-4-5ff9db9-linux-x64,T,blake3,throttled,V0,8,7,2,855440301,1892,3.9349367,2.425231,4307102440,148189184,True,
linux-x64,CORE-VERIFY-001/RUN-20260929-4-5ff9db9-linux-x64,T,blake3,throttled,V1,8,7,3,855440301,1892,4.8133191,1.916151,2708212576,278241280,True,
linux-x64,CORE-VERIFY-001/RUN-20260929-4-5ff9db9-linux-x64,T,blake3,throttled,V2-W2,8,7,4,855440301,1892,3.5448754,1.790967,2693514472,218165248,True,
linux-x64,CORE-VERIFY-001/RUN-20260929-4-5ff9db9-linux-x64,T,blake3,throttled,V0,1,7,5,855440301,1892,25.847654,3.018685,4308966536,95518720,True,
linux-x64,CORE-VERIFY-001/RUN-20260929-4-5ff9db9-linux-x64,T,blake3,throttled,V1,1,7,6,855440301,1892,32.1813619,2.438197,2657629976,137732096,True,
linux-x64,CORE-VERIFY-001/RUN-20260929-4-5ff9db9-linux-x64,T,blake3,throttled,V2-W2,1,7,7,855440301,1892,25.0168488,2.309643,2662370480,157855744,True,
linux-x64,CORE-VERIFY-001/RUN-20260929-4-5ff9db9-linux-x64,T,blake3,throttled,V0,2,7,8,855440301,1892,13.314465,2.998676,4307133112,115003392,True,
linux-x64,CORE-VERIFY-001/RUN-20260929-4-5ff9db9-linux-x64,T,blake3,throttled,V1,2,7,9,855440301,1892,16.4288377,2.328898,2675192968,155721728,True,
linux-x64,CORE-VERIFY-001/RUN-20260929-4-5ff9db9-linux-x64,T,blake3,throttled,V2-W2,2,7,10,855440301,1892,12.6135038,2.262589,2682876056,210124800,True,
linux-x64,CORE-VERIFY-001/RUN-20260929-4-5ff9db9-linux-x64,T,blake3,throttled,V0,4,7,11,855440301,1892,7.1745111,2.665427,4306044064,121204736,True,
linux-x64,CORE-VERIFY-001/RUN-20260929-4-5ff9db9-linux-x64,T,blake3,throttled,V2-W2,4,8,0,855440301,1892,6.5878484,1.986133,2688593224,202592256,True,
linux-x64,CORE-VERIFY-001/RUN-20260929-4-5ff9db9-linux-x64,T,blake3,throttled,V0,8,8,1,855440301,1892,3.9344052,2.378835,4306317832,155897856,True,
linux-x64,CORE-VERIFY-001/RUN-20260929-4-5ff9db9-linux-x64,T,blake3,throttled,V1,8,8,2,855440301,1892,4.814687,1.881597,2711734240,246894592,True,
linux-x64,CORE-VERIFY-001/RUN-20260929-4-5ff9db9-linux-x64,T,blake3,throttled,V2-W2,8,8,3,855440301,1892,3.5496341,1.830632,2711488680,233611264,True,
linux-x64,CORE-VERIFY-001/RUN-20260929-4-5ff9db9-linux-x64,T,blake3,throttled,V0,1,8,4,855440301,1892,25.8484172,3.095179,4309805952,95059968,True,
linux-x64,CORE-VERIFY-001/RUN-20260929-4-5ff9db9-linux-x64,T,blake3,throttled,V1,1,8,5,855440301,1892,32.1805478,2.503002,2659216296,137326592,True,
linux-x64,CORE-VERIFY-001/RUN-20260929-4-5ff9db9-linux-x64,T,blake3,throttled,V2-W2,1,8,6,855440301,1892,25.0210141,2.348797,2659283688,181149696,True,
linux-x64,CORE-VERIFY-001/RUN-20260929-4-5ff9db9-linux-x64,T,blake3,throttled,V0,2,8,7,855440301,1892,13.3150435,3.037975,4307589688,89530368,True,
linux-x64,CORE-VERIFY-001/RUN-20260929-4-5ff9db9-linux-x64,T,blake3,throttled,V1,2,8,8,855440301,1892,16.4282079,2.451958,2670703992,153243648,True,
linux-x64,CORE-VERIFY-001/RUN-20260929-4-5ff9db9-linux-x64,T,blake3,throttled,V2-W2,2,8,9,855440301,1892,12.6278726,2.327057,2674388912,203476992,True,
linux-x64,CORE-VERIFY-001/RUN-20260929-4-5ff9db9-linux-x64,T,blake3,throttled,V0,4,8,10,855440301,1892,7.1750485,2.641515,4306374264,110272512,True,
linux-x64,CORE-VERIFY-001/RUN-20260929-4-5ff9db9-linux-x64,T,blake3,throttled,V1,4,8,11,855440301,1892,8.7597838,2.166977,2681708424,218935296,True,
linux-x64,CORE-VERIFY-001/RUN-20260929-4-5ff9db9-linux-x64,T,blake3,throttled,V0,8,9,0,855440301,1892,3.9339761,2.336629,4306071688,152821760,True,
linux-x64,CORE-VERIFY-001/RUN-20260929-4-5ff9db9-linux-x64,T,blake3,throttled,V1,8,9,1,855440301,1892,4.8139691,1.872982,2703384408,223383552,True,
linux-x64,CORE-VERIFY-001/RUN-20260929-4-5ff9db9-linux-x64,T,blake3,throttled,V2-W2,8,9,2,855440301,1892,3.5497289,1.803924,2711906688,244404224,True,
linux-x64,CORE-VERIFY-001/RUN-20260929-4-5ff9db9-linux-x64,T,blake3,throttled,V0,1,9,3,855440301,1892,25.8486006,3.098792,4308947888,102244352,True,
linux-x64,CORE-VERIFY-001/RUN-20260929-4-5ff9db9-linux-x64,T,blake3,throttled,V1,1,9,4,855440301,1892,32.1809499,2.533404,2662049928,164515840,True,
linux-x64,CORE-VERIFY-001/RUN-20260929-4-5ff9db9-linux-x64,T,blake3,throttled,V2-W2,1,9,5,855440301,1892,25.0969072,2.486235,2664488760,171634688,True,
linux-x64,CORE-VERIFY-001/RUN-20260929-4-5ff9db9-linux-x64,T,blake3,throttled,V0,2,9,6,855440301,1892,13.3158285,3.202721,4306905360,103919616,True,
linux-x64,CORE-VERIFY-001/RUN-20260929-4-5ff9db9-linux-x64,T,blake3,throttled,V1,2,9,7,855440301,1892,16.4297141,2.462813,2677367128,154009600,True,
linux-x64,CORE-VERIFY-001/RUN-20260929-4-5ff9db9-linux-x64,T,blake3,throttled,V2-W2,2,9,8,855440301,1892,12.637073,2.359813,2674628464,193286144,True,
linux-x64,CORE-VERIFY-001/RUN-20260929-4-5ff9db9-linux-x64,T,blake3,throttled,V0,4,9,9,855440301,1892,7.1748012,2.613298,4305763624,120819712,True,
linux-x64,CORE-VERIFY-001/RUN-20260929-4-5ff9db9-linux-x64,T,blake3,throttled,V1,4,9,10,855440301,1892,8.7583871,2.245811,2685836704,170934272,True,
linux-x64,CORE-VERIFY-001/RUN-20260929-4-5ff9db9-linux-x64,T,blake3,throttled,V2-W2,4,9,11,855440301,1892,6.5953895,2.040285,2684016280,187379712,True,
win-x64,CORE-VERIFY-001/RUN-20260929-4-5ff9db9-win-x64,T,blake3,warm,V0,1,0,0,855440301,1892,2.1115382,2.96875,334246960,119074816,True,
win-x64,CORE-VERIFY-001/RUN-20260929-4-5ff9db9-win-x64,T,blake3,warm,V1,1,0,1,855440301,1892,1.3891916,1.921875,672707728,134135808,True,
win-x64,CORE-VERIFY-001/RUN-20260929-4-5ff9db9-win-x64,T,blake3,warm,V2-W2,1,0,2,855440301,1892,1.2273959,2.0625,674855096,135163904,True,
win-x64,CORE-VERIFY-001/RUN-20260929-4-5ff9db9-win-x64,T,blake3,warm,V0,2,0,3,855440301,1892,1.1207617,2.84375,335242328,62074880,True,
win-x64,CORE-VERIFY-001/RUN-20260929-4-5ff9db9-win-x64,T,blake3,warm,V1,2,0,4,855440301,1892,0.7393327,1.671875,688223552,144084992,True,
win-x64,CORE-VERIFY-001/RUN-20260929-4-5ff9db9-win-x64,T,blake3,warm,V2-W2,2,0,5,855440301,1892,0.6864713,2.03125,697734968,147140608,True,
win-x64,CORE-VERIFY-001/RUN-20260929-4-5ff9db9-win-x64,T,blake3,warm,V0,4,0,6,855440301,1892,0.7042677,2.5,335660832,63963136,True,
win-x64,CORE-VERIFY-001/RUN-20260929-4-5ff9db9-win-x64,T,blake3,warm,V1,4,0,7,855440301,1892,0.6237486,1.625,698137488,168775680,True,
win-x64,CORE-VERIFY-001/RUN-20260929-4-5ff9db9-win-x64,T,blake3,warm,V2-W2,4,0,8,855440301,1892,0.423137,1.53125,713162928,226201600,True,
win-x64,CORE-VERIFY-001/RUN-20260929-4-5ff9db9-win-x64,T,blake3,warm,V0,8,0,9,855440301,1892,0.6724021,2.390625,336806552,74956800,True,
win-x64,CORE-VERIFY-001/RUN-20260929-4-5ff9db9-win-x64,T,blake3,warm,V1,8,0,10,855440301,1892,0.5475316,1.578125,740293824,254963712,True,
win-x64,CORE-VERIFY-001/RUN-20260929-4-5ff9db9-win-x64,T,blake3,warm,V2-W2,8,0,11,855440301,1892,0.4334243,1.625,746727464,261218304,True,
win-x64,CORE-VERIFY-001/RUN-20260929-4-5ff9db9-win-x64,T,blake3,warm,V1,1,1,0,855440301,1892,1.1820319,1.671875,668629064,108703744,True,
win-x64,CORE-VERIFY-001/RUN-20260929-4-5ff9db9-win-x64,T,blake3,warm,V2-W2,1,1,1,855440301,1892,1.1221455,2.015625,677244624,148172800,True,
win-x64,CORE-VERIFY-001/RUN-20260929-4-5ff9db9-win-x64,T,blake3,warm,V0,2,1,2,855440301,1892,1.1266135,2.765625,335323264,62976000,True,
win-x64,CORE-VERIFY-001/RUN-20260929-4-5ff9db9-win-x64,T,blake3,warm,V1,2,1,3,855440301,1892,0.7181895,1.8125,692214144,152616960,True,
win-x64,CORE-VERIFY-001/RUN-20260929-4-5ff9db9-win-x64,T,blake3,warm,V2-W2,2,1,4,855440301,1892,0.6360032,1.890625,695568520,158027776,True,
win-x64,CORE-VERIFY-001/RUN-20260929-4-5ff9db9-win-x64,T,blake3,warm,V0,4,1,5,855440301,1892,0.8582415,2.109375,335161024,69652480,True,
win-x64,CORE-VERIFY-001/RUN-20260929-4-5ff9db9-win-x64,T,blake3,warm,V1,4,1,6,855440301,1892,0.4688019,1.40625,700634616,219426816,True,
win-x64,CORE-VERIFY-001/RUN-20260929-4-5ff9db9-win-x64,T,blake3,warm,V2-W2,4,1,7,855440301,1892,0.459332,1.59375,726552240,249556992,True,
win-x64,CORE-VERIFY-001/RUN-20260929-4-5ff9db9-win-x64,T,blake3,warm,V0,8,1,8,855440301,1892,0.6626694,2.296875,336431136,74039296,True,
win-x64,CORE-VERIFY-001/RUN-20260929-4-5ff9db9-win-x64,T,blake3,warm,V1,8,1,9,855440301,1892,0.4352285,1.453125,727226576,207175680,True,
win-x64,CORE-VERIFY-001/RUN-20260929-4-5ff9db9-win-x64,T,blake3,warm,V2-W2,8,1,10,855440301,1892,0.4616187,1.5625,745168336,277786624,True,
win-x64,CORE-VERIFY-001/RUN-20260929-4-5ff9db9-win-x64,T,blake3,warm,V0,1,1,11,855440301,1892,1.7382192,2.65625,334346160,63102976,True,
win-x64,CORE-VERIFY-001/RUN-20260929-4-5ff9db9-win-x64,T,blake3,warm,V2-W2,1,2,0,855440301,1892,1.0787696,2.015625,683311832,168943616,True,
win-x64,CORE-VERIFY-001/RUN-20260929-4-5ff9db9-win-x64,T,blake3,warm,V0,2,2,1,855440301,1892,1.0913359,2.84375,334710768,65323008,True,
win-x64,CORE-VERIFY-001/RUN-20260929-4-5ff9db9-win-x64,T,blake3,warm,V1,2,2,2,855440301,1892,0.8437651,2.1875,683777504,179240960,True,
win-x64,CORE-VERIFY-001/RUN-20260929-4-5ff9db9-win-x64,T,blake3,warm,V2-W2,2,2,3,855440301,1892,0.6338765,1.890625,687695560,164757504,True,
win-x64,CORE-VERIFY-001/RUN-20260929-4-5ff9db9-win-x64,T,blake3,warm,V0,4,2,4,855440301,1892,0.6769035,2.109375,334949248,69787648,True,
win-x64,CORE-VERIFY-001/RUN-20260929-4-5ff9db9-win-x64,T,blake3,warm,V1,4,2,5,855440301,1892,0.4805932,1.546875,701126344,170139648,True,
win-x64,CORE-VERIFY-001/RUN-20260929-4-5ff9db9-win-x64,T,blake3,warm,V2-W2,4,2,6,855440301,1892,0.45115,1.609375,714015104,189333504,True,
win-x64,CORE-VERIFY-001/RUN-20260929-4-5ff9db9-win-x64,T,blake3,warm,V0,8,2,7,855440301,1892,0.7048246,2.1875,336609056,78200832,True,
win-x64,CORE-VERIFY-001/RUN-20260929-4-5ff9db9-win-x64,T,blake3,warm,V1,8,2,8,855440301,1892,0.4680005,1.5625,742182792,219734016,True,
win-x64,CORE-VERIFY-001/RUN-20260929-4-5ff9db9-win-x64,T,blake3,warm,V2-W2,8,2,9,855440301,1892,0.4455396,1.671875,747059272,311750656,True,
win-x64,CORE-VERIFY-001/RUN-20260929-4-5ff9db9-win-x64,T,blake3,warm,V0,1,2,10,855440301,1892,1.842096,2.703125,334153624,63717376,True,
win-x64,CORE-VERIFY-001/RUN-20260929-4-5ff9db9-win-x64,T,blake3,warm,V1,1,2,11,855440301,1892,1.2373323,1.8125,667057176,129101824,True,
win-x64,CORE-VERIFY-001/RUN-20260929-4-5ff9db9-win-x64,T,blake3,warm,V0,2,3,0,855440301,1892,1.1255987,2.625,335538120,66600960,True,
win-x64,CORE-VERIFY-001/RUN-20260929-4-5ff9db9-win-x64,T,blake3,warm,V1,2,3,1,855440301,1892,0.8318555,2.109375,687991712,147828736,True,
win-x64,CORE-VERIFY-001/RUN-20260929-4-5ff9db9-win-x64,T,blake3,warm,V2-W2,2,3,2,855440301,1892,0.6604525,1.59375,697508136,152125440,True,
win-x64,CORE-VERIFY-001/RUN-20260929-4-5ff9db9-win-x64,T,blake3,warm,V0,4,3,3,855440301,1892,0.6647666,2.3125,336125800,64372736,True,
win-x64,CORE-VERIFY-001/RUN-20260929-4-5ff9db9-win-x64,T,blake3,warm,V1,4,3,4,855440301,1892,0.602964,1.515625,689917296,131301376,True,
win-x64,CORE-VERIFY-001/RUN-20260929-4-5ff9db9-win-x64,T,blake3,warm,V2-W2,4,3,5,855440301,1892,0.6045526,1.5625,705948960,193376256,True,
win-x64,CORE-VERIFY-001/RUN-20260929-4-5ff9db9-win-x64,T,blake3,warm,V0,8,3,6,855440301,1892,0.8886734,2.21875,335995360,171159552,True,
win-x64,CORE-VERIFY-001/RUN-20260929-4-5ff9db9-win-x64,T,blake3,warm,V1,8,3,7,855440301,1892,0.4843386,1.515625,726975160,240103424,True,
win-x64,CORE-VERIFY-001/RUN-20260929-4-5ff9db9-win-x64,T,blake3,warm,V2-W2,8,3,8,855440301,1892,0.4751488,1.71875,755657344,261095424,True,
win-x64,CORE-VERIFY-001/RUN-20260929-4-5ff9db9-win-x64,T,blake3,warm,V0,1,3,9,855440301,1892,1.7875108,2.515625,333720168,109064192,True,
win-x64,CORE-VERIFY-001/RUN-20260929-4-5ff9db9-win-x64,T,blake3,warm,V1,1,3,10,855440301,1892,1.2131729,1.671875,667027816,136318976,True,
win-x64,CORE-VERIFY-001/RUN-20260929-4-5ff9db9-win-x64,T,blake3,warm,V2-W2,1,3,11,855440301,1892,1.2759206,2.28125,676738984,125804544,True,
win-x64,CORE-VERIFY-001/RUN-20260929-4-5ff9db9-win-x64,T,blake3,warm,V1,2,4,0,855440301,1892,0.81386,2.0625,692158352,147148800,True,
win-x64,CORE-VERIFY-001/RUN-20260929-4-5ff9db9-win-x64,T,blake3,warm,V2-W2,2,4,1,855440301,1892,0.6397218,1.984375,690865880,223117312,True,
win-x64,CORE-VERIFY-001/RUN-20260929-4-5ff9db9-win-x64,T,blake3,warm,V0,4,4,2,855440301,1892,0.6776742,2.28125,335650144,63713280,True,
win-x64,CORE-VERIFY-001/RUN-20260929-4-5ff9db9-win-x64,T,blake3,warm,V1,4,4,3,855440301,1892,0.4365529,1.546875,696615120,150949888,True,
win-x64,CORE-VERIFY-001/RUN-20260929-4-5ff9db9-win-x64,T,blake3,warm,V2-W2,4,4,4,855440301,1892,0.4550812,1.5625,720806064,202166272,True,
win-x64,CORE-VERIFY-001/RUN-20260929-4-5ff9db9-win-x64,T,blake3,warm,V0,8,4,5,855440301,1892,0.6284347,2.140625,336532664,88551424,True,
win-x64,CORE-VERIFY-001/RUN-20260929-4-5ff9db9-win-x64,T,blake3,warm,V1,8,4,6,855440301,1892,0.4311383,1.640625,728718632,209973248,True,
win-x64,CORE-VERIFY-001/RUN-20260929-4-5ff9db9-win-x64,T,blake3,warm,V2-W2,8,4,7,855440301,1892,0.4454797,1.578125,742176920,236982272,True,
win-x64,CORE-VERIFY-001/RUN-20260929-4-5ff9db9-win-x64,T,blake3,warm,V0,1,4,8,855440301,1892,1.7808501,2.53125,334144208,65200128,True,
win-x64,CORE-VERIFY-001/RUN-20260929-4-5ff9db9-win-x64,T,blake3,warm,V1,1,4,9,855440301,1892,1.2158982,1.65625,667495784,125112320,True,
win-x64,CORE-VERIFY-001/RUN-20260929-4-5ff9db9-win-x64,T,blake3,warm,V2-W2,1,4,10,855440301,1892,1.074787,1.96875,683458504,125075456,True,
win-x64,CORE-VERIFY-001/RUN-20260929-4-5ff9db9-win-x64,T,blake3,warm,V0,2,4,11,855440301,1892,1.3111802,2.890625,335275224,63234048,True,
win-x64,CORE-VERIFY-001/RUN-20260929-4-5ff9db9-win-x64,T,blake3,warm,V2-W2,2,5,0,855440301,1892,0.625733,1.71875,698435880,180355072,True,
win-x64,CORE-VERIFY-001/RUN-20260929-4-5ff9db9-win-x64,T,blake3,warm,V0,4,5,1,855440301,1892,0.7003693,2.375,335754576,64221184,True,
win-x64,CORE-VERIFY-001/RUN-20260929-4-5ff9db9-win-x64,T,blake3,warm,V1,4,5,2,855440301,1892,0.5337787,1.484375,696425416,229720064,True,
win-x64,CORE-VERIFY-001/RUN-20260929-4-5ff9db9-win-x64,T,blake3,warm,V2-W2,4,5,3,855440301,1892,0.4489487,1.484375,712005944,225837056,True,
win-x64,CORE-VERIFY-001/RUN-20260929-4-5ff9db9-win-x64,T,blake3,warm,V0,8,5,4,855440301,1892,0.8415591,2.4375,336531408,73961472,True,
win-x64,CORE-VERIFY-001/RUN-20260929-4-5ff9db9-win-x64,T,blake3,warm,V1,8,5,5,855440301,1892,0.4786561,1.5625,747692904,233066496,True,
win-x64,CORE-VERIFY-001/RUN-20260929-4-5ff9db9-win-x64,T,blake3,warm,V2-W2,8,5,6,855440301,1892,0.4641836,1.703125,749017992,246243328,True,
win-x64,CORE-VERIFY-001/RUN-20260929-4-5ff9db9-win-x64,T,blake3,warm,V0,1,5,7,855440301,1892,1.7744293,2.4375,334371232,87982080,True,
win-x64,CORE-VERIFY-001/RUN-20260929-4-5ff9db9-win-x64,T,blake3,warm,V1,1,5,8,855440301,1892,1.4655605,1.734375,672478408,131182592,True,
win-x64,CORE-VERIFY-001/RUN-20260929-4-5ff9db9-win-x64,T,blake3,warm,V2-W2,1,5,9,855440301,1892,1.2092685,2.140625,681198968,137580544,True,
win-x64,CORE-VERIFY-001/RUN-20260929-4-5ff9db9-win-x64,T,blake3,warm,V0,2,5,10,855440301,1892,1.1289505,2.859375,334901960,63070208,True,
win-x64,CORE-VERIFY-001/RUN-20260929-4-5ff9db9-win-x64,T,blake3,warm,V1,2,5,11,855440301,1892,0.7551092,2.078125,682250312,141778944,True,
win-x64,CORE-VERIFY-001/RUN-20260929-4-5ff9db9-win-x64,T,blake3,warm,V0,4,6,0,855440301,1892,0.681608,2.28125,334843080,71577600,True,
win-x64,CORE-VERIFY-001/RUN-20260929-4-5ff9db9-win-x64,T,blake3,warm,V1,4,6,1,855440301,1892,0.4807814,1.484375,713915680,205213696,True,
win-x64,CORE-VERIFY-001/RUN-20260929-4-5ff9db9-win-x64,T,blake3,warm,V2-W2,4,6,2,855440301,1892,0.4846604,1.578125,718085944,188784640,True,
win-x64,CORE-VERIFY-001/RUN-20260929-4-5ff9db9-win-x64,T,blake3,warm,V0,8,6,3,855440301,1892,0.7075996,2.328125,336046136,78909440,True,
win-x64,CORE-VERIFY-001/RUN-20260929-4-5ff9db9-win-x64,T,blake3,warm,V1,8,6,4,855440301,1892,0.4624043,1.609375,708931176,194088960,True,
win-x64,CORE-VERIFY-001/RUN-20260929-4-5ff9db9-win-x64,T,blake3,warm,V2-W2,8,6,5,855440301,1892,0.4752748,1.65625,749038568,230367232,True,
win-x64,CORE-VERIFY-001/RUN-20260929-4-5ff9db9-win-x64,T,blake3,warm,V0,1,6,6,855440301,1892,1.7917827,2.734375,334386688,64176128,True,
win-x64,CORE-VERIFY-001/RUN-20260929-4-5ff9db9-win-x64,T,blake3,warm,V1,1,6,7,855440301,1892,1.4347759,1.703125,675359016,139771904,True,
win-x64,CORE-VERIFY-001/RUN-20260929-4-5ff9db9-win-x64,T,blake3,warm,V2-W2,1,6,8,855440301,1892,1.1755567,2.078125,673124192,167829504,True,
win-x64,CORE-VERIFY-001/RUN-20260929-4-5ff9db9-win-x64,T,blake3,warm,V0,2,6,9,855440301,1892,1.0679632,2.75,335250368,63668224,True,
win-x64,CORE-VERIFY-001/RUN-20260929-4-5ff9db9-win-x64,T,blake3,warm,V1,2,6,10,855440301,1892,0.9357125,2.421875,683838416,143872000,True,
win-x64,CORE-VERIFY-001/RUN-20260929-4-5ff9db9-win-x64,T,blake3,warm,V2-W2,2,6,11,855440301,1892,0.7072224,2.046875,693621144,150827008,True,
win-x64,CORE-VERIFY-001/RUN-20260929-4-5ff9db9-win-x64,T,blake3,warm,V1,4,7,0,855440301,1892,0.4294473,1.546875,696331672,153112576,True,
win-x64,CORE-VERIFY-001/RUN-20260929-4-5ff9db9-win-x64,T,blake3,warm,V2-W2,4,7,1,855440301,1892,0.4601175,1.59375,717430608,189632512,True,
win-x64,CORE-VERIFY-001/RUN-20260929-4-5ff9db9-win-x64,T,blake3,warm,V0,8,7,2,855440301,1892,0.7340589,2.5625,336961968,63963136,True,
win-x64,CORE-VERIFY-001/RUN-20260929-4-5ff9db9-win-x64,T,blake3,warm,V1,8,7,3,855440301,1892,0.5652549,1.609375,719023792,238186496,True,
win-x64,CORE-VERIFY-001/RUN-20260929-4-5ff9db9-win-x64,T,blake3,warm,V2-W2,8,7,4,855440301,1892,0.5508545,1.640625,748928312,255688704,True,
win-x64,CORE-VERIFY-001/RUN-20260929-4-5ff9db9-win-x64,T,blake3,warm,V0,1,7,5,855440301,1892,1.9659095,2.84375,334327584,70098944,True,
win-x64,CORE-VERIFY-001/RUN-20260929-4-5ff9db9-win-x64,T,blake3,warm,V1,1,7,6,855440301,1892,1.3495959,1.828125,672638800,120950784,True,
win-x64,CORE-VERIFY-001/RUN-20260929-4-5ff9db9-win-x64,T,blake3,warm,V2-W2,1,7,7,855440301,1892,1.2041893,2.140625,675115184,174264320,True,
win-x64,CORE-VERIFY-001/RUN-20260929-4-5ff9db9-win-x64,T,blake3,warm,V0,2,7,8,855440301,1892,1.0935665,2.765625,335493784,63418368,True,
win-x64,CORE-VERIFY-001/RUN-20260929-4-5ff9db9-win-x64,T,blake3,warm,V1,2,7,9,855440301,1892,0.7564768,2.09375,678670864,127549440,True,
win-x64,CORE-VERIFY-001/RUN-20260929-4-5ff9db9-win-x64,T,blake3,warm,V2-W2,2,7,10,855440301,1892,0.6334483,1.875,696087696,178552832,True,
win-x64,CORE-VERIFY-001/RUN-20260929-4-5ff9db9-win-x64,T,blake3,warm,V0,4,7,11,855440301,1892,0.8606122,2.125,334735280,64651264,True,
win-x64,CORE-VERIFY-001/RUN-20260929-4-5ff9db9-win-x64,T,blake3,warm,V2-W2,4,8,0,855440301,1892,0.5924628,1.609375,711440536,188739584,True,
win-x64,CORE-VERIFY-001/RUN-20260929-4-5ff9db9-win-x64,T,blake3,warm,V0,8,8,1,855440301,1892,0.8490296,2.328125,336235688,143896576,True,
win-x64,CORE-VERIFY-001/RUN-20260929-4-5ff9db9-win-x64,T,blake3,warm,V1,8,8,2,855440301,1892,0.6009302,1.59375,723134480,239636480,True,
win-x64,CORE-VERIFY-001/RUN-20260929-4-5ff9db9-win-x64,T,blake3,warm,V2-W2,8,8,3,855440301,1892,0.5786784,1.59375,750513928,283578368,True,
win-x64,CORE-VERIFY-001/RUN-20260929-4-5ff9db9-win-x64,T,blake3,warm,V0,1,8,4,855440301,1892,2.1566667,3.15625,334311416,152895488,True,
win-x64,CORE-VERIFY-001/RUN-20260929-4-5ff9db9-win-x64,T,blake3,warm,V1,1,8,5,855440301,1892,1.3713159,1.96875,674855120,156438528,True,
win-x64,CORE-VERIFY-001/RUN-20260929-4-5ff9db9-win-x64,T,blake3,warm,V2-W2,1,8,6,855440301,1892,1.1897813,2.453125,683601152,137809920,True,
win-x64,CORE-VERIFY-001/RUN-20260929-4-5ff9db9-win-x64,T,blake3,warm,V0,2,8,7,855440301,1892,1.2076271,2.9375,335080088,119795712,True,
win-x64,CORE-VERIFY-001/RUN-20260929-4-5ff9db9-win-x64,T,blake3,warm,V1,2,8,8,855440301,1892,0.8034701,1.953125,685491280,170070016,True,
win-x64,CORE-VERIFY-001/RUN-20260929-4-5ff9db9-win-x64,T,blake3,warm,V2-W2,2,8,9,855440301,1892,0.6804154,1.96875,697853456,164581376,True,
win-x64,CORE-VERIFY-001/RUN-20260929-4-5ff9db9-win-x64,T,blake3,warm,V0,4,8,10,855440301,1892,0.6361641,2.03125,335402840,64397312,True,
win-x64,CORE-VERIFY-001/RUN-20260929-4-5ff9db9-win-x64,T,blake3,warm,V1,4,8,11,855440301,1892,0.7680233,1.828125,691878264,214204416,True,
win-x64,CORE-VERIFY-001/RUN-20260929-4-5ff9db9-win-x64,T,blake3,warm,V0,8,9,0,855440301,1892,0.8893005,2.40625,336401656,76472320,True,
win-x64,CORE-VERIFY-001/RUN-20260929-4-5ff9db9-win-x64,T,blake3,warm,V1,8,9,1,855440301,1892,0.5942646,1.59375,715186192,215945216,True,
win-x64,CORE-VERIFY-001/RUN-20260929-4-5ff9db9-win-x64,T,blake3,warm,V2-W2,8,9,2,855440301,1892,0.5610028,1.578125,743113256,246906880,True,
win-x64,CORE-VERIFY-001/RUN-20260929-4-5ff9db9-win-x64,T,blake3,warm,V0,1,9,3,855440301,1892,2.2359427,3.171875,333736048,63860736,True,
win-x64,CORE-VERIFY-001/RUN-20260929-4-5ff9db9-win-x64,T,blake3,warm,V1,1,9,4,855440301,1892,1.2132201,1.671875,675340048,121511936,True,
win-x64,CORE-VERIFY-001/RUN-20260929-4-5ff9db9-win-x64,T,blake3,warm,V2-W2,1,9,5,855440301,1892,1.1603194,2.15625,675247760,124268544,True,
win-x64,CORE-VERIFY-001/RUN-20260929-4-5ff9db9-win-x64,T,blake3,warm,V0,2,9,6,855440301,1892,1.2348493,2.890625,335310528,65343488,True,
win-x64,CORE-VERIFY-001/RUN-20260929-4-5ff9db9-win-x64,T,blake3,warm,V1,2,9,7,855440301,1892,0.805657,1.875,681094520,138592256,True,
win-x64,CORE-VERIFY-001/RUN-20260929-4-5ff9db9-win-x64,T,blake3,warm,V2-W2,2,9,8,855440301,1892,0.7023634,1.765625,697708104,149155840,True,
win-x64,CORE-VERIFY-001/RUN-20260929-4-5ff9db9-win-x64,T,blake3,warm,V0,4,9,9,855440301,1892,0.6326643,2.171875,335285848,65302528,True,
win-x64,CORE-VERIFY-001/RUN-20260929-4-5ff9db9-win-x64,T,blake3,warm,V1,4,9,10,855440301,1892,0.4767948,1.609375,696195416,147697664,True,
win-x64,CORE-VERIFY-001/RUN-20260929-4-5ff9db9-win-x64,T,blake3,warm,V2-W2,4,9,11,855440301,1892,0.4592678,1.71875,716706280,183005184,True,
win-x64,CORE-VERIFY-001/RUN-20260929-4-5ff9db9-win-x64,T,blake3,throttled,V0,1,0,0,855440301,1892,25.8587705,4.546875,4301616056,138944512,True,
win-x64,CORE-VERIFY-001/RUN-20260929-4-5ff9db9-win-x64,T,blake3,throttled,V1,1,0,1,855440301,1892,32.2015405,2.78125,2653531808,106270720,True,
win-x64,CORE-VERIFY-001/RUN-20260929-4-5ff9db9-win-x64,T,blake3,throttled,V2-W2,1,0,2,855440301,1892,25.1010451,2.78125,2659308840,146173952,True,
win-x64,CORE-VERIFY-001/RUN-20260929-4-5ff9db9-win-x64,T,blake3,throttled,V0,2,0,3,855440301,1892,13.3278886,4.265625,4301766792,241496064,True,
win-x64,CORE-VERIFY-001/RUN-20260929-4-5ff9db9-win-x64,T,blake3,throttled,V1,2,0,4,855440301,1892,16.4411522,2.5625,2665746208,140783616,True,
win-x64,CORE-VERIFY-001/RUN-20260929-4-5ff9db9-win-x64,T,blake3,throttled,V2-W2,2,0,5,855440301,1892,12.6995858,2.75,2671901672,193908736,True,
win-x64,CORE-VERIFY-001/RUN-20260929-4-5ff9db9-win-x64,T,blake3,throttled,V0,4,0,6,855440301,1892,7.2328044,3.796875,4302655904,118816768,True,
win-x64,CORE-VERIFY-001/RUN-20260929-4-5ff9db9-win-x64,T,blake3,throttled,V1,4,0,7,855440301,1892,8.7752982,2.859375,2675392680,166195200,True,
win-x64,CORE-VERIFY-001/RUN-20260929-4-5ff9db9-win-x64,T,blake3,throttled,V2-W2,4,0,8,855440301,1892,6.6301921,2.890625,2675757400,176283648,True,
win-x64,CORE-VERIFY-001/RUN-20260929-4-5ff9db9-win-x64,T,blake3,throttled,V0,8,0,9,855440301,1892,7.4589078,3.921875,4302331216,152268800,True,
win-x64,CORE-VERIFY-001/RUN-20260929-4-5ff9db9-win-x64,T,blake3,throttled,V1,8,0,10,855440301,1892,4.9363197,3.078125,2700543864,220958720,True,
win-x64,CORE-VERIFY-001/RUN-20260929-4-5ff9db9-win-x64,T,blake3,throttled,V2-W2,8,0,11,855440301,1892,3.5806276,2.484375,2684275400,207765504,True,
win-x64,CORE-VERIFY-001/RUN-20260929-4-5ff9db9-win-x64,T,blake3,throttled,V1,1,1,0,855440301,1892,32.1866982,2.65625,2656038912,140353536,True,
win-x64,CORE-VERIFY-001/RUN-20260929-4-5ff9db9-win-x64,T,blake3,throttled,V2-W2,1,1,1,855440301,1892,25.1273417,2.5,2660704376,144326656,True,
win-x64,CORE-VERIFY-001/RUN-20260929-4-5ff9db9-win-x64,T,blake3,throttled,V0,2,1,2,855440301,1892,13.3255515,4.296875,4302228592,164638720,True,
win-x64,CORE-VERIFY-001/RUN-20260929-4-5ff9db9-win-x64,T,blake3,throttled,V1,2,1,3,855440301,1892,16.4565947,2.65625,2661520144,130162688,True,
win-x64,CORE-VERIFY-001/RUN-20260929-4-5ff9db9-win-x64,T,blake3,throttled,V2-W2,2,1,4,855440301,1892,12.6625976,2.84375,2667479328,198946816,True,
win-x64,CORE-VERIFY-001/RUN-20260929-4-5ff9db9-win-x64,T,blake3,throttled,V0,4,1,5,855440301,1892,7.1975078,4.171875,4301016408,119578624,True,
win-x64,CORE-VERIFY-001/RUN-20260929-4-5ff9db9-win-x64,T,blake3,throttled,V1,4,1,6,855440301,1892,8.7741302,2.59375,2681259304,236048384,True,
win-x64,CORE-VERIFY-001/RUN-20260929-4-5ff9db9-win-x64,T,blake3,throttled,V2-W2,4,1,7,855440301,1892,6.6267552,2.28125,2679169144,206475264,True,
win-x64,CORE-VERIFY-001/RUN-20260929-4-5ff9db9-win-x64,T,blake3,throttled,V0,8,1,8,855440301,1892,3.9777662,3.71875,4302579496,153128960,True,
win-x64,CORE-VERIFY-001/RUN-20260929-4-5ff9db9-win-x64,T,blake3,throttled,V1,8,1,9,855440301,1892,4.8276593,2.171875,2688638856,215945216,True,
win-x64,CORE-VERIFY-001/RUN-20260929-4-5ff9db9-win-x64,T,blake3,throttled,V2-W2,8,1,10,855440301,1892,3.6011391,2.53125,2692164528,272904192,True,
win-x64,CORE-VERIFY-001/RUN-20260929-4-5ff9db9-win-x64,T,blake3,throttled,V0,1,1,11,855440301,1892,25.8595424,4.03125,4301851264,66662400,True,
win-x64,CORE-VERIFY-001/RUN-20260929-4-5ff9db9-win-x64,T,blake3,throttled,V2-W2,1,2,0,855440301,1892,25.1232695,2.40625,2659376008,151523328,True,
win-x64,CORE-VERIFY-001/RUN-20260929-4-5ff9db9-win-x64,T,blake3,throttled,V0,2,2,1,855440301,1892,13.3224626,3.703125,4302091656,97910784,True,
win-x64,CORE-VERIFY-001/RUN-20260929-4-5ff9db9-win-x64,T,blake3,throttled,V1,2,2,2,855440301,1892,16.4329356,3.015625,2664960536,147206144,True,
win-x64,CORE-VERIFY-001/RUN-20260929-4-5ff9db9-win-x64,T,blake3,throttled,V2-W2,2,2,3,855440301,1892,12.6995345,2.953125,2675909096,164769792,True,
win-x64,CORE-VERIFY-001/RUN-20260929-4-5ff9db9-win-x64,T,blake3,throttled,V0,4,2,4,855440301,1892,7.1810419,3.984375,4302695864,120823808,True,
win-x64,CORE-VERIFY-001/RUN-20260929-4-5ff9db9-win-x64,T,blake3,throttled,V1,4,2,5,855440301,1892,8.7729997,2.6875,2673576872,159432704,True,
win-x64,CORE-VERIFY-001/RUN-20260929-4-5ff9db9-win-x64,T,blake3,throttled,V2-W2,4,2,6,855440301,1892,6.6060261,2.296875,2690378024,225214464,True,
win-x64,CORE-VERIFY-001/RUN-20260929-4-5ff9db9-win-x64,T,blake3,throttled,V0,8,2,7,855440301,1892,3.9652121,3.6875,4303342656,177250304,True,
win-x64,CORE-VERIFY-001/RUN-20260929-4-5ff9db9-win-x64,T,blake3,throttled,V1,8,2,8,855440301,1892,4.8144757,2.4375,2691251024,217907200,True,
win-x64,CORE-VERIFY-001/RUN-20260929-4-5ff9db9-win-x64,T,blake3,throttled,V2-W2,8,2,9,855440301,1892,3.5678625,2.890625,2692101352,252297216,True,
win-x64,CORE-VERIFY-001/RUN-20260929-4-5ff9db9-win-x64,T,blake3,throttled,V0,1,2,10,855440301,1892,25.8505876,3.859375,4302030992,76328960,True,
win-x64,CORE-VERIFY-001/RUN-20260929-4-5ff9db9-win-x64,T,blake3,throttled,V1,1,2,11,855440301,1892,32.195939,2.828125,2656102408,121683968,True,
win-x64,CORE-VERIFY-001/RUN-20260929-4-5ff9db9-win-x64,T,blake3,throttled,V0,2,3,0,855440301,1892,13.3290837,4.21875,4302188440,91058176,True,
win-x64,CORE-VERIFY-001/RUN-20260929-4-5ff9db9-win-x64,T,blake3,throttled,V1,2,3,1,855440301,1892,16.430842,3.078125,2660747128,137297920,True,
win-x64,CORE-VERIFY-001/RUN-20260929-4-5ff9db9-win-x64,T,blake3,throttled,V2-W2,2,3,2,855440301,1892,12.6476638,2.640625,2675157736,291299328,True,
win-x64,CORE-VERIFY-001/RUN-20260929-4-5ff9db9-win-x64,T,blake3,throttled,V0,4,3,3,855440301,1892,7.1808711,3.921875,4302574488,117972992,True,
win-x64,CORE-VERIFY-001/RUN-20260929-4-5ff9db9-win-x64,T,blake3,throttled,V1,4,3,4,855440301,1892,8.7788233,2.578125,2670912120,190922752,True,
win-x64,CORE-VERIFY-001/RUN-20260929-4-5ff9db9-win-x64,T,blake3,throttled,V2-W2,4,3,5,855440301,1892,6.6071722,2.578125,2688988240,234258432,True,
win-x64,CORE-VERIFY-001/RUN-20260929-4-5ff9db9-win-x64,T,blake3,throttled,V0,8,3,6,855440301,1892,3.94045,3.328125,4303149728,146681856,True,
win-x64,CORE-VERIFY-001/RUN-20260929-4-5ff9db9-win-x64,T,blake3,throttled,V1,8,3,7,855440301,1892,4.8243263,2.765625,2695025896,219254784,True,
win-x64,CORE-VERIFY-001/RUN-20260929-4-5ff9db9-win-x64,T,blake3,throttled,V2-W2,8,3,8,855440301,1892,3.5712525,2.109375,2698887288,261496832,True,
win-x64,CORE-VERIFY-001/RUN-20260929-4-5ff9db9-win-x64,T,blake3,throttled,V0,1,3,9,855440301,1892,25.8482598,3.71875,4301651600,66379776,True,
win-x64,CORE-VERIFY-001/RUN-20260929-4-5ff9db9-win-x64,T,blake3,throttled,V1,1,3,10,855440301,1892,32.1966358,2.859375,2656948032,168747008,True,
win-x64,CORE-VERIFY-001/RUN-20260929-4-5ff9db9-win-x64,T,blake3,throttled,V2-W2,1,3,11,855440301,1892,25.1090484,2.703125,2654146512,144154624,True,
win-x64,CORE-VERIFY-001/RUN-20260929-4-5ff9db9-win-x64,T,blake3,throttled,V1,2,4,0,855440301,1892,16.4481241,2.796875,2668886664,143130624,True,
win-x64,CORE-VERIFY-001/RUN-20260929-4-5ff9db9-win-x64,T,blake3,throttled,V2-W2,2,4,1,855440301,1892,12.7021,3.0625,2679791320,190427136,True,
win-x64,CORE-VERIFY-001/RUN-20260929-4-5ff9db9-win-x64,T,blake3,throttled,V0,4,4,2,855440301,1892,7.1879606,3.75,4302614144,138616832,True,
win-x64,CORE-VERIFY-001/RUN-20260929-4-5ff9db9-win-x64,T,blake3,throttled,V1,4,4,3,855440301,1892,8.7673084,2.8125,2677411752,280707072,True,
win-x64,CORE-VERIFY-001/RUN-20260929-4-5ff9db9-win-x64,T,blake3,throttled,V2-W2,4,4,4,855440301,1892,6.6440751,2.671875,2688500944,208785408,True,
win-x64,CORE-VERIFY-001/RUN-20260929-4-5ff9db9-win-x64,T,blake3,throttled,V0,8,4,5,855440301,1892,3.9543403,4.015625,4303776360,160075776,True,
win-x64,CORE-VERIFY-001/RUN-20260929-4-5ff9db9-win-x64,T,blake3,throttled,V1,8,4,6,855440301,1892,4.8268653,2.109375,2689466056,203853824,True,
win-x64,CORE-VERIFY-001/RUN-20260929-4-5ff9db9-win-x64,T,blake3,throttled,V2-W2,8,4,7,855440301,1892,3.5903317,2.734375,2695709440,262512640,True,
win-x64,CORE-VERIFY-001/RUN-20260929-4-5ff9db9-win-x64,T,blake3,throttled,V0,1,4,8,855440301,1892,25.8641914,3.421875,4301997216,75882496,True,
win-x64,CORE-VERIFY-001/RUN-20260929-4-5ff9db9-win-x64,T,blake3,throttled,V1,1,4,9,855440301,1892,32.2010991,2.6875,2652997280,147247104,True,
win-x64,CORE-VERIFY-001/RUN-20260929-4-5ff9db9-win-x64,T,blake3,throttled,V2-W2,1,4,10,855440301,1892,25.0800363,2.671875,2659552368,144732160,True,
win-x64,CORE-VERIFY-001/RUN-20260929-4-5ff9db9-win-x64,T,blake3,throttled,V0,2,4,11,855440301,1892,13.3256072,4.140625,4302535128,88596480,True,
win-x64,CORE-VERIFY-001/RUN-20260929-4-5ff9db9-win-x64,T,blake3,throttled,V2-W2,2,5,0,855440301,1892,12.6544696,2.5625,2673249256,162181120,True,
win-x64,CORE-VERIFY-001/RUN-20260929-4-5ff9db9-win-x64,T,blake3,throttled,V0,4,5,1,855440301,1892,7.1913818,3.78125,4303015928,129658880,True,
win-x64,CORE-VERIFY-001/RUN-20260929-4-5ff9db9-win-x64,T,blake3,throttled,V1,4,5,2,855440301,1892,8.7748061,2.546875,2676140224,178561024,True,
win-x64,CORE-VERIFY-001/RUN-20260929-4-5ff9db9-win-x64,T,blake3,throttled,V2-W2,4,5,3,855440301,1892,6.5967425,2.84375,2684625320,184332288,True,
win-x64,CORE-VERIFY-001/RUN-20260929-4-5ff9db9-win-x64,T,blake3,throttled,V0,8,5,4,855440301,1892,3.9553322,3.984375,4302734680,134901760,True,
win-x64,CORE-VERIFY-001/RUN-20260929-4-5ff9db9-win-x64,T,blake3,throttled,V1,8,5,5,855440301,1892,4.8389534,2.640625,2691052440,207527936,True,
win-x64,CORE-VERIFY-001/RUN-20260929-4-5ff9db9-win-x64,T,blake3,throttled,V2-W2,8,5,6,855440301,1892,3.5856865,2.625,2703872336,260059136,True,
win-x64,CORE-VERIFY-001/RUN-20260929-4-5ff9db9-win-x64,T,blake3,throttled,V0,1,5,7,855440301,1892,25.8610624,3.859375,4301697064,70258688,True,
win-x64,CORE-VERIFY-001/RUN-20260929-4-5ff9db9-win-x64,T,blake3,throttled,V1,1,5,8,855440301,1892,32.1885614,2.34375,2653947168,131108864,True,
win-x64,CORE-VERIFY-001/RUN-20260929-4-5ff9db9-win-x64,T,blake3,throttled,V2-W2,1,5,9,855440301,1892,25.1002671,3.0625,2663627736,132739072,True,
win-x64,CORE-VERIFY-001/RUN-20260929-4-5ff9db9-win-x64,T,blake3,throttled,V0,2,5,10,855440301,1892,13.325655,4.0625,4302220304,91308032,True,
win-x64,CORE-VERIFY-001/RUN-20260929-4-5ff9db9-win-x64,T,blake3,throttled,V1,2,5,11,855440301,1892,16.4383548,2.796875,2666768088,131104768,True,
win-x64,CORE-VERIFY-001/RUN-20260929-4-5ff9db9-win-x64,T,blake3,throttled,V0,4,6,0,855440301,1892,7.1822423,4,4302807952,132734976,True,
win-x64,CORE-VERIFY-001/RUN-20260929-4-5ff9db9-win-x64,T,blake3,throttled,V1,4,6,1,855440301,1892,8.7704129,2.25,2672544704,161619968,True,
win-x64,CORE-VERIFY-001/RUN-20260929-4-5ff9db9-win-x64,T,blake3,throttled,V2-W2,4,6,2,855440301,1892,6.6196463,2.796875,2684948968,232722432,True,
win-x64,CORE-VERIFY-001/RUN-20260929-4-5ff9db9-win-x64,T,blake3,throttled,V0,8,6,3,855440301,1892,3.9496212,3.375,4303240360,164888576,True,
win-x64,CORE-VERIFY-001/RUN-20260929-4-5ff9db9-win-x64,T,blake3,throttled,V1,8,6,4,855440301,1892,4.8251213,2.625,2688518928,251703296,True,
win-x64,CORE-VERIFY-001/RUN-20260929-4-5ff9db9-win-x64,T,blake3,throttled,V2-W2,8,6,5,855440301,1892,3.571106,2.53125,2698332480,225865728,True,
win-x64,CORE-VERIFY-001/RUN-20260929-4-5ff9db9-win-x64,T,blake3,throttled,V0,1,6,6,855440301,1892,25.8617952,4.28125,4301642224,69033984,True,
win-x64,CORE-VERIFY-001/RUN-20260929-4-5ff9db9-win-x64,T,blake3,throttled,V1,1,6,7,855440301,1892,32.1988482,2.765625,2655387232,128851968,True,
win-x64,CORE-VERIFY-001/RUN-20260929-4-5ff9db9-win-x64,T,blake3,throttled,V2-W2,1,6,8,855440301,1892,25.0606256,2.453125,2655256040,145711104,True,
win-x64,CORE-VERIFY-001/RUN-20260929-4-5ff9db9-win-x64,T,blake3,throttled,V0,2,6,9,855440301,1892,13.3182152,4.1875,4302273976,94855168,True,
win-x64,CORE-VERIFY-001/RUN-20260929-4-5ff9db9-win-x64,T,blake3,throttled,V1,2,6,10,855440301,1892,16.4372936,2.4375,2669057352,159494144,True,
win-x64,CORE-VERIFY-001/RUN-20260929-4-5ff9db9-win-x64,T,blake3,throttled,V2-W2,2,6,11,855440301,1892,12.6575096,3.15625,2674743160,154873856,True,
win-x64,CORE-VERIFY-001/RUN-20260929-4-5ff9db9-win-x64,T,blake3,throttled,V1,4,7,0,855440301,1892,8.7640356,2.9375,2669294920,166350848,True,
win-x64,CORE-VERIFY-001/RUN-20260929-4-5ff9db9-win-x64,T,blake3,throttled,V2-W2,4,7,1,855440301,1892,6.6226974,2.578125,2685250720,214155264,True,
win-x64,CORE-VERIFY-001/RUN-20260929-4-5ff9db9-win-x64,T,blake3,throttled,V0,8,7,2,855440301,1892,3.9499737,3.859375,4303182200,144347136,True,
win-x64,CORE-VERIFY-001/RUN-20260929-4-5ff9db9-win-x64,T,blake3,throttled,V1,8,7,3,855440301,1892,4.8325933,2.765625,2683999968,213753856,True,
win-x64,CORE-VERIFY-001/RUN-20260929-4-5ff9db9-win-x64,T,blake3,throttled,V2-W2,8,7,4,855440301,1892,3.6047149,2.359375,2688416904,273608704,True,
win-x64,CORE-VERIFY-001/RUN-20260929-4-5ff9db9-win-x64,T,blake3,throttled,V0,1,7,5,855440301,1892,25.8707527,4.34375,4301543976,70557696,True,
win-x64,CORE-VERIFY-001/RUN-20260929-4-5ff9db9-win-x64,T,blake3,throttled,V1,1,7,6,855440301,1892,32.1931166,2.828125,2659265216,117678080,True,
win-x64,CORE-VERIFY-001/RUN-20260929-4-5ff9db9-win-x64,T,blake3,throttled,V2-W2,1,7,7,855440301,1892,25.0613354,2.96875,2661662728,192528384,True,
win-x64,CORE-VERIFY-001/RUN-20260929-4-5ff9db9-win-x64,T,blake3,throttled,V0,2,7,8,855440301,1892,13.3199316,4.5,4302405248,103718912,True,
win-x64,CORE-VERIFY-001/RUN-20260929-4-5ff9db9-win-x64,T,blake3,throttled,V1,2,7,9,855440301,1892,16.4291864,2.921875,2670768240,173830144,True,
win-x64,CORE-VERIFY-001/RUN-20260929-4-5ff9db9-win-x64,T,blake3,throttled,V2-W2,2,7,10,855440301,1892,12.6637141,2.484375,2680138896,178970624,True,
win-x64,CORE-VERIFY-001/RUN-20260929-4-5ff9db9-win-x64,T,blake3,throttled,V0,4,7,11,855440301,1892,7.1955159,3.578125,4302571432,118583296,True,
win-x64,CORE-VERIFY-001/RUN-20260929-4-5ff9db9-win-x64,T,blake3,throttled,V2-W2,4,8,0,855440301,1892,6.6268336,2.90625,2680968064,196071424,True,
win-x64,CORE-VERIFY-001/RUN-20260929-4-5ff9db9-win-x64,T,blake3,throttled,V0,8,8,1,855440301,1892,3.9466818,3.90625,4303713968,157995008,True,
win-x64,CORE-VERIFY-001/RUN-20260929-4-5ff9db9-win-x64,T,blake3,throttled,V1,8,8,2,855440301,1892,4.8326199,2.40625,2696633080,211922944,True,
win-x64,CORE-VERIFY-001/RUN-20260929-4-5ff9db9-win-x64,T,blake3,throttled,V2-W2,8,8,3,855440301,1892,3.5725846,2.203125,2697073992,227659776,True,
win-x64,CORE-VERIFY-001/RUN-20260929-4-5ff9db9-win-x64,T,blake3,throttled,V0,1,8,4,855440301,1892,25.8575169,4.375,4301591008,76488704,True,
win-x64,CORE-VERIFY-001/RUN-20260929-4-5ff9db9-win-x64,T,blake3,throttled,V1,1,8,5,855440301,1892,32.1964887,2.59375,2655005080,131416064,True,
win-x64,CORE-VERIFY-001/RUN-20260929-4-5ff9db9-win-x64,T,blake3,throttled,V2-W2,1,8,6,855440301,1892,25.0871112,2.296875,2660575760,132984832,True,
win-x64,CORE-VERIFY-001/RUN-20260929-4-5ff9db9-win-x64,T,blake3,throttled,V0,2,8,7,855440301,1892,13.3302881,3.9375,4302174112,92811264,True,
win-x64,CORE-VERIFY-001/RUN-20260929-4-5ff9db9-win-x64,T,blake3,throttled,V1,2,8,8,855440301,1892,16.4388957,2.5625,2664793320,143884288,True,
win-x64,CORE-VERIFY-001/RUN-20260929-4-5ff9db9-win-x64,T,blake3,throttled,V2-W2,2,8,9,855440301,1892,12.6873334,2.40625,2676829736,194805760,True,
win-x64,CORE-VERIFY-001/RUN-20260929-4-5ff9db9-win-x64,T,blake3,throttled,V0,4,8,10,855440301,1892,7.1862874,3.671875,4302709472,121606144,True,
win-x64,CORE-VERIFY-001/RUN-20260929-4-5ff9db9-win-x64,T,blake3,throttled,V1,4,8,11,855440301,1892,8.770462,2.578125,2679980144,164098048,True,
win-x64,CORE-VERIFY-001/RUN-20260929-4-5ff9db9-win-x64,T,blake3,throttled,V0,8,9,0,855440301,1892,3.9427933,3.65625,4303579584,178888704,True,
win-x64,CORE-VERIFY-001/RUN-20260929-4-5ff9db9-win-x64,T,blake3,throttled,V1,8,9,1,855440301,1892,4.8286595,2.671875,2690538288,238174208,True,
win-x64,CORE-VERIFY-001/RUN-20260929-4-5ff9db9-win-x64,T,blake3,throttled,V2-W2,8,9,2,855440301,1892,3.5941107,2.4375,2698826344,260296704,True,
win-x64,CORE-VERIFY-001/RUN-20260929-4-5ff9db9-win-x64,T,blake3,throttled,V0,1,9,3,855440301,1892,25.8566411,4.015625,4301477704,66813952,True,
win-x64,CORE-VERIFY-001/RUN-20260929-4-5ff9db9-win-x64,T,blake3,throttled,V1,1,9,4,855440301,1892,32.2026811,2.4375,2656124840,129916928,True,
win-x64,CORE-VERIFY-001/RUN-20260929-4-5ff9db9-win-x64,T,blake3,throttled,V2-W2,1,9,5,855440301,1892,25.0616903,2.734375,2659439392,162045952,True,
win-x64,CORE-VERIFY-001/RUN-20260929-4-5ff9db9-win-x64,T,blake3,throttled,V0,2,9,6,855440301,1892,13.3187987,3.9375,4302353072,88526848,True,
win-x64,CORE-VERIFY-001/RUN-20260929-4-5ff9db9-win-x64,T,blake3,throttled,V1,2,9,7,855440301,1892,16.4364797,2.84375,2669019944,151089152,True,
win-x64,CORE-VERIFY-001/RUN-20260929-4-5ff9db9-win-x64,T,blake3,throttled,V2-W2,2,9,8,855440301,1892,12.6949879,2.5,2670635448,188702720,True,
win-x64,CORE-VERIFY-001/RUN-20260929-4-5ff9db9-win-x64,T,blake3,throttled,V0,4,9,9,855440301,1892,7.2022774,3.765625,4302627520,126865408,True,
win-x64,CORE-VERIFY-001/RUN-20260929-4-5ff9db9-win-x64,T,blake3,throttled,V1,4,9,10,855440301,1892,8.7756188,2.4375,2674875256,166322176,True,
win-x64,CORE-VERIFY-001/RUN-20260929-4-5ff9db9-win-x64,T,blake3,throttled,V2-W2,4,9,11,855440301,1892,6.6147254,2.46875,2675938840,226721792,True,
