platform,runId,workload,suite,mode,pool,lane,concurrency,repetition,order,bytes,files,wallSeconds,cpuSeconds,allocatedBytes,peakWorkingSetBytes,valid,poolSeen,residency,probeGiBPerSecond,residentFraction,error
linux-arm64,CORE-VERIFY-002/RUN-20260929-14-56e49e2-linux-arm64,S1,blake3,warm,spin-0,V0,1,0,0,1073741824,1,1.5357874,1.64538,187376,66670592,True,spin-0,resident,14.168247000408595,1,
linux-arm64,CORE-VERIFY-002/RUN-20260929-14-56e49e2-linux-arm64,S1,blake3,warm,spin-0,V1,1,0,1,1073741824,1,1.0156592,1.024277,2311544,81108992,True,spin-0,resident,13.556113091822267,1,
linux-arm64,CORE-VERIFY-002/RUN-20260929-14-56e49e2-linux-arm64,S1,blake3,warm,spin-0,V2-W2,1,0,2,1073741824,1,0.5111591,1.039794,2261928,90656768,True,spin-0,resident,14.241892647928948,1,
linux-arm64,CORE-VERIFY-002/RUN-20260929-14-56e49e2-linux-arm64,S1,blake3,warm,spin-0,V2-W4,1,0,3,1073741824,1,0.2665353,1.024427,2263184,103190528,True,spin-0,resident,14.037298972664159,1,
linux-arm64,CORE-VERIFY-002/RUN-20260929-14-56e49e2-linux-arm64,S1,blake3,warm,spin-0,V2-W8,1,0,4,1073741824,1,0.2746981,1.059104,2282712,141291520,True,spin-0,resident,14.015667250267269,1,
linux-arm64,CORE-VERIFY-002/RUN-20260929-14-56e49e2-linux-arm64,S1,blake3,warm,spin-0,V1,1,1,0,1073741824,1,1.0223894,1.034838,2311816,77094912,True,spin-0,resident,13.9417752639957,1,
linux-arm64,CORE-VERIFY-002/RUN-20260929-14-56e49e2-linux-arm64,S1,blake3,warm,spin-0,V2-W2,1,1,1,1073741824,1,0.5101181,1.039619,2264352,86503424,True,spin-0,resident,13.551777842441478,1,
linux-arm64,CORE-VERIFY-002/RUN-20260929-14-56e49e2-linux-arm64,S1,blake3,warm,spin-0,V2-W4,1,1,2,1073741824,1,0.2749982,1.053273,2261200,95404032,True,spin-0,resident,14.521072053111624,1,
linux-arm64,CORE-VERIFY-002/RUN-20260929-14-56e49e2-linux-arm64,S1,blake3,warm,spin-0,V2-W8,1,1,3,1073741824,1,0.2706764,1.046124,2258416,132694016,True,spin-0,resident,13.589987803273749,1,
linux-arm64,CORE-VERIFY-002/RUN-20260929-14-56e49e2-linux-arm64,S1,blake3,warm,spin-0,V0,1,1,4,1073741824,1,1.5567968,1.668691,187744,66801664,True,spin-0,resident,14.13213135884647,1,
linux-arm64,CORE-VERIFY-002/RUN-20260929-14-56e49e2-linux-arm64,S1,blake3,warm,spin-0,V2-W2,1,2,0,1073741824,1,0.5091682,1.033891,2263928,86208512,True,spin-0,resident,13.974074365644771,1,
linux-arm64,CORE-VERIFY-002/RUN-20260929-14-56e49e2-linux-arm64,S1,blake3,warm,spin-0,V2-W4,1,2,1,1073741824,1,0.2718165,1.051356,6453008,107167744,True,spin-0,resident,14.155536656497173,1,
linux-arm64,CORE-VERIFY-002/RUN-20260929-14-56e49e2-linux-arm64,S1,blake3,warm,spin-0,V2-W8,1,2,2,1073741824,1,0.2760262,1.065411,6460552,136667136,True,spin-0,resident,13.438677095551332,1,
linux-arm64,CORE-VERIFY-002/RUN-20260929-14-56e49e2-linux-arm64,S1,blake3,warm,spin-0,V0,1,2,3,1073741824,1,1.5463776,1.647153,187440,66674688,True,spin-0,resident,14.245736427947689,1,
linux-arm64,CORE-VERIFY-002/RUN-20260929-14-56e49e2-linux-arm64,S1,blake3,warm,spin-0,V1,1,2,4,1073741824,1,1.0174901,1.025782,2310776,81154048,True,spin-0,resident,13.852584791113832,1,
linux-arm64,CORE-VERIFY-002/RUN-20260929-14-56e49e2-linux-arm64,S1,blake3,warm,spin-0,V2-W4,1,3,0,1073741824,1,0.2714237,1.052563,6454264,103235584,True,spin-0,resident,14.402916742539903,1,
linux-arm64,CORE-VERIFY-002/RUN-20260929-14-56e49e2-linux-arm64,S1,blake3,warm,spin-0,V2-W8,1,3,1,1073741824,1,0.2799425,1.071609,2257464,136937472,True,spin-0,resident,14.35441886503762,1,
linux-arm64,CORE-VERIFY-002/RUN-20260929-14-56e49e2-linux-arm64,S1,blake3,warm,spin-0,V0,1,3,2,1073741824,1,1.5580224,1.664043,189808,66711552,True,spin-0,resident,14.294519750220362,1,
linux-arm64,CORE-VERIFY-002/RUN-20260929-14-56e49e2-linux-arm64,S1,blake3,warm,spin-0,V1,1,3,3,1073741824,1,1.0196853,1.028076,2312720,76603392,True,spin-0,resident,13.713963095046891,1,
linux-arm64,CORE-VERIFY-002/RUN-20260929-14-56e49e2-linux-arm64,S1,blake3,warm,spin-0,V2-W2,1,3,4,1073741824,1,0.5106787,1.034168,2263096,86462464,True,spin-0,resident,14.66759329545832,1,
linux-arm64,CORE-VERIFY-002/RUN-20260929-14-56e49e2-linux-arm64,S1,blake3,warm,spin-0,V2-W8,1,4,0,1073741824,1,0.2797252,1.075592,2261504,137060352,True,spin-0,resident,13.852102986227907,1,
linux-arm64,CORE-VERIFY-002/RUN-20260929-14-56e49e2-linux-arm64,S1,blake3,warm,spin-0,V0,1,4,1,1073741824,1,1.5347632,1.633988,189992,66449408,True,spin-0,resident,14.549702692153407,1,
linux-arm64,CORE-VERIFY-002/RUN-20260929-14-56e49e2-linux-arm64,S1,blake3,warm,spin-0,V1,1,4,2,1073741824,1,1.016953,1.025263,2311848,77021184,True,spin-0,resident,13.537545705288615,1,
linux-arm64,CORE-VERIFY-002/RUN-20260929-14-56e49e2-linux-arm64,S1,blake3,warm,spin-0,V2-W2,1,4,3,1073741824,1,0.5161001,1.041094,2264104,90333184,True,spin-0,resident,14.150345860677005,1,
linux-arm64,CORE-VERIFY-002/RUN-20260929-14-56e49e2-linux-arm64,S1,blake3,warm,spin-0,V2-W4,1,4,4,1073741824,1,0.2708422,1.042058,2259616,98664448,True,spin-0,resident,13.897023604240799,1,
linux-arm64,CORE-VERIFY-002/RUN-20260929-14-56e49e2-linux-arm64,S1,blake3,warm,spin-0,V0,1,5,0,1073741824,1,1.5384697,1.64937,187376,66535424,True,spin-0,resident,14.335925757273712,1,
linux-arm64,CORE-VERIFY-002/RUN-20260929-14-56e49e2-linux-arm64,S1,blake3,warm,spin-0,V1,1,5,1,1073741824,1,1.0210632,1.030263,2311688,81035264,True,spin-0,resident,14.123591467411032,1,
linux-arm64,CORE-VERIFY-002/RUN-20260929-14-56e49e2-linux-arm64,S1,blake3,warm,spin-0,V2-W2,1,5,2,1073741824,1,0.5111862,1.0397,2264032,86405120,True,spin-0,resident,13.886615707035826,1,
linux-arm64,CORE-VERIFY-002/RUN-20260929-14-56e49e2-linux-arm64,S1,blake3,warm,spin-0,V2-W4,1,5,3,1073741824,1,0.2722095,1.050856,6456280,103137280,True,spin-0,resident,14.291344294886635,1,
linux-arm64,CORE-VERIFY-002/RUN-20260929-14-56e49e2-linux-arm64,S1,blake3,warm,spin-0,V2-W8,1,5,4,1073741824,1,0.2766673,1.05243,2258976,136585216,True,spin-0,resident,14.880108954990392,1,
linux-arm64,CORE-VERIFY-002/RUN-20260929-14-56e49e2-linux-arm64,S1,blake3,warm,spin-0,V1,1,6,0,1073741824,1,1.0187575,1.026949,2310472,80977920,True,spin-0,resident,14.03837700288335,1,
linux-arm64,CORE-VERIFY-002/RUN-20260929-14-56e49e2-linux-arm64,S1,blake3,warm,spin-0,V2-W2,1,6,1,1073741824,1,0.512067,1.034296,2264944,90382336,True,spin-0,resident,14.098444459701051,1,
linux-arm64,CORE-VERIFY-002/RUN-20260929-14-56e49e2-linux-arm64,S1,blake3,warm,spin-0,V2-W4,1,6,2,1073741824,1,0.2709765,1.046508,2263728,98828288,True,spin-0,resident,13.68000757037536,1,
linux-arm64,CORE-VERIFY-002/RUN-20260929-14-56e49e2-linux-arm64,S1,blake3,warm,spin-0,V2-W8,1,6,3,1073741824,1,0.2716743,1.042029,2257840,132714496,True,spin-0,resident,14.05643066037525,1,
linux-arm64,CORE-VERIFY-002/RUN-20260929-14-56e49e2-linux-arm64,S1,blake3,warm,spin-0,V0,1,6,4,1073741824,1,1.5427931,1.642801,188568,66367488,True,spin-0,resident,13.710266736287988,1,
linux-arm64,CORE-VERIFY-002/RUN-20260929-14-56e49e2-linux-arm64,S1,blake3,warm,spin-0,V2-W2,1,7,0,1073741824,1,0.5110105,1.037955,2262712,90701824,True,spin-0,resident,13.433960218226831,1,
linux-arm64,CORE-VERIFY-002/RUN-20260929-14-56e49e2-linux-arm64,S1,blake3,warm,spin-0,V2-W4,1,7,1,1073741824,1,0.2712857,1.048624,2261456,98959360,True,spin-0,resident,12.848542299738742,1,
linux-arm64,CORE-VERIFY-002/RUN-20260929-14-56e49e2-linux-arm64,S1,blake3,warm,spin-0,V2-W8,1,7,2,1073741824,1,0.2740512,1.054019,6451736,136720384,True,spin-0,resident,14.749532760649643,1,
linux-arm64,CORE-VERIFY-002/RUN-20260929-14-56e49e2-linux-arm64,S1,blake3,warm,spin-0,V0,1,7,3,1073741824,1,1.5175582,1.62279,187560,66289664,True,spin-0,resident,14.344770508800446,1,
linux-arm64,CORE-VERIFY-002/RUN-20260929-14-56e49e2-linux-arm64,S1,blake3,warm,spin-0,V1,1,7,4,1073741824,1,1.0290465,1.038845,2311544,81117184,True,spin-0,resident,13.767556090762579,1,
linux-arm64,CORE-VERIFY-002/RUN-20260929-14-56e49e2-linux-arm64,S1,blake3,warm,spin-0,V2-W4,1,8,0,1073741824,1,0.267613,1.035219,2260096,98803712,True,spin-0,resident,14.125498256674886,1,
linux-arm64,CORE-VERIFY-002/RUN-20260929-14-56e49e2-linux-arm64,S1,blake3,warm,spin-0,V2-W8,1,8,1,1073741824,1,0.2723072,1.042054,2260424,132608000,True,spin-0,resident,14.130684606853583,1,
linux-arm64,CORE-VERIFY-002/RUN-20260929-14-56e49e2-linux-arm64,S1,blake3,warm,spin-0,V0,1,8,2,1073741824,1,1.5227876,1.627088,187560,66269184,True,spin-0,resident,14.174349361070368,1,
linux-arm64,CORE-VERIFY-002/RUN-20260929-14-56e49e2-linux-arm64,S1,blake3,warm,spin-0,V1,1,8,3,1073741824,1,1.018759,1.026419,2311880,81129472,True,spin-0,resident,14.335710268086853,1,
linux-arm64,CORE-VERIFY-002/RUN-20260929-14-56e49e2-linux-arm64,S1,blake3,warm,spin-0,V2-W2,1,8,4,1073741824,1,0.5123492,1.041505,2264352,82149376,True,spin-0,resident,13.725140775305825,1,
linux-arm64,CORE-VERIFY-002/RUN-20260929-14-56e49e2-linux-arm64,S1,blake3,warm,spin-0,V2-W8,1,9,0,1073741824,1,0.2725705,1.050788,6455888,140926976,True,spin-0,resident,14.590776232652932,1,
linux-arm64,CORE-VERIFY-002/RUN-20260929-14-56e49e2-linux-arm64,S1,blake3,warm,spin-0,V0,1,9,1,1073741824,1,1.5349938,1.640521,187592,66564096,True,spin-0,resident,13.861497508983307,1,
linux-arm64,CORE-VERIFY-002/RUN-20260929-14-56e49e2-linux-arm64,S1,blake3,warm,spin-0,V1,1,9,2,1073741824,1,1.0200717,1.029168,2310384,81162240,True,spin-0,resident,14.116521181175889,1,
linux-arm64,CORE-VERIFY-002/RUN-20260929-14-56e49e2-linux-arm64,S1,blake3,warm,spin-0,V2-W2,1,9,3,1073741824,1,0.5134093,1.03696,2264240,90222592,True,spin-0,resident,14.107691978606116,1,
linux-arm64,CORE-VERIFY-002/RUN-20260929-14-56e49e2-linux-arm64,S1,blake3,warm,spin-0,V2-W4,1,9,4,1073741824,1,0.2729502,1.053572,6455552,111202304,True,spin-0,resident,13.748521955532054,1,
linux-arm64,CORE-VERIFY-002/RUN-20260929-14-56e49e2-linux-arm64,S1,blake3,cold,spin-0,V0,1,0,0,1073741824,1,2.34834,1.816841,187408,63746048,True,spin-0,n/a,,,
linux-arm64,CORE-VERIFY-002/RUN-20260929-14-56e49e2-linux-arm64,S1,blake3,cold,spin-0,V1,1,0,1,1073741824,1,2.4886411,1.080373,2311472,77553664,True,spin-0,n/a,,,
linux-arm64,CORE-VERIFY-002/RUN-20260929-14-56e49e2-linux-arm64,S1,blake3,cold,spin-0,V2-W2,1,0,2,1073741824,1,2.4699916,1.201474,2266984,87367680,True,spin-0,n/a,,,
linux-arm64,CORE-VERIFY-002/RUN-20260929-14-56e49e2-linux-arm64,S1,blake3,cold,spin-0,V2-W4,1,0,3,1073741824,1,2.4634612,1.265803,6461736,100003840,True,spin-0,n/a,,,
linux-arm64,CORE-VERIFY-002/RUN-20260929-14-56e49e2-linux-arm64,S1,blake3,cold,spin-0,V2-W8,1,0,4,1073741824,1,2.4426838,1.298169,6462968,133906432,True,spin-0,n/a,,,
linux-arm64,CORE-VERIFY-002/RUN-20260929-14-56e49e2-linux-arm64,S1,blake3,cold,spin-0,V1,1,1,0,1073741824,1,2.3470269,1.069623,2310624,77221888,True,spin-0,n/a,,,
linux-arm64,CORE-VERIFY-002/RUN-20260929-14-56e49e2-linux-arm64,S1,blake3,cold,spin-0,V2-W2,1,1,1,1073741824,1,2.3415831,1.175373,2264760,82735104,True,spin-0,n/a,,,
linux-arm64,CORE-VERIFY-002/RUN-20260929-14-56e49e2-linux-arm64,S1,blake3,cold,spin-0,V2-W4,1,1,2,1073741824,1,2.3603297,1.280325,6484392,95584256,True,spin-0,n/a,,,
linux-arm64,CORE-VERIFY-002/RUN-20260929-14-56e49e2-linux-arm64,S1,blake3,cold,spin-0,V2-W8,1,1,3,1073741824,1,2.3340932,1.299795,2266784,138342400,True,spin-0,n/a,,,
linux-arm64,CORE-VERIFY-002/RUN-20260929-14-56e49e2-linux-arm64,S1,blake3,cold,spin-0,V0,1,1,4,1073741824,1,2.3496597,1.852517,187232,63488000,True,spin-0,n/a,,,
linux-arm64,CORE-VERIFY-002/RUN-20260929-14-56e49e2-linux-arm64,S1,blake3,cold,spin-0,V2-W2,1,2,0,1073741824,1,2.3553245,1.195809,2264864,82681856,True,spin-0,n/a,,,
linux-arm64,CORE-VERIFY-002/RUN-20260929-14-56e49e2-linux-arm64,S1,blake3,cold,spin-0,V2-W4,1,2,1,1073741824,1,2.331021,1.28995,2264992,99946496,True,spin-0,n/a,,,
linux-arm64,CORE-VERIFY-002/RUN-20260929-14-56e49e2-linux-arm64,S1,blake3,cold,spin-0,V2-W8,1,2,2,1073741824,1,2.3334793,1.315971,2266864,133922816,True,spin-0,n/a,,,
linux-arm64,CORE-VERIFY-002/RUN-20260929-14-56e49e2-linux-arm64,S1,blake3,cold,spin-0,V0,1,2,3,1073741824,1,2.3443632,1.836027,212184,63791104,True,spin-0,n/a,,,
linux-arm64,CORE-VERIFY-002/RUN-20260929-14-56e49e2-linux-arm64,S1,blake3,cold,spin-0,V1,1,2,4,1073741824,1,2.334082,1.078912,2310472,77668352,True,spin-0,n/a,,,
linux-arm64,CORE-VERIFY-002/RUN-20260929-14-56e49e2-linux-arm64,S1,blake3,cold,spin-0,V2-W4,1,3,0,1073741824,1,2.3418268,1.284407,2267448,100016128,True,spin-0,n/a,,,
linux-arm64,CORE-VERIFY-002/RUN-20260929-14-56e49e2-linux-arm64,S1,blake3,cold,spin-0,V2-W8,1,3,1,1073741824,1,2.3464496,1.309419,2268544,126046208,True,spin-0,n/a,,,
linux-arm64,CORE-VERIFY-002/RUN-20260929-14-56e49e2-linux-arm64,S1,blake3,cold,spin-0,V0,1,3,2,1073741824,1,2.3469027,1.817392,449728,64241664,True,spin-0,n/a,,,
linux-arm64,CORE-VERIFY-002/RUN-20260929-14-56e49e2-linux-arm64,S1,blake3,cold,spin-0,V1,1,3,3,1073741824,1,2.3174295,1.088213,2310504,77266944,True,spin-0,n/a,,,
linux-arm64,CORE-VERIFY-002/RUN-20260929-14-56e49e2-linux-arm64,S1,blake3,cold,spin-0,V2-W2,1,3,4,1073741824,1,2.3506842,1.179544,2264760,87052288,True,spin-0,n/a,,,
linux-arm64,CORE-VERIFY-002/RUN-20260929-14-56e49e2-linux-arm64,S1,blake3,cold,spin-0,V2-W8,1,4,0,1073741824,1,2.3333036,1.303647,2270680,125706240,True,spin-0,n/a,,,
linux-arm64,CORE-VERIFY-002/RUN-20260929-14-56e49e2-linux-arm64,S1,blake3,cold,spin-0,V0,1,4,1,1073741824,1,2.5168096,1.867842,187376,64135168,True,spin-0,n/a,,,
linux-arm64,CORE-VERIFY-002/RUN-20260929-14-56e49e2-linux-arm64,S1,blake3,cold,spin-0,V1,1,4,2,1073741824,1,2.353149,1.076578,2311776,77660160,True,spin-0,n/a,,,
linux-arm64,CORE-VERIFY-002/RUN-20260929-14-56e49e2-linux-arm64,S1,blake3,cold,spin-0,V2-W2,1,4,3,1073741824,1,2.3348861,1.177091,2264656,82952192,True,spin-0,n/a,,,
linux-arm64,CORE-VERIFY-002/RUN-20260929-14-56e49e2-linux-arm64,S1,blake3,cold,spin-0,V2-W4,1,4,4,1073741824,1,2.3499833,1.267971,2265200,96100352,True,spin-0,n/a,,,
linux-arm64,CORE-VERIFY-002/RUN-20260929-14-56e49e2-linux-arm64,S1,blake3,cold,spin-0,V0,1,5,0,1073741824,1,2.3485698,1.842352,187560,63959040,True,spin-0,n/a,,,
linux-arm64,CORE-VERIFY-002/RUN-20260929-14-56e49e2-linux-arm64,S1,blake3,cold,spin-0,V1,1,5,1,1073741824,1,2.3375528,1.072,6506896,77217792,True,spin-0,n/a,,,
linux-arm64,CORE-VERIFY-002/RUN-20260929-14-56e49e2-linux-arm64,S1,blake3,cold,spin-0,V2-W2,1,5,2,1073741824,1,2.3289136,1.175022,2264760,87003136,True,spin-0,n/a,,,
linux-arm64,CORE-VERIFY-002/RUN-20260929-14-56e49e2-linux-arm64,S1,blake3,cold,spin-0,V2-W4,1,5,3,1073741824,1,2.3358146,1.289358,2265096,91529216,True,spin-0,n/a,,,
linux-arm64,CORE-VERIFY-002/RUN-20260929-14-56e49e2-linux-arm64,S1,blake3,cold,spin-0,V2-W8,1,5,4,1073741824,1,2.3451271,1.299065,2268216,125616128,True,spin-0,n/a,,,
linux-arm64,CORE-VERIFY-002/RUN-20260929-14-56e49e2-linux-arm64,S1,blake3,cold,spin-0,V1,1,6,0,1073741824,1,2.3235708,1.065976,2310472,77414400,True,spin-0,n/a,,,
linux-arm64,CORE-VERIFY-002/RUN-20260929-14-56e49e2-linux-arm64,S1,blake3,cold,spin-0,V2-W2,1,6,1,1073741824,1,2.3386219,1.17741,6459088,86867968,True,spin-0,n/a,,,
linux-arm64,CORE-VERIFY-002/RUN-20260929-14-56e49e2-linux-arm64,S1,blake3,cold,spin-0,V2-W4,1,6,2,1073741824,1,2.3570542,1.273361,2264680,91475968,True,spin-0,n/a,,,
linux-arm64,CORE-VERIFY-002/RUN-20260929-14-56e49e2-linux-arm64,S1,blake3,cold,spin-0,V2-W8,1,6,3,1073741824,1,2.3441936,1.293086,2268120,134017024,True,spin-0,n/a,,,
linux-arm64,CORE-VERIFY-002/RUN-20260929-14-56e49e2-linux-arm64,S1,blake3,cold,spin-0,V0,1,6,4,1073741824,1,2.3537295,1.825625,187560,64327680,True,spin-0,n/a,,,
linux-arm64,CORE-VERIFY-002/RUN-20260929-14-56e49e2-linux-arm64,S1,blake3,cold,spin-0,V2-W2,1,7,0,1073741824,1,2.3454801,1.251246,2264760,87433216,True,spin-0,n/a,,,
linux-arm64,CORE-VERIFY-002/RUN-20260929-14-56e49e2-linux-arm64,S1,blake3,cold,spin-0,V2-W4,1,7,1,1073741824,1,2.4771776,1.2705,6459576,99803136,True,spin-0,n/a,,,
linux-arm64,CORE-VERIFY-002/RUN-20260929-14-56e49e2-linux-arm64,S1,blake3,cold,spin-0,V2-W8,1,7,2,1073741824,1,2.3357816,1.286592,6462584,133926912,True,spin-0,n/a,,,
linux-arm64,CORE-VERIFY-002/RUN-20260929-14-56e49e2-linux-arm64,S1,blake3,cold,spin-0,V0,1,7,3,1073741824,1,2.5109289,1.820058,449576,64380928,True,spin-0,n/a,,,
linux-arm64,CORE-VERIFY-002/RUN-20260929-14-56e49e2-linux-arm64,S1,blake3,cold,spin-0,V1,1,7,4,1073741824,1,2.3351219,1.072654,2311480,77361152,True,spin-0,n/a,,,
linux-arm64,CORE-VERIFY-002/RUN-20260929-14-56e49e2-linux-arm64,S1,blake3,cold,spin-0,V2-W4,1,8,0,1073741824,1,2.341159,1.267019,2264784,99852288,True,spin-0,n/a,,,
linux-arm64,CORE-VERIFY-002/RUN-20260929-14-56e49e2-linux-arm64,S1,blake3,cold,spin-0,V2-W8,1,8,1,1073741824,1,2.340505,1.303099,6461608,134037504,True,spin-0,n/a,,,
linux-arm64,CORE-VERIFY-002/RUN-20260929-14-56e49e2-linux-arm64,S1,blake3,cold,spin-0,V0,1,8,2,1073741824,1,2.3394753,1.831461,188240,63737856,True,spin-0,n/a,,,
linux-arm64,CORE-VERIFY-002/RUN-20260929-14-56e49e2-linux-arm64,S1,blake3,cold,spin-0,V1,1,8,3,1073741824,1,2.3433832,1.076147,2311992,77647872,True,spin-0,n/a,,,
linux-arm64,CORE-VERIFY-002/RUN-20260929-14-56e49e2-linux-arm64,S1,blake3,cold,spin-0,V2-W2,1,8,4,1073741824,1,2.3468765,1.168056,2264760,82644992,True,spin-0,n/a,,,
linux-arm64,CORE-VERIFY-002/RUN-20260929-14-56e49e2-linux-arm64,S1,blake3,cold,spin-0,V2-W8,1,9,0,1073741824,1,2.3518377,1.300052,6463016,134221824,True,spin-0,n/a,,,
linux-arm64,CORE-VERIFY-002/RUN-20260929-14-56e49e2-linux-arm64,S1,blake3,cold,spin-0,V0,1,9,1,1073741824,1,2.3583695,1.846311,189992,63926272,True,spin-0,n/a,,,
linux-arm64,CORE-VERIFY-002/RUN-20260929-14-56e49e2-linux-arm64,S1,blake3,cold,spin-0,V1,1,9,2,1073741824,1,2.3387348,1.06625,2310656,77660160,True,spin-0,n/a,,,
linux-arm64,CORE-VERIFY-002/RUN-20260929-14-56e49e2-linux-arm64,S1,blake3,cold,spin-0,V2-W2,1,9,3,1073741824,1,2.3546388,1.165379,2264656,82714624,True,spin-0,n/a,,,
linux-arm64,CORE-VERIFY-002/RUN-20260929-14-56e49e2-linux-arm64,S1,blake3,cold,spin-0,V2-W4,1,9,4,1073741824,1,2.3376428,1.26868,2289720,95670272,True,spin-0,n/a,,,
linux-arm64,CORE-VERIFY-002/RUN-20260929-14-56e49e2-linux-arm64,S1,blake3,throttled,spin-0,V0,1,0,0,1073741824,1,12.3069168,1.739337,2824088,68493312,True,spin-0,resident,10.115964100786927,1,
linux-arm64,CORE-VERIFY-002/RUN-20260929-14-56e49e2-linux-arm64,S1,blake3,throttled,spin-0,V1,1,0,1,1073741824,1,12.3414521,1.263365,3690008,82796544,True,spin-0,resident,9.734644514003488,1,
linux-arm64,CORE-VERIFY-002/RUN-20260929-14-56e49e2-linux-arm64,S1,blake3,throttled,spin-0,V2-W2,1,0,2,1073741824,1,6.1880221,1.194941,3563896,91693056,True,spin-0,resident,10.172371791672688,1,
linux-arm64,CORE-VERIFY-002/RUN-20260929-14-56e49e2-linux-arm64,S1,blake3,throttled,spin-0,V2-W4,1,0,3,1073741824,1,3.1004171,1.224695,3563128,99430400,True,spin-0,resident,9.695810614686595,1,
linux-arm64,CORE-VERIFY-002/RUN-20260929-14-56e49e2-linux-arm64,S1,blake3,throttled,spin-0,V2-W8,1,0,4,1073741824,1,1.5810944,1.220136,7756584,133279744,True,spin-0,resident,10.255759930597511,1,
linux-arm64,CORE-VERIFY-002/RUN-20260929-14-56e49e2-linux-arm64,S1,blake3,throttled,spin-0,V1,1,1,0,1073741824,1,12.3416123,1.26776,3690560,82792448,True,spin-0,resident,9.674525814595865,1,
linux-arm64,CORE-VERIFY-002/RUN-20260929-14-56e49e2-linux-arm64,S1,blake3,throttled,spin-0,V2-W2,1,1,1,1073741824,1,6.1888979,1.20918,7733600,94953472,True,spin-0,resident,9.660848900363044,1,
linux-arm64,CORE-VERIFY-002/RUN-20260929-14-56e49e2-linux-arm64,S1,blake3,throttled,spin-0,V2-W4,1,1,2,1073741824,1,3.1005426,1.223499,3561504,107986944,True,spin-0,resident,9.85567757308394,1,
linux-arm64,CORE-VERIFY-002/RUN-20260929-14-56e49e2-linux-arm64,S1,blake3,throttled,spin-0,V2-W8,1,1,3,1073741824,1,1.5776354,1.218841,3537528,133238784,True,spin-0,resident,9.889975971206965,1,
linux-arm64,CORE-VERIFY-002/RUN-20260929-14-56e49e2-linux-arm64,S1,blake3,throttled,spin-0,V0,1,1,4,1073741824,1,12.3070864,1.727399,2799464,68767744,True,spin-0,resident,9.551119497201443,1,
linux-arm64,CORE-VERIFY-002/RUN-20260929-14-56e49e2-linux-arm64,S1,blake3,throttled,spin-0,V2-W2,1,2,0,1073741824,1,6.188156,1.210185,3539272,92180480,True,spin-0,resident,9.697364788614395,1,
linux-arm64,CORE-VERIFY-002/RUN-20260929-14-56e49e2-linux-arm64,S1,blake3,throttled,spin-0,V2-W4,1,2,1,1073741824,1,3.1005442,1.235775,3537968,103616512,True,spin-0,resident,10.07885382046296,1,
linux-arm64,CORE-VERIFY-002/RUN-20260929-14-56e49e2-linux-arm64,S1,blake3,throttled,spin-0,V2-W8,1,2,2,1073741824,1,1.5775524,1.228077,3540032,141676544,True,spin-0,resident,9.871171756427074,1,
linux-arm64,CORE-VERIFY-002/RUN-20260929-14-56e49e2-linux-arm64,S1,blake3,throttled,spin-0,V0,1,2,3,1073741824,1,12.3066197,1.727467,3061632,68247552,True,spin-0,resident,9.868295508083909,1,
linux-arm64,CORE-VERIFY-002/RUN-20260929-14-56e49e2-linux-arm64,S1,blake3,throttled,spin-0,V1,1,2,4,1073741824,1,12.3413822,1.250371,3691368,82587648,True,spin-0,resident,9.996117974172629,1,
linux-arm64,CORE-VERIFY-002/RUN-20260929-14-56e49e2-linux-arm64,S1,blake3,throttled,spin-0,V2-W4,1,3,0,1073741824,1,3.1015146,1.234338,7731984,107630592,True,spin-0,resident,9.801723344201664,1,
linux-arm64,CORE-VERIFY-002/RUN-20260929-14-56e49e2-linux-arm64,S1,blake3,throttled,spin-0,V2-W8,1,3,1,1073741824,1,1.5770337,1.212294,3536496,129069056,True,spin-0,resident,10.232867984430495,1,
linux-arm64,CORE-VERIFY-002/RUN-20260929-14-56e49e2-linux-arm64,S1,blake3,throttled,spin-0,V0,1,3,2,1073741824,1,12.3069849,1.717637,2799464,69083136,True,spin-0,resident,9.856436978619168,1,
linux-arm64,CORE-VERIFY-002/RUN-20260929-14-56e49e2-linux-arm64,S1,blake3,throttled,spin-0,V1,1,3,3,1073741824,1,12.3414353,1.25137,3692504,82792448,True,spin-0,resident,9.86161057383126,1,
linux-arm64,CORE-VERIFY-002/RUN-20260929-14-56e49e2-linux-arm64,S1,blake3,throttled,spin-0,V2-W2,1,3,4,1073741824,1,6.188112,1.191329,3539352,92143616,True,spin-0,resident,9.736759046128455,1,
linux-arm64,CORE-VERIFY-002/RUN-20260929-14-56e49e2-linux-arm64,S1,blake3,throttled,spin-0,V2-W8,1,4,0,1073741824,1,1.5762313,1.206297,7732064,133267456,True,spin-0,resident,9.970776932111272,1,
linux-arm64,CORE-VERIFY-002/RUN-20260929-14-56e49e2-linux-arm64,S1,blake3,throttled,spin-0,V0,1,4,1,1073741824,1,12.3072062,1.719846,2824088,68685824,True,spin-0,resident,10.31197538595387,1,
linux-arm64,CORE-VERIFY-002/RUN-20260929-14-56e49e2-linux-arm64,S1,blake3,throttled,spin-0,V1,1,4,2,1073741824,1,12.3412541,1.24272,3690224,78602240,True,spin-0,resident,9.70838826408268,1,
linux-arm64,CORE-VERIFY-002/RUN-20260929-14-56e49e2-linux-arm64,S1,blake3,throttled,spin-0,V2-W2,1,4,3,1073741824,1,6.1886859,1.189126,3539272,87777280,True,spin-0,resident,10.19189200634586,1,
linux-arm64,CORE-VERIFY-002/RUN-20260929-14-56e49e2-linux-arm64,S1,blake3,throttled,spin-0,V2-W4,1,4,4,1073741824,1,3.0995081,1.207647,3536152,108146688,True,spin-0,resident,9.654162857266275,1,
linux-arm64,CORE-VERIFY-002/RUN-20260929-14-56e49e2-linux-arm64,S1,blake3,throttled,spin-0,V0,1,5,0,1073741824,1,12.306955,1.718697,2799464,68210688,True,spin-0,resident,9.853312523792477,1,
linux-arm64,CORE-VERIFY-002/RUN-20260929-14-56e49e2-linux-arm64,S1,blake3,throttled,spin-0,V1,1,5,1,1073741824,1,12.3409341,1.247064,3691168,82665472,True,spin-0,resident,9.894870004386995,1,
linux-arm64,CORE-VERIFY-002/RUN-20260929-14-56e49e2-linux-arm64,S1,blake3,throttled,spin-0,V2-W2,1,5,2,1073741824,1,6.1874218,1.197046,7733704,91828224,True,spin-0,resident,10.210000064990036,1,
linux-arm64,CORE-VERIFY-002/RUN-20260929-14-56e49e2-linux-arm64,S1,blake3,throttled,spin-0,V2-W4,1,5,3,1073741824,1,3.1003033,1.213796,7732712,107671552,True,spin-0,resident,9.714244621980738,1,
linux-arm64,CORE-VERIFY-002/RUN-20260929-14-56e49e2-linux-arm64,S1,blake3,throttled,spin-0,V2-W8,1,5,4,1073741824,1,1.5769027,1.203652,3539360,128110592,True,spin-0,resident,9.67079134717498,1,
linux-arm64,CORE-VERIFY-002/RUN-20260929-14-56e49e2-linux-arm64,S1,blake3,throttled,spin-0,V1,1,6,0,1073741824,1,12.3409043,1.252137,3691048,81207296,True,spin-0,resident,9.410848090506905,1,
linux-arm64,CORE-VERIFY-002/RUN-20260929-14-56e49e2-linux-arm64,S1,blake3,throttled,spin-0,V2-W2,1,6,1,1073741824,1,6.1880638,1.191945,3539352,91811840,True,spin-0,resident,9.84900234837766,1,
linux-arm64,CORE-VERIFY-002/RUN-20260929-14-56e49e2-linux-arm64,S1,blake3,throttled,spin-0,V2-W4,1,6,2,1073741824,1,3.1001338,1.211035,3538864,103866368,True,spin-0,resident,10.330030920511197,1,
linux-arm64,CORE-VERIFY-002/RUN-20260929-14-56e49e2-linux-arm64,S1,blake3,throttled,spin-0,V2-W8,1,6,3,1073741824,1,1.5787843,1.230155,3537136,133197824,True,spin-0,resident,10.380979274319497,1,
linux-arm64,CORE-VERIFY-002/RUN-20260929-14-56e49e2-linux-arm64,S1,blake3,throttled,spin-0,V0,1,6,4,1073741824,1,12.3065068,1.712855,3061632,68517888,True,spin-0,resident,9.667683781482763,1,
linux-arm64,CORE-VERIFY-002/RUN-20260929-14-56e49e2-linux-arm64,S1,blake3,throttled,spin-0,V2-W2,1,7,0,1073741824,1,6.1886067,1.212128,11928008,92041216,True,spin-0,resident,9.947404455986062,1,
linux-arm64,CORE-VERIFY-002/RUN-20260929-14-56e49e2-linux-arm64,S1,blake3,throttled,spin-0,V2-W4,1,7,1,1073741824,1,3.1003997,1.223476,3537368,99393536,True,spin-0,resident,9.830941273952774,1,
linux-arm64,CORE-VERIFY-002/RUN-20260929-14-56e49e2-linux-arm64,S1,blake3,throttled,spin-0,V2-W8,1,7,2,1073741824,1,1.5778547,1.21309,3537496,133107712,True,spin-0,resident,9.720690861996474,1,
linux-arm64,CORE-VERIFY-002/RUN-20260929-14-56e49e2-linux-arm64,S1,blake3,throttled,spin-0,V0,1,7,3,1073741824,1,12.3065562,1.712247,3061632,68501504,True,spin-0,resident,10.006574191923105,1,
linux-arm64,CORE-VERIFY-002/RUN-20260929-14-56e49e2-linux-arm64,S1,blake3,throttled,spin-0,V1,1,7,4,1073741824,1,12.3411158,1.25999,3715824,81399808,True,spin-0,resident,10.163326035969622,1,
linux-arm64,CORE-VERIFY-002/RUN-20260929-14-56e49e2-linux-arm64,S1,blake3,throttled,spin-0,V2-W4,1,8,0,1073741824,1,3.1011994,1.20532,3538520,103673856,True,spin-0,resident,9.942215861246915,1,
linux-arm64,CORE-VERIFY-002/RUN-20260929-14-56e49e2-linux-arm64,S1,blake3,throttled,spin-0,V2-W8,1,8,1,1073741824,1,1.5785656,1.20535,7730576,133058560,True,spin-0,resident,10.08451986311842,1,
linux-arm64,CORE-VERIFY-002/RUN-20260929-14-56e49e2-linux-arm64,S1,blake3,throttled,spin-0,V0,1,8,2,1073741824,1,12.3069033,1.72318,2799464,68550656,True,spin-0,resident,9.985264395010455,1,
linux-arm64,CORE-VERIFY-002/RUN-20260929-14-56e49e2-linux-arm64,S1,blake3,throttled,spin-0,V1,1,8,3,1073741824,1,12.3413214,1.245466,3690008,78290944,True,spin-0,resident,9.630033774583234,1,
linux-arm64,CORE-VERIFY-002/RUN-20260929-14-56e49e2-linux-arm64,S1,blake3,throttled,spin-0,V2-W2,1,8,4,1073741824,1,6.1880107,1.202907,3563976,92024832,True,spin-0,resident,10.13617412621919,1,
linux-arm64,CORE-VERIFY-002/RUN-20260929-14-56e49e2-linux-arm64,S1,blake3,throttled,spin-0,V2-W8,1,9,0,1073741824,1,1.5795233,1.206087,3536592,137211904,True,spin-0,resident,9.87759746934007,1,
linux-arm64,CORE-VERIFY-002/RUN-20260929-14-56e49e2-linux-arm64,S1,blake3,throttled,spin-0,V0,1,9,1,1073741824,1,12.3067069,1.739903,2799464,68751360,True,spin-0,resident,10.05528479558534,1,
linux-arm64,CORE-VERIFY-002/RUN-20260929-14-56e49e2-linux-arm64,S1,blake3,throttled,spin-0,V1,1,9,2,1073741824,1,12.340807,1.260852,3692224,80875520,True,spin-0,resident,9.6965652248119,1,
linux-arm64,CORE-VERIFY-002/RUN-20260929-14-56e49e2-linux-arm64,S1,blake3,throttled,spin-0,V2-W2,1,9,3,1073741824,1,6.1890098,1.201559,3539512,87928832,True,spin-0,resident,10.035248359355805,1,
linux-arm64,CORE-VERIFY-002/RUN-20260929-14-56e49e2-linux-arm64,S1,blake3,throttled,spin-0,V2-W4,1,9,4,1073741824,1,3.1015318,1.197527,7734576,107532288,True,spin-0,resident,10.116077742699066,1,
linux-arm64,CORE-VERIFY-002/RUN-20260929-14-56e49e2-linux-arm64,S1,sha256,warm,spin-0,V0,1,0,0,1073741824,1,1.1651281,1.262649,187792,66560000,True,spin-0,resident,9.857986022002583,1,
linux-arm64,CORE-VERIFY-002/RUN-20260929-14-56e49e2-linux-arm64,S1,sha256,warm,spin-0,V1,1,0,1,1073741824,1,0.6464583,0.666007,6505384,81022976,True,spin-0,resident,9.96664424599943,1,
linux-arm64,CORE-VERIFY-002/RUN-20260929-14-56e49e2-linux-arm64,S1,sha256,warm,spin-0,V1,1,1,0,1073741824,1,0.6615027,0.682829,2311336,81362944,True,spin-0,resident,10.079335399263115,1,
linux-arm64,CORE-VERIFY-002/RUN-20260929-14-56e49e2-linux-arm64,S1,sha256,warm,spin-0,V0,1,1,1,1073741824,1,1.1780037,1.280226,187944,66363392,True,spin-0,resident,9.954514243585072,1,
linux-arm64,CORE-VERIFY-002/RUN-20260929-14-56e49e2-linux-arm64,S1,sha256,warm,spin-0,V0,1,2,0,1073741824,1,1.1861119,1.290231,187576,66334720,True,spin-0,resident,10.015901702975262,1,
linux-arm64,CORE-VERIFY-002/RUN-20260929-14-56e49e2-linux-arm64,S1,sha256,warm,spin-0,V1,1,2,1,1073741824,1,0.6487119,0.667382,2311152,81252352,True,spin-0,resident,9.544610338507475,1,
linux-arm64,CORE-VERIFY-002/RUN-20260929-14-56e49e2-linux-arm64,S1,sha256,warm,spin-0,V1,1,3,0,1073741824,1,0.6546422,0.675269,2311000,77111296,True,spin-0,resident,9.957247031264457,1,
linux-arm64,CORE-VERIFY-002/RUN-20260929-14-56e49e2-linux-arm64,S1,sha256,warm,spin-0,V0,1,3,1,1073741824,1,1.1918656,1.288797,187576,66023424,True,spin-0,resident,10.00427749458946,1,
linux-arm64,CORE-VERIFY-002/RUN-20260929-14-56e49e2-linux-arm64,S1,sha256,warm,spin-0,V0,1,4,0,1073741824,1,1.2082838,1.307115,187760,66883584,True,spin-0,resident,9.860522902755292,1,
linux-arm64,CORE-VERIFY-002/RUN-20260929-14-56e49e2-linux-arm64,S1,sha256,warm,spin-0,V1,1,4,1,1073741824,1,0.6535182,0.673853,2313000,81354752,True,spin-0,resident,9.484327102594046,1,
linux-arm64,CORE-VERIFY-002/RUN-20260929-14-56e49e2-linux-arm64,S1,sha256,warm,spin-0,V1,1,5,0,1073741824,1,0.656797,0.677498,2312360,77070336,True,spin-0,resident,9.367183285764867,1,
linux-arm64,CORE-VERIFY-002/RUN-20260929-14-56e49e2-linux-arm64,S1,sha256,warm,spin-0,V0,1,5,1,1073741824,1,1.1834172,1.283505,187760,66977792,True,spin-0,resident,9.889752637939516,1,
linux-arm64,CORE-VERIFY-002/RUN-20260929-14-56e49e2-linux-arm64,S1,sha256,warm,spin-0,V0,1,6,0,1073741824,1,1.2013877,1.305194,188160,66535424,True,spin-0,resident,9.53648699107702,1,
linux-arm64,CORE-VERIFY-002/RUN-20260929-14-56e49e2-linux-arm64,S1,sha256,warm,spin-0,V1,1,6,1,1073741824,1,0.6608374,0.681559,2311336,81600512,True,spin-0,resident,9.710957839782514,1,
linux-arm64,CORE-VERIFY-002/RUN-20260929-14-56e49e2-linux-arm64,S1,sha256,warm,spin-0,V1,1,7,0,1073741824,1,0.6540154,0.673534,2311088,77193216,True,spin-0,resident,9.54181993221805,1,
linux-arm64,CORE-VERIFY-002/RUN-20260929-14-56e49e2-linux-arm64,S1,sha256,warm,spin-0,V0,1,7,1,1073741824,1,1.1798675,1.267323,188128,66293760,True,spin-0,resident,9.604155006163381,1,
linux-arm64,CORE-VERIFY-002/RUN-20260929-14-56e49e2-linux-arm64,S1,sha256,warm,spin-0,V0,1,8,0,1073741824,1,1.209629,1.309139,187760,66093056,True,spin-0,resident,9.915531310734417,1,
linux-arm64,CORE-VERIFY-002/RUN-20260929-14-56e49e2-linux-arm64,S1,sha256,warm,spin-0,V1,1,8,1,1073741824,1,0.6461948,0.665514,6505720,81248256,True,spin-0,resident,9.270057461281933,1,
linux-arm64,CORE-VERIFY-002/RUN-20260929-14-56e49e2-linux-arm64,S1,sha256,warm,spin-0,V1,1,9,0,1073741824,1,0.6537921,0.673593,6505784,85430272,True,spin-0,resident,9.947972075418871,1,
linux-arm64,CORE-VERIFY-002/RUN-20260929-14-56e49e2-linux-arm64,S1,sha256,warm,spin-0,V0,1,9,1,1073741824,1,1.1821532,1.280338,187576,66347008,True,spin-0,resident,9.78116295607399,1,
linux-arm64,CORE-VERIFY-002/RUN-20260929-14-56e49e2-linux-arm64,S1,blake3,warm,default,V0,1,0,0,1073741824,1,1.5604871,2.333792,187560,66260992,True,default,resident,10.028611138578517,1,
linux-arm64,CORE-VERIFY-002/RUN-20260929-14-56e49e2-linux-arm64,S1,blake3,warm,default,V1,1,0,1,1073741824,1,1.048196,1.06941,2310504,81080320,True,default,resident,10.180704991264191,1,
linux-arm64,CORE-VERIFY-002/RUN-20260929-14-56e49e2-linux-arm64,S1,blake3,warm,default,V1,1,1,0,1073741824,1,1.0399075,1.060476,2310504,81006592,True,default,resident,8.496066827838229,1,
linux-arm64,CORE-VERIFY-002/RUN-20260929-14-56e49e2-linux-arm64,S1,blake3,warm,default,V0,1,1,1,1073741824,1,1.5402118,2.29414,189624,66805760,True,default,resident,9.920850311642525,1,
linux-arm64,CORE-VERIFY-002/RUN-20260929-14-56e49e2-linux-arm64,S1,blake3,warm,default,V0,1,2,0,1073741824,1,1.5603277,2.32867,187192,66367488,True,default,resident,9.985683486074727,1,
linux-arm64,CORE-VERIFY-002/RUN-20260929-14-56e49e2-linux-arm64,S1,blake3,warm,default,V1,1,2,1,1073741824,1,1.0567168,1.07904,2310808,81121280,True,default,resident,10.270886408989588,1,
linux-arm64,CORE-VERIFY-002/RUN-20260929-14-56e49e2-linux-arm64,S1,blake3,warm,default,V1,1,3,0,1073741824,1,1.0499413,1.07143,2314968,76832768,True,default,resident,9.902711539953867,1,
linux-arm64,CORE-VERIFY-002/RUN-20260929-14-56e49e2-linux-arm64,S1,blake3,warm,default,V0,1,3,1,1073741824,1,1.5537873,2.302391,187376,66560000,True,default,resident,9.991574314497033,1,
linux-arm64,CORE-VERIFY-002/RUN-20260929-14-56e49e2-linux-arm64,S1,blake3,warm,default,V0,1,4,0,1073741824,1,1.5370366,2.309778,450736,66981888,True,default,resident,9.786020064918215,1,
linux-arm64,CORE-VERIFY-002/RUN-20260929-14-56e49e2-linux-arm64,S1,blake3,warm,default,V1,1,4,1,1073741824,1,1.0395014,1.059895,2311568,81047552,True,default,resident,9.86550275096073,1,
linux-arm64,CORE-VERIFY-002/RUN-20260929-14-56e49e2-linux-arm64,S1,blake3,warm,default,V1,1,5,0,1073741824,1,1.0395126,1.060115,2310536,76668928,True,default,resident,9.657745016402155,1,
linux-arm64,CORE-VERIFY-002/RUN-20260929-14-56e49e2-linux-arm64,S1,blake3,warm,default,V0,1,5,1,1073741824,1,1.5386816,2.311056,187560,66670592,True,default,resident,9.939651194335424,1,
linux-arm64,CORE-VERIFY-002/RUN-20260929-14-56e49e2-linux-arm64,S1,blake3,warm,default,V0,1,6,0,1073741824,1,1.5416419,2.296278,187560,66351104,True,default,resident,9.7679273351629,1,
linux-arm64,CORE-VERIFY-002/RUN-20260929-14-56e49e2-linux-arm64,S1,blake3,warm,default,V1,1,6,1,1073741824,1,1.0438581,1.064922,2312568,81092608,True,default,resident,9.339930447984464,1,
linux-arm64,CORE-VERIFY-002/RUN-20260929-14-56e49e2-linux-arm64,S1,blake3,warm,default,V1,1,7,0,1073741824,1,1.0435271,1.064956,2310504,81055744,True,default,resident,10.244779791171254,1,
linux-arm64,CORE-VERIFY-002/RUN-20260929-14-56e49e2-linux-arm64,S1,blake3,warm,default,V0,1,7,1,1073741824,1,1.5391216,2.286281,187560,66318336,True,default,resident,10.064436320326113,1,
linux-arm64,CORE-VERIFY-002/RUN-20260929-14-56e49e2-linux-arm64,S1,blake3,warm,default,V0,1,8,0,1073741824,1,1.5451323,2.307199,187560,65671168,True,default,resident,9.853730122651355,1,
linux-arm64,CORE-VERIFY-002/RUN-20260929-14-56e49e2-linux-arm64,S1,blake3,warm,default,V1,1,8,1,1073741824,1,1.0393021,1.060456,2311080,81055744,True,default,resident,9.941259537382543,1,
linux-arm64,CORE-VERIFY-002/RUN-20260929-14-56e49e2-linux-arm64,S1,blake3,warm,default,V1,1,9,0,1073741824,1,1.0425206,1.06444,2310352,80769024,True,default,resident,9.934339381953203,1,
linux-arm64,CORE-VERIFY-002/RUN-20260929-14-56e49e2-linux-arm64,S1,blake3,warm,default,V0,1,9,1,1073741824,1,1.5374268,2.311022,212368,66174976,True,default,resident,9.954053135086943,1,
linux-arm64,CORE-VERIFY-002/RUN-20260929-14-56e49e2-linux-arm64,SL,blake3,warm,spin-0,V0,1,0,0,6442450944,1,9.2665084,9.810784,230176,69693440,True,spin-0,resident,13.751114169375997,1,
linux-arm64,CORE-VERIFY-002/RUN-20260929-14-56e49e2-linux-arm64,SL,blake3,warm,spin-0,V1,1,0,1,6442450944,1,6.0487009,6.08834,12129840,91688960,True,spin-0,resident,13.757824032468191,1,
linux-arm64,CORE-VERIFY-002/RUN-20260929-14-56e49e2-linux-arm64,SL,blake3,warm,spin-0,V2-W2,1,0,2,6442450944,1,3.0390723,6.138981,11840096,96890880,True,spin-0,resident,13.830052685386393,1,
linux-arm64,CORE-VERIFY-002/RUN-20260929-14-56e49e2-linux-arm64,SL,blake3,warm,spin-0,V2-W4,1,0,3,6442450944,1,1.5480702,6.100757,16017856,113922048,True,spin-0,resident,14.719629575077573,1,
linux-arm64,CORE-VERIFY-002/RUN-20260929-14-56e49e2-linux-arm64,SL,blake3,warm,spin-0,V2-W8,1,0,4,6442450944,1,1.5488317,6.105897,11778096,147202048,True,spin-0,resident,14.394539531157426,1,
linux-arm64,CORE-VERIFY-002/RUN-20260929-14-56e49e2-linux-arm64,SL,blake3,warm,spin-0,V1,1,1,0,6442450944,1,6.0459033,6.083635,12128464,91897856,True,spin-0,resident,14.49127916644969,1,
linux-arm64,CORE-VERIFY-002/RUN-20260929-14-56e49e2-linux-arm64,SL,blake3,warm,spin-0,V2-W2,1,1,1,6442450944,1,3.0097824,6.07989,11834576,96858112,True,spin-0,resident,14.044987282911375,1,
linux-arm64,CORE-VERIFY-002/RUN-20260929-14-56e49e2-linux-arm64,SL,blake3,warm,spin-0,V2-W4,1,1,2,6442450944,1,1.5500641,6.104226,11824144,113762304,True,spin-0,resident,14.150313541300486,1,
linux-arm64,CORE-VERIFY-002/RUN-20260929-14-56e49e2-linux-arm64,SL,blake3,warm,spin-0,V2-W8,1,1,3,6442450944,1,1.5656352,6.126898,11798152,138887168,True,spin-0,resident,14.296375943767922,1,
linux-arm64,CORE-VERIFY-002/RUN-20260929-14-56e49e2-linux-arm64,SL,blake3,warm,spin-0,V0,1,1,4,6442450944,1,9.1115484,9.650656,205408,67268608,True,spin-0,resident,14.050299639934426,1,
linux-arm64,CORE-VERIFY-002/RUN-20260929-14-56e49e2-linux-arm64,SL,blake3,warm,spin-0,V2-W2,1,2,0,6442450944,1,3.0090903,6.081803,11835816,101027840,True,spin-0,resident,14.476090692893877,1,
linux-arm64,CORE-VERIFY-002/RUN-20260929-14-56e49e2-linux-arm64,SL,blake3,warm,spin-0,V2-W4,1,2,1,6442450944,1,1.5483494,6.103415,11821976,113795072,True,spin-0,resident,14.000402718439881,1,
linux-arm64,CORE-VERIFY-002/RUN-20260929-14-56e49e2-linux-arm64,SL,blake3,warm,spin-0,V2-W8,1,2,2,6442450944,1,1.5510616,6.094045,15970736,143273984,True,spin-0,resident,14.401704030884458,1,
linux-arm64,CORE-VERIFY-002/RUN-20260929-14-56e49e2-linux-arm64,SL,blake3,warm,spin-0,V0,1,2,3,6442450944,1,9.2558579,9.783167,205552,67297280,True,spin-0,resident,14.411814532671384,1,
linux-arm64,CORE-VERIFY-002/RUN-20260929-14-56e49e2-linux-arm64,SL,blake3,warm,spin-0,V1,1,2,4,6442450944,1,6.0759464,6.116406,12128344,95952896,True,spin-0,resident,14.550853698612649,1,
linux-arm64,CORE-VERIFY-002/RUN-20260929-14-56e49e2-linux-arm64,SL,blake3,warm,spin-0,V2-W4,1,3,0,6442450944,1,1.5556925,6.11984,11797592,113885184,True,spin-0,resident,14.552617932758078,1,
linux-arm64,CORE-VERIFY-002/RUN-20260929-14-56e49e2-linux-arm64,SL,blake3,warm,spin-0,V2-W8,1,3,1,6442450944,1,1.5506451,6.109648,11789192,147345408,True,spin-0,resident,14.666286476683704,1,
linux-arm64,CORE-VERIFY-002/RUN-20260929-14-56e49e2-linux-arm64,SL,blake3,warm,spin-0,V0,1,3,2,6442450944,1,9.1818184,9.718439,206816,66899968,True,spin-0,resident,13.891601644362344,1,
linux-arm64,CORE-VERIFY-002/RUN-20260929-14-56e49e2-linux-arm64,SL,blake3,warm,spin-0,V1,1,3,3,6442450944,1,6.0476575,6.086005,12129256,91783168,True,spin-0,resident,15.046970007130865,1,
linux-arm64,CORE-VERIFY-002/RUN-20260929-14-56e49e2-linux-arm64,SL,blake3,warm,spin-0,V2-W2,1,3,4,6442450944,1,3.0040527,6.073013,11831760,100876288,True,spin-0,resident,14.343891754431807,1,
linux-arm64,CORE-VERIFY-002/RUN-20260929-14-56e49e2-linux-arm64,SL,blake3,warm,spin-0,V2-W8,1,4,0,6442450944,1,1.5469696,6.086464,11780056,147402752,True,spin-0,resident,14.951268503987084,1,
linux-arm64,CORE-VERIFY-002/RUN-20260929-14-56e49e2-linux-arm64,SL,blake3,warm,spin-0,V0,1,4,1,6442450944,1,9.2709609,9.783743,205592,67457024,True,spin-0,resident,14.695549212564163,1,
linux-arm64,CORE-VERIFY-002/RUN-20260929-14-56e49e2-linux-arm64,SL,blake3,warm,spin-0,V1,1,4,2,6442450944,1,6.0365207,6.074388,12128440,91860992,True,spin-0,resident,14.15407435352861,1,
linux-arm64,CORE-VERIFY-002/RUN-20260929-14-56e49e2-linux-arm64,SL,blake3,warm,spin-0,V2-W2,1,4,3,6442450944,1,2.9976332,6.060538,16035608,100700160,True,spin-0,resident,14.385696644359786,1,
linux-arm64,CORE-VERIFY-002/RUN-20260929-14-56e49e2-linux-arm64,SL,blake3,warm,spin-0,V2-W4,1,4,4,6442450944,1,1.5424823,6.087476,16017328,110149632,True,spin-0,resident,14.546313148202213,1,
linux-arm64,CORE-VERIFY-002/RUN-20260929-14-56e49e2-linux-arm64,SL,blake3,cold,spin-0,V0,1,0,0,6442450944,1,15.363067,10.659626,205736,64077824,True,spin-0,n/a,,,
linux-arm64,CORE-VERIFY-002/RUN-20260929-14-56e49e2-linux-arm64,SL,blake3,cold,spin-0,V1,1,0,1,6442450944,1,15.3540335,6.311839,12127520,88489984,True,spin-0,n/a,,,
linux-arm64,CORE-VERIFY-002/RUN-20260929-14-56e49e2-linux-arm64,SL,blake3,cold,spin-0,V2-W2,1,0,2,6442450944,1,15.3621925,6.834697,11844968,94134272,True,spin-0,n/a,,,
linux-arm64,CORE-VERIFY-002/RUN-20260929-14-56e49e2-linux-arm64,SL,blake3,cold,spin-0,V2-W4,1,0,3,6442450944,1,15.3443243,7.369446,16055704,110686208,True,spin-0,n/a,,,
linux-arm64,CORE-VERIFY-002/RUN-20260929-14-56e49e2-linux-arm64,SL,blake3,cold,spin-0,V2-W8,1,0,4,6442450944,1,15.36752,7.559065,11843504,135962624,True,spin-0,n/a,,,
linux-arm64,CORE-VERIFY-002/RUN-20260929-14-56e49e2-linux-arm64,SL,blake3,cold,spin-0,V1,1,1,0,6442450944,1,15.3629598,6.339405,16322944,88100864,True,spin-0,n/a,,,
linux-arm64,CORE-VERIFY-002/RUN-20260929-14-56e49e2-linux-arm64,SL,blake3,cold,spin-0,V2-W2,1,1,1,6442450944,1,15.3565054,6.800449,11842784,98054144,True,spin-0,n/a,,,
linux-arm64,CORE-VERIFY-002/RUN-20260929-14-56e49e2-linux-arm64,SL,blake3,cold,spin-0,V2-W4,1,1,2,6442450944,1,15.4695439,7.287562,11839664,106221568,True,spin-0,n/a,,,
linux-arm64,CORE-VERIFY-002/RUN-20260929-14-56e49e2-linux-arm64,SL,blake3,cold,spin-0,V2-W8,1,1,3,6442450944,1,15.3527859,7.447127,11842784,144404480,True,spin-0,n/a,,,
linux-arm64,CORE-VERIFY-002/RUN-20260929-14-56e49e2-linux-arm64,SL,blake3,cold,spin-0,V0,1,1,4,6442450944,1,15.3768428,10.813391,205584,64421888,True,spin-0,n/a,,,
linux-arm64,CORE-VERIFY-002/RUN-20260929-14-56e49e2-linux-arm64,SL,blake3,cold,spin-0,V2-W2,1,2,0,6442450944,1,15.3458712,6.990351,11843000,98779136,True,spin-0,n/a,,,
linux-arm64,CORE-VERIFY-002/RUN-20260929-14-56e49e2-linux-arm64,SL,blake3,cold,spin-0,V2-W4,1,2,1,6442450944,1,15.3513863,7.561549,11841528,110383104,True,spin-0,n/a,,,
linux-arm64,CORE-VERIFY-002/RUN-20260929-14-56e49e2-linux-arm64,SL,blake3,cold,spin-0,V2-W8,1,2,2,6442450944,1,15.3694715,7.637353,11841928,140038144,True,spin-0,n/a,,,
linux-arm64,CORE-VERIFY-002/RUN-20260929-14-56e49e2-linux-arm64,SL,blake3,cold,spin-0,V0,1,2,3,6442450944,1,15.3617717,10.70336,205776,64114688,True,spin-0,n/a,,,
linux-arm64,CORE-VERIFY-002/RUN-20260929-14-56e49e2-linux-arm64,SL,blake3,cold,spin-0,V1,1,2,4,6442450944,1,15.5104077,6.32446,12128704,88256512,True,spin-0,n/a,,,
linux-arm64,CORE-VERIFY-002/RUN-20260929-14-56e49e2-linux-arm64,SL,blake3,cold,spin-0,V2-W4,1,3,0,6442450944,1,15.4238538,7.234386,11838544,114728960,True,spin-0,n/a,,,
linux-arm64,CORE-VERIFY-002/RUN-20260929-14-56e49e2-linux-arm64,SL,blake3,cold,spin-0,V2-W8,1,3,1,6442450944,1,15.3370405,7.52761,11841664,135827456,True,spin-0,n/a,,,
linux-arm64,CORE-VERIFY-002/RUN-20260929-14-56e49e2-linux-arm64,SL,blake3,cold,spin-0,V0,1,3,2,6442450944,1,15.3718073,10.841439,205552,63021056,True,spin-0,n/a,,,
linux-arm64,CORE-VERIFY-002/RUN-20260929-14-56e49e2-linux-arm64,SL,blake3,cold,spin-0,V1,1,3,3,6442450944,1,15.37073,6.393167,12127704,88825856,True,spin-0,n/a,,,
linux-arm64,CORE-VERIFY-002/RUN-20260929-14-56e49e2-linux-arm64,SL,blake3,cold,spin-0,V2-W2,1,3,4,6442450944,1,15.3620264,6.892242,11843344,93941760,True,spin-0,n/a,,,
linux-arm64,CORE-VERIFY-002/RUN-20260929-14-56e49e2-linux-arm64,SL,blake3,cold,spin-0,V2-W8,1,4,0,6442450944,1,15.3479562,7.689114,11841768,144162816,True,spin-0,n/a,,,
linux-arm64,CORE-VERIFY-002/RUN-20260929-14-56e49e2-linux-arm64,SL,blake3,cold,spin-0,V0,1,4,1,6442450944,1,15.3719006,10.905949,230176,63918080,True,spin-0,n/a,,,
linux-arm64,CORE-VERIFY-002/RUN-20260929-14-56e49e2-linux-arm64,SL,blake3,cold,spin-0,V1,1,4,2,6442450944,1,15.499151,6.399477,12127704,88969216,True,spin-0,n/a,,,
linux-arm64,CORE-VERIFY-002/RUN-20260929-14-56e49e2-linux-arm64,SL,blake3,cold,spin-0,V2-W2,1,4,3,6442450944,1,15.3839905,6.959176,11845032,94208000,True,spin-0,n/a,,,
linux-arm64,CORE-VERIFY-002/RUN-20260929-14-56e49e2-linux-arm64,SL,blake3,cold,spin-0,V2-W4,1,4,4,6442450944,1,15.343207,7.575002,11839272,106049536,True,spin-0,n/a,,,
linux-arm64,CORE-VERIFY-002/RUN-20260929-14-56e49e2-linux-arm64,SL,blake3,warm,default,V0,1,0,0,6442450944,1,9.1181298,13.523239,205552,67301376,True,default,resident,10.748925137980116,1,
linux-arm64,CORE-VERIFY-002/RUN-20260929-14-56e49e2-linux-arm64,SL,blake3,warm,default,V1,1,0,1,6442450944,1,6.1433958,6.258587,12126912,91492352,True,default,resident,11.737755227439935,1,
linux-arm64,CORE-VERIFY-002/RUN-20260929-14-56e49e2-linux-arm64,SL,blake3,warm,default,V1,1,1,0,6442450944,1,6.1531994,6.270232,12128224,91746304,True,default,resident,11.297287846142952,1,
linux-arm64,CORE-VERIFY-002/RUN-20260929-14-56e49e2-linux-arm64,SL,blake3,warm,default,V0,1,1,1,6442450944,1,9.2065601,13.68974,230176,67162112,True,default,resident,11.570011579989083,1,
linux-arm64,CORE-VERIFY-002/RUN-20260929-14-56e49e2-linux-arm64,SL,blake3,warm,default,V0,1,2,0,6442450944,1,9.0645319,13.52017,205584,65527808,True,default,resident,11.539664763512981,1,
linux-arm64,CORE-VERIFY-002/RUN-20260929-14-56e49e2-linux-arm64,SL,blake3,warm,default,V1,1,2,1,6442450944,1,6.1523523,6.269265,12130872,91906048,True,default,resident,11.512476726564014,1,
linux-arm64,CORE-VERIFY-002/RUN-20260929-14-56e49e2-linux-arm64,SL,blake3,warm,default,V1,1,3,0,6442450944,1,6.1251883,6.241875,12126912,95551488,True,default,resident,11.761187927350994,1,
linux-arm64,CORE-VERIFY-002/RUN-20260929-14-56e49e2-linux-arm64,SL,blake3,warm,default,V0,1,3,1,6442450944,1,9.0942764,13.471065,205736,65921024,True,default,resident,11.50746676488947,1,
linux-arm64,CORE-VERIFY-002/RUN-20260929-14-56e49e2-linux-arm64,SL,blake3,warm,default,V0,1,4,0,6442450944,1,9.0718186,13.487865,205736,67014656,True,default,resident,11.31186968344134,1,
linux-arm64,CORE-VERIFY-002/RUN-20260929-14-56e49e2-linux-arm64,SL,blake3,warm,default,V1,1,4,1,6442450944,1,6.1546623,6.272703,12126760,95985664,True,default,resident,12.072545961002584,1,
linux-x64,CORE-VERIFY-002/RUN-20260929-14-56e49e2-linux-x64,S1,blake3,warm,spin-0,V0,1,0,0,1073741824,1,1.3118097,1.490649,187560,66334720,True,spin-0,resident,15.412331252419166,1,
linux-x64,CORE-VERIFY-002/RUN-20260929-14-56e49e2-linux-x64,S1,blake3,warm,spin-0,V1,1,0,1,1073741824,1,0.7747358,0.787766,2312416,81387520,True,spin-0,resident,15.97250612894436,1,
linux-x64,CORE-VERIFY-002/RUN-20260929-14-56e49e2-linux-x64,S1,blake3,warm,spin-0,V2-W2,1,0,2,1073741824,1,0.3966169,0.830472,2264424,86298624,True,spin-0,resident,15.264323929672472,1,
linux-x64,CORE-VERIFY-002/RUN-20260929-14-56e49e2-linux-x64,S1,blake3,warm,spin-0,V2-W4,1,0,3,1073741824,1,0.3081901,1.19122,2262024,103190528,True,spin-0,resident,15.883507488922568,1,
linux-x64,CORE-VERIFY-002/RUN-20260929-14-56e49e2-linux-x64,S1,blake3,warm,spin-0,V2-W8,1,0,4,1073741824,1,0.3174704,1.220686,2258120,141082624,True,spin-0,resident,14.876471814581592,1,
linux-x64,CORE-VERIFY-002/RUN-20260929-14-56e49e2-linux-x64,S1,blake3,warm,spin-0,V1,1,1,0,1073741824,1,0.7683189,0.784424,2310352,86302720,True,spin-0,resident,15.499944338005394,1,
linux-x64,CORE-VERIFY-002/RUN-20260929-14-56e49e2-linux-x64,S1,blake3,warm,spin-0,V2-W2,1,1,1,1073741824,1,0.3920994,0.804805,2264448,90578944,True,spin-0,resident,15.264244745779848,1,
linux-x64,CORE-VERIFY-002/RUN-20260929-14-56e49e2-linux-x64,S1,blake3,warm,spin-0,V2-W4,1,1,2,1073741824,1,0.339243,1.309097,2260144,111493120,True,spin-0,resident,14.46521050618743,1,
linux-x64,CORE-VERIFY-002/RUN-20260929-14-56e49e2-linux-x64,S1,blake3,warm,spin-0,V2-W8,1,1,3,1073741824,1,0.3148101,1.220803,2259128,136966144,True,spin-0,resident,15.532835421125082,1,
linux-x64,CORE-VERIFY-002/RUN-20260929-14-56e49e2-linux-x64,S1,blake3,warm,spin-0,V0,1,1,4,1073741824,1,1.3762229,1.576052,187192,66486272,True,spin-0,resident,15.593443884116427,1,
linux-x64,CORE-VERIFY-002/RUN-20260929-14-56e49e2-linux-x64,S1,blake3,warm,spin-0,V2-W2,1,2,0,1073741824,1,0.385872,0.799367,6459168,94531584,True,spin-0,resident,15.879100735199188,1,
linux-x64,CORE-VERIFY-002/RUN-20260929-14-56e49e2-linux-x64,S1,blake3,warm,spin-0,V2-W4,1,2,1,1073741824,1,0.3048968,1.177003,2259144,107511808,True,spin-0,resident,15.663371105167174,1,
linux-x64,CORE-VERIFY-002/RUN-20260929-14-56e49e2-linux-x64,S1,blake3,warm,spin-0,V2-W8,1,2,2,1073741824,1,0.3161572,1.208953,2259952,132755456,True,spin-0,resident,15.261594888156093,1,
linux-x64,CORE-VERIFY-002/RUN-20260929-14-56e49e2-linux-x64,S1,blake3,warm,spin-0,V0,1,2,3,1073741824,1,1.4147991,1.616995,188704,65990656,True,spin-0,resident,15.60655071552372,1,
linux-x64,CORE-VERIFY-002/RUN-20260929-14-56e49e2-linux-x64,S1,blake3,warm,spin-0,V1,1,2,4,1073741824,1,0.7679834,0.78159,2310504,85282816,True,spin-0,resident,15.243301309924,1,
linux-x64,CORE-VERIFY-002/RUN-20260929-14-56e49e2-linux-x64,S1,blake3,warm,spin-0,V2-W4,1,3,0,1073741824,1,0.3329919,1.291622,2264280,99024896,True,spin-0,resident,14.951850231860234,1,
linux-x64,CORE-VERIFY-002/RUN-20260929-14-56e49e2-linux-x64,S1,blake3,warm,spin-0,V2-W8,1,3,1,1073741824,1,0.3278648,1.263971,2259944,132628480,True,spin-0,resident,14.989182851162305,1,
linux-x64,CORE-VERIFY-002/RUN-20260929-14-56e49e2-linux-x64,S1,blake3,warm,spin-0,V0,1,3,2,1073741824,1,1.266756,1.451028,451696,66039808,True,spin-0,resident,15.553010084090488,1,
linux-x64,CORE-VERIFY-002/RUN-20260929-14-56e49e2-linux-x64,S1,blake3,warm,spin-0,V1,1,3,3,1073741824,1,0.7717378,0.785187,2310448,81371136,True,spin-0,resident,15.439628075025965,1,
linux-x64,CORE-VERIFY-002/RUN-20260929-14-56e49e2-linux-x64,S1,blake3,warm,spin-0,V2-W2,1,3,4,1073741824,1,0.3892572,0.797935,2264448,86495232,True,spin-0,resident,15.897484843318685,1,
linux-x64,CORE-VERIFY-002/RUN-20260929-14-56e49e2-linux-x64,S1,blake3,warm,spin-0,V2-W8,1,4,0,1073741824,1,0.3188706,1.23643,2257744,136843264,True,spin-0,resident,15.208768077000842,1,
linux-x64,CORE-VERIFY-002/RUN-20260929-14-56e49e2-linux-x64,S1,blake3,warm,spin-0,V0,1,4,1,1073741824,1,1.3028502,1.51157,189624,66584576,True,spin-0,resident,15.221420764165055,1,
linux-x64,CORE-VERIFY-002/RUN-20260929-14-56e49e2-linux-x64,S1,blake3,warm,spin-0,V1,1,4,2,1073741824,1,0.7569737,0.770196,2310352,81178624,True,spin-0,resident,14.880881838516187,1,
linux-x64,CORE-VERIFY-002/RUN-20260929-14-56e49e2-linux-x64,S1,blake3,warm,spin-0,V2-W2,1,4,3,1073741824,1,0.3932809,0.816323,2263728,97771520,True,spin-0,resident,14.481141716332875,1,
linux-x64,CORE-VERIFY-002/RUN-20260929-14-56e49e2-linux-x64,S1,blake3,warm,spin-0,V2-W4,1,4,4,1073741824,1,0.3037689,1.175882,2261744,107311104,True,spin-0,resident,14.684469381742353,1,
linux-x64,CORE-VERIFY-002/RUN-20260929-14-56e49e2-linux-x64,S1,blake3,warm,spin-0,V0,1,5,0,1073741824,1,1.2871908,1.474804,187592,66281472,True,spin-0,resident,15.355543962724965,1,
linux-x64,CORE-VERIFY-002/RUN-20260929-14-56e49e2-linux-x64,S1,blake3,warm,spin-0,V1,1,5,1,1073741824,1,0.7637367,0.777626,2310816,81264640,True,spin-0,resident,15.585315306342913,1,
linux-x64,CORE-VERIFY-002/RUN-20260929-14-56e49e2-linux-x64,S1,blake3,warm,spin-0,V2-W2,1,5,2,1073741824,1,0.3982159,0.821393,2265488,94666752,True,spin-0,resident,15.958537372471186,1,
linux-x64,CORE-VERIFY-002/RUN-20260929-14-56e49e2-linux-x64,S1,blake3,warm,spin-0,V2-W4,1,5,3,1073741824,1,0.3088839,1.183649,2261648,105943040,True,spin-0,resident,15.316847660580065,1,
linux-x64,CORE-VERIFY-002/RUN-20260929-14-56e49e2-linux-x64,S1,blake3,warm,spin-0,V2-W8,1,5,4,1073741824,1,0.3289062,1.259066,2260584,136822784,True,spin-0,resident,15.300866959916714,1,
linux-x64,CORE-VERIFY-002/RUN-20260929-14-56e49e2-linux-x64,S1,blake3,warm,spin-0,V1,1,6,0,1073741824,1,0.7815981,0.796754,2310168,86355968,True,spin-0,resident,15.684600065246709,1,
linux-x64,CORE-VERIFY-002/RUN-20260929-14-56e49e2-linux-x64,S1,blake3,warm,spin-0,V2-W2,1,6,1,1073741824,1,0.388023,0.807023,2265344,86224896,True,spin-0,resident,15.386901431196087,1,
linux-x64,CORE-VERIFY-002/RUN-20260929-14-56e49e2-linux-x64,S1,blake3,warm,spin-0,V2-W4,1,6,2,1073741824,1,0.3327087,1.293504,6460784,107081728,True,spin-0,resident,15.1734989153268,1,
linux-x64,CORE-VERIFY-002/RUN-20260929-14-56e49e2-linux-x64,S1,blake3,warm,spin-0,V2-W8,1,6,3,1073741824,1,0.3173384,1.223315,2262512,136982528,True,spin-0,resident,14.856788516184867,1,
linux-x64,CORE-VERIFY-002/RUN-20260929-14-56e49e2-linux-x64,S1,blake3,warm,spin-0,V0,1,6,4,1073741824,1,1.3303311,1.538985,188472,66658304,True,spin-0,resident,14.480527586994334,1,
linux-x64,CORE-VERIFY-002/RUN-20260929-14-56e49e2-linux-x64,S1,blake3,warm,spin-0,V2-W2,1,7,0,1073741824,1,0.4023167,0.829886,2263488,90673152,True,spin-0,resident,15.776097095861076,1,
linux-x64,CORE-VERIFY-002/RUN-20260929-14-56e49e2-linux-x64,S1,blake3,warm,spin-0,V2-W4,1,7,1,1073741824,1,0.3045238,1.17802,2263752,107380736,True,spin-0,resident,15.087003852293492,1,
linux-x64,CORE-VERIFY-002/RUN-20260929-14-56e49e2-linux-x64,S1,blake3,warm,spin-0,V2-W8,1,7,2,1073741824,1,0.3199994,1.236691,2263224,132886528,True,spin-0,resident,15.410998654302329,1,
linux-x64,CORE-VERIFY-002/RUN-20260929-14-56e49e2-linux-x64,S1,blake3,warm,spin-0,V0,1,7,3,1073741824,1,1.2849033,1.470066,187376,66158592,True,spin-0,resident,15.121277118183444,1,
linux-x64,CORE-VERIFY-002/RUN-20260929-14-56e49e2-linux-x64,S1,blake3,warm,spin-0,V1,1,7,4,1073741824,1,0.773622,0.789297,2311176,81223680,True,spin-0,resident,15.455678036958574,1,
linux-x64,CORE-VERIFY-002/RUN-20260929-14-56e49e2-linux-x64,S1,blake3,warm,spin-0,V2-W4,1,8,0,1073741824,1,0.3286417,1.276464,6455488,101638144,True,spin-0,resident,14.717833389788007,1,
linux-x64,CORE-VERIFY-002/RUN-20260929-14-56e49e2-linux-x64,S1,blake3,warm,spin-0,V2-W8,1,8,1,1073741824,1,0.3146157,1.219688,2265392,136761344,True,spin-0,resident,15.305287777144844,1,
linux-x64,CORE-VERIFY-002/RUN-20260929-14-56e49e2-linux-x64,S1,blake3,warm,spin-0,V0,1,8,2,1073741824,1,1.4189539,1.634118,187376,66318336,True,spin-0,resident,15.385645156405776,1,
linux-x64,CORE-VERIFY-002/RUN-20260929-14-56e49e2-linux-x64,S1,blake3,warm,spin-0,V1,1,8,3,1073741824,1,0.7701796,0.784766,2310264,81514496,True,spin-0,resident,16.154304841503574,1,
linux-x64,CORE-VERIFY-002/RUN-20260929-14-56e49e2-linux-x64,S1,blake3,warm,spin-0,V2-W2,1,8,4,1073741824,1,0.3873732,0.799003,2264344,94609408,True,spin-0,resident,16.26566556126892,1,
linux-x64,CORE-VERIFY-002/RUN-20260929-14-56e49e2-linux-x64,S1,blake3,warm,spin-0,V2-W8,1,9,0,1073741824,1,0.3158721,1.220395,2263768,132448256,True,spin-0,resident,15.437412672574954,1,
linux-x64,CORE-VERIFY-002/RUN-20260929-14-56e49e2-linux-x64,S1,blake3,warm,spin-0,V0,1,9,1,1073741824,1,1.3539856,1.545826,187376,66543616,True,spin-0,resident,14.994050966816957,1,
linux-x64,CORE-VERIFY-002/RUN-20260929-14-56e49e2-linux-x64,S1,blake3,warm,spin-0,V1,1,9,2,1073741824,1,0.7765127,0.789217,2310416,81276928,True,spin-0,resident,16.058329493554826,1,
linux-x64,CORE-VERIFY-002/RUN-20260929-14-56e49e2-linux-x64,S1,blake3,warm,spin-0,V2-W2,1,9,3,1073741824,1,0.3918939,0.80895,2288736,90525696,True,spin-0,resident,15.328272130088147,1,
linux-x64,CORE-VERIFY-002/RUN-20260929-14-56e49e2-linux-x64,S1,blake3,warm,spin-0,V2-W4,1,9,4,1073741824,1,0.3058142,1.178387,2260944,107245568,True,spin-0,resident,15.516409268732758,1,
linux-x64,CORE-VERIFY-002/RUN-20260929-14-56e49e2-linux-x64,S1,blake3,cold,spin-0,V0,1,0,0,1073741824,1,2.3554179,1.719734,187376,64176128,True,spin-0,n/a,,,
linux-x64,CORE-VERIFY-002/RUN-20260929-14-56e49e2-linux-x64,S1,blake3,cold,spin-0,V1,1,0,1,1073741824,1,2.3385063,1.43304,2310320,78880768,True,spin-0,n/a,,,
linux-x64,CORE-VERIFY-002/RUN-20260929-14-56e49e2-linux-x64,S1,blake3,cold,spin-0,V2-W2,1,0,2,1073741824,1,2.3368771,0.96486,2264656,83750912,True,spin-0,n/a,,,
linux-x64,CORE-VERIFY-002/RUN-20260929-14-56e49e2-linux-x64,S1,blake3,cold,spin-0,V2-W4,1,0,3,1073741824,1,2.3042997,1.3393,2262760,101220352,True,spin-0,n/a,,,
linux-x64,CORE-VERIFY-002/RUN-20260929-14-56e49e2-linux-x64,S1,blake3,cold,spin-0,V2-W8,1,0,4,1073741824,1,2.328632,1.520458,2262536,134860800,True,spin-0,n/a,,,
linux-x64,CORE-VERIFY-002/RUN-20260929-14-56e49e2-linux-x64,S1,blake3,cold,spin-0,V1,1,1,0,1073741824,1,2.3339466,0.842372,2310168,83050496,True,spin-0,n/a,,,
linux-x64,CORE-VERIFY-002/RUN-20260929-14-56e49e2-linux-x64,S1,blake3,cold,spin-0,V2-W2,1,1,1,1073741824,1,2.3479464,0.948245,2266704,88379392,True,spin-0,n/a,,,
linux-x64,CORE-VERIFY-002/RUN-20260929-14-56e49e2-linux-x64,S1,blake3,cold,spin-0,V2-W4,1,1,2,1073741824,1,2.3265914,1.469143,6457656,109666304,True,spin-0,n/a,,,
linux-x64,CORE-VERIFY-002/RUN-20260929-14-56e49e2-linux-x64,S1,blake3,cold,spin-0,V2-W8,1,1,3,1073741824,1,2.3336158,1.559562,2262352,130748416,True,spin-0,n/a,,,
linux-x64,CORE-VERIFY-002/RUN-20260929-14-56e49e2-linux-x64,S1,blake3,cold,spin-0,V0,1,1,4,1073741824,1,2.3647767,1.743477,187192,64262144,True,spin-0,n/a,,,
linux-x64,CORE-VERIFY-002/RUN-20260929-14-56e49e2-linux-x64,S1,blake3,cold,spin-0,V2-W2,1,2,0,1073741824,1,2.3308439,0.942227,2264656,83820544,True,spin-0,n/a,,,
linux-x64,CORE-VERIFY-002/RUN-20260929-14-56e49e2-linux-x64,S1,blake3,cold,spin-0,V2-W4,1,2,1,1073741824,1,2.3047698,1.479286,2262744,109654016,True,spin-0,n/a,,,
linux-x64,CORE-VERIFY-002/RUN-20260929-14-56e49e2-linux-x64,S1,blake3,cold,spin-0,V2-W8,1,2,2,1073741824,1,2.3482794,1.524018,2262400,130482176,True,spin-0,n/a,,,
linux-x64,CORE-VERIFY-002/RUN-20260929-14-56e49e2-linux-x64,S1,blake3,cold,spin-0,V0,1,2,3,1073741824,1,2.3532797,1.742193,187560,64270336,True,spin-0,n/a,,,
linux-x64,CORE-VERIFY-002/RUN-20260929-14-56e49e2-linux-x64,S1,blake3,cold,spin-0,V1,1,2,4,1073741824,1,2.3096396,0.842226,2312416,79413248,True,spin-0,n/a,,,
linux-x64,CORE-VERIFY-002/RUN-20260929-14-56e49e2-linux-x64,S1,blake3,cold,spin-0,V2-W4,1,3,0,1073741824,1,2.3214207,1.434473,2261496,105103360,True,spin-0,n/a,,,
linux-x64,CORE-VERIFY-002/RUN-20260929-14-56e49e2-linux-x64,S1,blake3,cold,spin-0,V2-W8,1,3,1,1073741824,1,2.2961512,1.707056,2264056,130752512,True,spin-0,n/a,,,
linux-x64,CORE-VERIFY-002/RUN-20260929-14-56e49e2-linux-x64,S1,blake3,cold,spin-0,V0,1,3,2,1073741824,1,2.3489541,1.744731,187376,63721472,True,spin-0,n/a,,,
linux-x64,CORE-VERIFY-002/RUN-20260929-14-56e49e2-linux-x64,S1,blake3,cold,spin-0,V1,1,3,3,1073741824,1,2.3194219,0.847207,2310168,78807040,True,spin-0,n/a,,,
linux-x64,CORE-VERIFY-002/RUN-20260929-14-56e49e2-linux-x64,S1,blake3,cold,spin-0,V2-W2,1,3,4,1073741824,1,2.3113707,0.968656,2264760,88186880,True,spin-0,n/a,,,
linux-x64,CORE-VERIFY-002/RUN-20260929-14-56e49e2-linux-x64,S1,blake3,cold,spin-0,V2-W8,1,4,0,1073741824,1,2.3471804,1.559778,2260584,130596864,True,spin-0,n/a,,,
linux-x64,CORE-VERIFY-002/RUN-20260929-14-56e49e2-linux-x64,S1,blake3,cold,spin-0,V0,1,4,1,1073741824,1,2.3523813,1.692354,187376,63918080,True,spin-0,n/a,,,
linux-x64,CORE-VERIFY-002/RUN-20260929-14-56e49e2-linux-x64,S1,blake3,cold,spin-0,V1,1,4,2,1073741824,1,2.325063,0.841628,2310168,78970880,True,spin-0,n/a,,,
linux-x64,CORE-VERIFY-002/RUN-20260929-14-56e49e2-linux-x64,S1,blake3,cold,spin-0,V2-W2,1,4,3,1073741824,1,2.3412734,0.974677,2264672,88334336,True,spin-0,n/a,,,
linux-x64,CORE-VERIFY-002/RUN-20260929-14-56e49e2-linux-x64,S1,blake3,cold,spin-0,V2-W4,1,4,4,1073741824,1,2.3570334,1.345146,2262064,105377792,True,spin-0,n/a,,,
linux-x64,CORE-VERIFY-002/RUN-20260929-14-56e49e2-linux-x64,S1,blake3,cold,spin-0,V0,1,5,0,1073741824,1,2.3468567,1.725098,187192,63860736,True,spin-0,n/a,,,
linux-x64,CORE-VERIFY-002/RUN-20260929-14-56e49e2-linux-x64,S1,blake3,cold,spin-0,V1,1,5,1,1073741824,1,2.3302641,0.833906,2311408,78888960,True,spin-0,n/a,,,
linux-x64,CORE-VERIFY-002/RUN-20260929-14-56e49e2-linux-x64,S1,blake3,cold,spin-0,V2-W2,1,5,2,1073741824,1,2.3131423,0.961464,2265736,88416256,True,spin-0,n/a,,,
linux-x64,CORE-VERIFY-002/RUN-20260929-14-56e49e2-linux-x64,S1,blake3,cold,spin-0,V2-W4,1,5,3,1073741824,1,2.2967678,1.326309,2263264,105275392,True,spin-0,n/a,,,
linux-x64,CORE-VERIFY-002/RUN-20260929-14-56e49e2-linux-x64,S1,blake3,cold,spin-0,V2-W8,1,5,4,1073741824,1,2.2845156,1.716446,2264280,134852608,True,spin-0,n/a,,,
linux-x64,CORE-VERIFY-002/RUN-20260929-14-56e49e2-linux-x64,S1,blake3,cold,spin-0,V1,1,6,0,1073741824,1,2.3116867,0.853266,2310168,78733312,True,spin-0,n/a,,,
linux-x64,CORE-VERIFY-002/RUN-20260929-14-56e49e2-linux-x64,S1,blake3,cold,spin-0,V2-W2,1,6,1,1073741824,1,2.2897887,0.963572,2264760,88391680,True,spin-0,n/a,,,
linux-x64,CORE-VERIFY-002/RUN-20260929-14-56e49e2-linux-x64,S1,blake3,cold,spin-0,V2-W4,1,6,2,1073741824,1,2.3294501,1.48845,2261648,105193472,True,spin-0,n/a,,,
linux-x64,CORE-VERIFY-002/RUN-20260929-14-56e49e2-linux-x64,S1,blake3,cold,spin-0,V2-W8,1,6,3,1073741824,1,2.3566758,1.547139,2288800,138977280,True,spin-0,n/a,,,
linux-x64,CORE-VERIFY-002/RUN-20260929-14-56e49e2-linux-x64,S1,blake3,cold,spin-0,V0,1,6,4,1073741824,1,2.3514417,1.786681,187232,63623168,True,spin-0,n/a,,,
linux-x64,CORE-VERIFY-002/RUN-20260929-14-56e49e2-linux-x64,S1,blake3,cold,spin-0,V2-W2,1,7,0,1073741824,1,2.2968204,0.966321,2264760,84287488,True,spin-0,n/a,,,
linux-x64,CORE-VERIFY-002/RUN-20260929-14-56e49e2-linux-x64,S1,blake3,cold,spin-0,V2-W4,1,7,1,1073741824,1,2.3374924,1.50924,2261144,101359616,True,spin-0,n/a,,,
linux-x64,CORE-VERIFY-002/RUN-20260929-14-56e49e2-linux-x64,S1,blake3,cold,spin-0,V2-W8,1,7,2,1073741824,1,2.3180627,1.580856,2266136,130547712,True,spin-0,n/a,,,
linux-x64,CORE-VERIFY-002/RUN-20260929-14-56e49e2-linux-x64,S1,blake3,cold,spin-0,V0,1,7,3,1073741824,1,2.3272767,1.732585,187376,63926272,True,spin-0,n/a,,,
linux-x64,CORE-VERIFY-002/RUN-20260929-14-56e49e2-linux-x64,S1,blake3,cold,spin-0,V1,1,7,4,1073741824,1,2.3225346,0.862451,2310168,79015936,True,spin-0,n/a,,,
linux-x64,CORE-VERIFY-002/RUN-20260929-14-56e49e2-linux-x64,S1,blake3,cold,spin-0,V2-W4,1,8,0,1073741824,1,2.3154747,1.353971,2263304,101253120,True,spin-0,n/a,,,
linux-x64,CORE-VERIFY-002/RUN-20260929-14-56e49e2-linux-x64,S1,blake3,cold,spin-0,V2-W8,1,8,1,1073741824,1,2.3629211,1.558082,2260680,130523136,True,spin-0,n/a,,,
linux-x64,CORE-VERIFY-002/RUN-20260929-14-56e49e2-linux-x64,S1,blake3,cold,spin-0,V0,1,8,2,1073741824,1,2.3510694,1.691239,449544,64118784,True,spin-0,n/a,,,
linux-x64,CORE-VERIFY-002/RUN-20260929-14-56e49e2-linux-x64,S1,blake3,cold,spin-0,V1,1,8,3,1073741824,1,2.3267889,0.842171,2311192,79056896,True,spin-0,n/a,,,
linux-x64,CORE-VERIFY-002/RUN-20260929-14-56e49e2-linux-x64,S1,blake3,cold,spin-0,V2-W2,1,8,4,1073741824,1,2.3222162,0.964866,2264656,88211456,True,spin-0,n/a,,,
linux-x64,CORE-VERIFY-002/RUN-20260929-14-56e49e2-linux-x64,S1,blake3,cold,spin-0,V2-W8,1,9,0,1073741824,1,2.3189245,1.539215,2262648,134914048,True,spin-0,n/a,,,
linux-x64,CORE-VERIFY-002/RUN-20260929-14-56e49e2-linux-x64,S1,blake3,cold,spin-0,V0,1,9,1,1073741824,1,2.3556753,1.725779,187192,64258048,True,spin-0,n/a,,,
linux-x64,CORE-VERIFY-002/RUN-20260929-14-56e49e2-linux-x64,S1,blake3,cold,spin-0,V1,1,9,2,1073741824,1,2.3231821,0.844903,2310352,78827520,True,spin-0,n/a,,,
linux-x64,CORE-VERIFY-002/RUN-20260929-14-56e49e2-linux-x64,S1,blake3,cold,spin-0,V2-W2,1,9,3,1073741824,1,2.3106606,0.939925,6458776,92147712,True,spin-0,n/a,,,
linux-x64,CORE-VERIFY-002/RUN-20260929-14-56e49e2-linux-x64,S1,blake3,cold,spin-0,V2-W4,1,9,4,1073741824,1,2.2981133,1.326173,2263864,105426944,True,spin-0,n/a,,,
linux-x64,CORE-VERIFY-002/RUN-20260929-14-56e49e2-linux-x64,S1,blake3,throttled,spin-0,V0,1,0,0,1073741824,1,12.3074982,1.827859,2799464,68247552,True,spin-0,resident,12.149223802682346,1,
linux-x64,CORE-VERIFY-002/RUN-20260929-14-56e49e2-linux-x64,S1,blake3,throttled,spin-0,V1,1,0,1,1073741824,1,12.3412087,1.071431,3690328,82628608,True,spin-0,resident,12.90017661284459,1,
linux-x64,CORE-VERIFY-002/RUN-20260929-14-56e49e2-linux-x64,S1,blake3,throttled,spin-0,V2-W2,1,0,2,1073741824,1,6.1881005,1.110104,3539272,91684864,True,spin-0,resident,12.648871365792058,1,
linux-x64,CORE-VERIFY-002/RUN-20260929-14-56e49e2-linux-x64,S1,blake3,throttled,spin-0,V2-W4,1,0,3,1073741824,1,3.101013,1.242423,3539584,103292928,True,spin-0,resident,12.562836025467023,1,
linux-x64,CORE-VERIFY-002/RUN-20260929-14-56e49e2-linux-x64,S1,blake3,throttled,spin-0,V2-W8,1,0,4,1073741824,1,1.5772127,1.367218,3537608,132280320,True,spin-0,resident,12.879322085971385,1,
linux-x64,CORE-VERIFY-002/RUN-20260929-14-56e49e2-linux-x64,S1,blake3,throttled,spin-0,V1,1,1,0,1073741824,1,12.3410349,1.097393,3691016,79065088,True,spin-0,resident,12.647220545115898,1,
linux-x64,CORE-VERIFY-002/RUN-20260929-14-56e49e2-linux-x64,S1,blake3,throttled,spin-0,V2-W2,1,1,1,1073741824,1,6.1884757,1.153175,3539352,92348416,True,spin-0,resident,12.944334794043517,1,
linux-x64,CORE-VERIFY-002/RUN-20260929-14-56e49e2-linux-x64,S1,blake3,throttled,spin-0,V2-W4,1,1,2,1073741824,1,3.1025149,1.236334,3539376,103870464,True,spin-0,resident,12.687222599059059,1,
linux-x64,CORE-VERIFY-002/RUN-20260929-14-56e49e2-linux-x64,S1,blake3,throttled,spin-0,V2-W8,1,1,3,1073741824,1,1.5798056,1.355963,3537840,133144576,True,spin-0,resident,12.884760879535149,1,
linux-x64,CORE-VERIFY-002/RUN-20260929-14-56e49e2-linux-x64,S1,blake3,throttled,spin-0,V0,1,1,4,1073741824,1,12.3074021,1.854904,2799464,68108288,True,spin-0,resident,12.587595631480257,1,
linux-x64,CORE-VERIFY-002/RUN-20260929-14-56e49e2-linux-x64,S1,blake3,throttled,spin-0,V2-W2,1,2,0,1073741824,1,6.1881387,1.155625,3539272,91496448,True,spin-0,resident,12.523597290366201,1,
linux-x64,CORE-VERIFY-002/RUN-20260929-14-56e49e2-linux-x64,S1,blake3,throttled,spin-0,V2-W4,1,2,1,1073741824,1,3.1011088,1.338445,3538048,106532864,True,spin-0,resident,11.899123808517247,1,
linux-x64,CORE-VERIFY-002/RUN-20260929-14-56e49e2-linux-x64,S1,blake3,throttled,spin-0,V2-W8,1,2,2,1073741824,1,1.5778099,1.419045,3538152,133095424,True,spin-0,resident,12.643430437402834,1,
linux-x64,CORE-VERIFY-002/RUN-20260929-14-56e49e2-linux-x64,S1,blake3,throttled,spin-0,V0,1,2,3,1073741824,1,12.3073155,1.754313,2799464,68141056,True,spin-0,resident,12.91371906964014,1,
linux-x64,CORE-VERIFY-002/RUN-20260929-14-56e49e2-linux-x64,S1,blake3,throttled,spin-0,V1,1,2,4,1073741824,1,12.3406799,1.094959,3690272,82608128,True,spin-0,resident,13.452065284689176,1,
linux-x64,CORE-VERIFY-002/RUN-20260929-14-56e49e2-linux-x64,S1,blake3,throttled,spin-0,V2-W4,1,3,0,1073741824,1,3.1011396,1.178426,3538440,107712512,True,spin-0,resident,12.82541333783256,1,
linux-x64,CORE-VERIFY-002/RUN-20260929-14-56e49e2-linux-x64,S1,blake3,throttled,spin-0,V2-W8,1,3,1,1073741824,1,1.5774717,1.335984,3539152,137232384,True,spin-0,resident,12.923655223258248,1,
linux-x64,CORE-VERIFY-002/RUN-20260929-14-56e49e2-linux-x64,S1,blake3,throttled,spin-0,V0,1,3,2,1073741824,1,12.3071855,1.877953,2799632,67899392,True,spin-0,resident,12.545539742805083,1,
linux-x64,CORE-VERIFY-002/RUN-20260929-14-56e49e2-linux-x64,S1,blake3,throttled,spin-0,V1,1,3,3,1073741824,1,12.3412894,1.15002,3690040,82575360,True,spin-0,resident,12.258194003618044,1,
linux-x64,CORE-VERIFY-002/RUN-20260929-14-56e49e2-linux-x64,S1,blake3,throttled,spin-0,V2-W2,1,3,4,1073741824,1,6.1878291,1.158686,3539168,95698944,True,spin-0,resident,12.862194284623708,1,
linux-x64,CORE-VERIFY-002/RUN-20260929-14-56e49e2-linux-x64,S1,blake3,throttled,spin-0,V2-W8,1,4,0,1073741824,1,1.578853,1.389013,3538384,137445376,True,spin-0,resident,12.469585651612732,1,
linux-x64,CORE-VERIFY-002/RUN-20260929-14-56e49e2-linux-x64,S1,blake3,throttled,spin-0,V0,1,4,1,1073741824,1,12.3073278,1.766935,2799464,68214784,True,spin-0,resident,12.466290824814564,1,
linux-x64,CORE-VERIFY-002/RUN-20260929-14-56e49e2-linux-x64,S1,blake3,throttled,spin-0,V1,1,4,2,1073741824,1,12.3412615,1.100315,3689256,82694144,True,spin-0,resident,12.579464771990704,1,
linux-x64,CORE-VERIFY-002/RUN-20260929-14-56e49e2-linux-x64,S1,blake3,throttled,spin-0,V2-W2,1,4,3,1073741824,1,6.1878079,1.148588,3539352,91803648,True,spin-0,resident,12.337852682209984,1,
linux-x64,CORE-VERIFY-002/RUN-20260929-14-56e49e2-linux-x64,S1,blake3,throttled,spin-0,V2-W4,1,4,4,1073741824,1,3.1019582,1.240593,3541688,107700224,True,spin-0,resident,12.086493813848552,1,
linux-x64,CORE-VERIFY-002/RUN-20260929-14-56e49e2-linux-x64,S1,blake3,throttled,spin-0,V0,1,5,0,1073741824,1,12.3081517,1.777701,2799464,68419584,True,spin-0,resident,12.470662655203181,1,
linux-x64,CORE-VERIFY-002/RUN-20260929-14-56e49e2-linux-x64,S1,blake3,throttled,spin-0,V1,1,5,1,1073741824,1,12.3409639,1.104903,3689352,82436096,True,spin-0,resident,12.465959030275528,1,
linux-x64,CORE-VERIFY-002/RUN-20260929-14-56e49e2-linux-x64,S1,blake3,throttled,spin-0,V2-W2,1,5,2,1073741824,1,6.1884708,1.174111,3538248,87535616,True,spin-0,resident,12.466548226282901,1,
linux-x64,CORE-VERIFY-002/RUN-20260929-14-56e49e2-linux-x64,S1,blake3,throttled,spin-0,V2-W4,1,5,3,1073741824,1,3.1008151,1.181125,3538856,102592512,True,spin-0,resident,12.233209480539227,1,
linux-x64,CORE-VERIFY-002/RUN-20260929-14-56e49e2-linux-x64,S1,blake3,throttled,spin-0,V2-W8,1,5,4,1073741824,1,1.5774787,1.421581,3537112,137334784,True,spin-0,resident,12.300247084390936,1,
linux-x64,CORE-VERIFY-002/RUN-20260929-14-56e49e2-linux-x64,S1,blake3,throttled,spin-0,V1,1,6,0,1073741824,1,12.3416185,1.12264,3690040,82579456,True,spin-0,resident,12.764216767503244,1,
linux-x64,CORE-VERIFY-002/RUN-20260929-14-56e49e2-linux-x64,S1,blake3,throttled,spin-0,V2-W2,1,6,1,1073741824,1,6.1886501,1.136682,3539272,91574272,True,spin-0,resident,12.331489221934959,1,
linux-x64,CORE-VERIFY-002/RUN-20260929-14-56e49e2-linux-x64,S1,blake3,throttled,spin-0,V2-W4,1,6,2,1073741824,1,3.1023762,1.306361,3538984,107814912,True,spin-0,resident,11.98355360951695,1,
linux-x64,CORE-VERIFY-002/RUN-20260929-14-56e49e2-linux-x64,S1,blake3,throttled,spin-0,V2-W8,1,6,3,1073741824,1,1.5804375,1.423806,3537136,137363456,True,spin-0,resident,12.304095230189002,1,
linux-x64,CORE-VERIFY-002/RUN-20260929-14-56e49e2-linux-x64,S1,blake3,throttled,spin-0,V0,1,6,4,1073741824,1,12.3074576,1.841854,3061800,68468736,True,spin-0,resident,12.10966664120973,1,
linux-x64,CORE-VERIFY-002/RUN-20260929-14-56e49e2-linux-x64,S1,blake3,throttled,spin-0,V2-W2,1,7,0,1073741824,1,6.1885119,1.135881,3539272,87531520,True,spin-0,resident,12.343741884895604,1,
linux-x64,CORE-VERIFY-002/RUN-20260929-14-56e49e2-linux-x64,S1,blake3,throttled,spin-0,V2-W4,1,7,1,1073741824,1,3.1012038,1.218289,3538312,103723008,True,spin-0,resident,12.57954686374835,1,
linux-x64,CORE-VERIFY-002/RUN-20260929-14-56e49e2-linux-x64,S1,blake3,throttled,spin-0,V2-W8,1,7,2,1073741824,1,1.5771395,1.457239,3537448,133050368,True,spin-0,resident,12.667077321338542,1,
linux-x64,CORE-VERIFY-002/RUN-20260929-14-56e49e2-linux-x64,S1,blake3,throttled,spin-0,V0,1,7,3,1073741824,1,12.3072979,1.840616,2801880,69148672,True,spin-0,resident,12.792170837005676,1,
linux-x64,CORE-VERIFY-002/RUN-20260929-14-56e49e2-linux-x64,S1,blake3,throttled,spin-0,V1,1,7,4,1073741824,1,12.3418899,1.108171,3690248,82722816,True,spin-0,resident,13.315419296943439,1,
linux-x64,CORE-VERIFY-002/RUN-20260929-14-56e49e2-linux-x64,S1,blake3,throttled,spin-0,V2-W4,1,8,0,1073741824,1,3.0996856,1.164389,3539752,103682048,True,spin-0,resident,12.62948083205605,1,
linux-x64,CORE-VERIFY-002/RUN-20260929-14-56e49e2-linux-x64,S1,blake3,throttled,spin-0,V2-W8,1,8,1,1073741824,1,1.5794708,1.377077,3540656,137441280,True,spin-0,resident,12.509719250192736,1,
linux-x64,CORE-VERIFY-002/RUN-20260929-14-56e49e2-linux-x64,S1,blake3,throttled,spin-0,V0,1,8,2,1073741824,1,12.3077897,1.814275,2799464,68796416,True,spin-0,resident,12.801605090579198,1,
linux-x64,CORE-VERIFY-002/RUN-20260929-14-56e49e2-linux-x64,S1,blake3,throttled,spin-0,V1,1,8,3,1073741824,1,12.3411411,1.099403,3690176,82481152,True,spin-0,resident,12.792690017162768,1,
linux-x64,CORE-VERIFY-002/RUN-20260929-14-56e49e2-linux-x64,S1,blake3,throttled,spin-0,V2-W2,1,8,4,1073741824,1,6.1882376,1.140614,3539272,95617024,True,spin-0,resident,13.338982554004263,1,
linux-x64,CORE-VERIFY-002/RUN-20260929-14-56e49e2-linux-x64,S1,blake3,throttled,spin-0,V2-W8,1,9,0,1073741824,1,1.5775322,1.424945,3538048,137424896,True,spin-0,resident,12.602378884504146,1,
linux-x64,CORE-VERIFY-002/RUN-20260929-14-56e49e2-linux-x64,S1,blake3,throttled,spin-0,V0,1,9,1,1073741824,1,12.307859,1.825112,2799464,68509696,True,spin-0,resident,13.077899878969859,1,
linux-x64,CORE-VERIFY-002/RUN-20260929-14-56e49e2-linux-x64,S1,blake3,throttled,spin-0,V1,1,9,2,1073741824,1,12.3424066,1.127725,3690008,82509824,True,spin-0,resident,12.856668614839581,1,
linux-x64,CORE-VERIFY-002/RUN-20260929-14-56e49e2-linux-x64,S1,blake3,throttled,spin-0,V2-W2,1,9,3,1073741824,1,6.1889141,1.118692,3539272,95842304,True,spin-0,resident,13.345635451738291,1,
linux-x64,CORE-VERIFY-002/RUN-20260929-14-56e49e2-linux-x64,S1,blake3,throttled,spin-0,V2-W4,1,9,4,1073741824,1,3.1003682,1.178381,3539064,106860544,True,spin-0,resident,12.592559363861085,1,
linux-x64,CORE-VERIFY-002/RUN-20260929-14-56e49e2-linux-x64,S1,sha256,warm,spin-0,V0,1,0,0,1073741824,1,1.4258031,1.622364,187576,66408448,True,spin-0,resident,12.117470608887228,1,
linux-x64,CORE-VERIFY-002/RUN-20260929-14-56e49e2-linux-x64,S1,sha256,warm,spin-0,V1,1,0,1,1073741824,1,0.7968832,0.824037,2310848,80580608,True,spin-0,resident,11.936118866571661,1,
linux-x64,CORE-VERIFY-002/RUN-20260929-14-56e49e2-linux-x64,S1,sha256,warm,spin-0,V1,1,1,0,1073741824,1,0.7917734,0.812557,2310600,80461824,True,spin-0,resident,12.33522868512929,1,
linux-x64,CORE-VERIFY-002/RUN-20260929-14-56e49e2-linux-x64,S1,sha256,warm,spin-0,V0,1,1,1,1073741824,1,1.373989,1.572037,187576,65966080,True,spin-0,resident,12.772676790584024,1,
linux-x64,CORE-VERIFY-002/RUN-20260929-14-56e49e2-linux-x64,S1,sha256,warm,spin-0,V0,1,2,0,1073741824,1,1.3668153,1.558084,187576,65777664,True,spin-0,resident,12.564903527492893,1,
linux-x64,CORE-VERIFY-002/RUN-20260929-14-56e49e2-linux-x64,S1,sha256,warm,spin-0,V1,1,2,1,1073741824,1,0.814595,0.843416,2335256,80285696,True,spin-0,resident,10.904646033969419,1,
linux-x64,CORE-VERIFY-002/RUN-20260929-14-56e49e2-linux-x64,S1,sha256,warm,spin-0,V1,1,3,0,1073741824,1,0.7928492,0.81634,2310784,80523264,True,spin-0,resident,12.403313150830067,1,
linux-x64,CORE-VERIFY-002/RUN-20260929-14-56e49e2-linux-x64,S1,sha256,warm,spin-0,V0,1,3,1,1073741824,1,1.3724834,1.572617,187760,66035712,True,spin-0,resident,12.646079374717905,1,
linux-x64,CORE-VERIFY-002/RUN-20260929-14-56e49e2-linux-x64,S1,sha256,warm,spin-0,V0,1,4,0,1073741824,1,1.396562,1.593721,187576,66179072,True,spin-0,resident,12.562534675748845,1,
linux-x64,CORE-VERIFY-002/RUN-20260929-14-56e49e2-linux-x64,S1,sha256,warm,spin-0,V1,1,4,1,1073741824,1,0.7899147,0.81548,2310600,80478208,True,spin-0,resident,12.317631661451477,1,
linux-x64,CORE-VERIFY-002/RUN-20260929-14-56e49e2-linux-x64,S1,sha256,warm,spin-0,V1,1,5,0,1073741824,1,0.7905718,0.81518,2310600,80592896,True,spin-0,resident,12.454606292981545,1,
linux-x64,CORE-VERIFY-002/RUN-20260929-14-56e49e2-linux-x64,S1,sha256,warm,spin-0,V0,1,5,1,1073741824,1,1.3291312,1.509754,188216,66068480,True,spin-0,resident,12.805615652325312,1,
linux-x64,CORE-VERIFY-002/RUN-20260929-14-56e49e2-linux-x64,S1,sha256,warm,spin-0,V0,1,6,0,1073741824,1,1.4150271,1.607929,187760,66158592,True,spin-0,resident,12.185095670760175,1,
linux-x64,CORE-VERIFY-002/RUN-20260929-14-56e49e2-linux-x64,S1,sha256,warm,spin-0,V1,1,6,1,1073741824,1,0.7943701,0.819518,2310600,80191488,True,spin-0,resident,12.57473716238236,1,
linux-x64,CORE-VERIFY-002/RUN-20260929-14-56e49e2-linux-x64,S1,sha256,warm,spin-0,V1,1,7,0,1073741824,1,0.7935796,0.820421,2311088,80605184,True,spin-0,resident,12.73888155773582,1,
linux-x64,CORE-VERIFY-002/RUN-20260929-14-56e49e2-linux-x64,S1,sha256,warm,spin-0,V0,1,7,1,1073741824,1,1.4135568,1.625926,187760,66109440,True,spin-0,resident,12.461052165131884,1,
linux-x64,CORE-VERIFY-002/RUN-20260929-14-56e49e2-linux-x64,S1,sha256,warm,spin-0,V0,1,8,0,1073741824,1,1.3821581,1.58509,187576,65892352,True,spin-0,resident,12.914237446065137,1,
linux-x64,CORE-VERIFY-002/RUN-20260929-14-56e49e2-linux-x64,S1,sha256,warm,spin-0,V1,1,8,1,1073741824,1,0.7927214,0.820469,2310936,80384000,True,spin-0,resident,12.83072650112112,1,
linux-x64,CORE-VERIFY-002/RUN-20260929-14-56e49e2-linux-x64,S1,sha256,warm,spin-0,V1,1,9,0,1073741824,1,0.7901534,0.813968,2310600,80662528,True,spin-0,resident,12.446923620004378,1,
linux-x64,CORE-VERIFY-002/RUN-20260929-14-56e49e2-linux-x64,S1,sha256,warm,spin-0,V0,1,9,1,1073741824,1,1.3746369,1.54444,187792,65904640,True,spin-0,resident,12.885676899560508,1,
linux-x64,CORE-VERIFY-002/RUN-20260929-14-56e49e2-linux-x64,S1,blake3,warm,default,V0,1,0,0,1073741824,1,1.3014937,2.366343,187776,66461696,True,default,resident,12.507965214035002,1,
linux-x64,CORE-VERIFY-002/RUN-20260929-14-56e49e2-linux-x64,S1,blake3,warm,default,V1,1,0,1,1073741824,1,0.7759043,0.811773,2311696,82784256,True,default,resident,12.713684300047737,1,
linux-x64,CORE-VERIFY-002/RUN-20260929-14-56e49e2-linux-x64,S1,blake3,warm,default,V1,1,1,0,1073741824,1,0.7798994,0.813166,2312872,81371136,True,default,resident,12.979258869494611,1,
linux-x64,CORE-VERIFY-002/RUN-20260929-14-56e49e2-linux-x64,S1,blake3,warm,default,V0,1,1,1,1073741824,1,1.389921,2.410375,187376,67289088,True,default,resident,12.700119232055043,1,
linux-x64,CORE-VERIFY-002/RUN-20260929-14-56e49e2-linux-x64,S1,blake3,warm,default,V0,1,2,0,1073741824,1,1.3712828,2.37947,187408,66211840,True,default,resident,12.642736371262702,1,
linux-x64,CORE-VERIFY-002/RUN-20260929-14-56e49e2-linux-x64,S1,blake3,warm,default,V1,1,2,1,1073741824,1,0.7793522,0.812032,2310320,81358848,True,default,resident,12.701829045849017,1,
linux-x64,CORE-VERIFY-002/RUN-20260929-14-56e49e2-linux-x64,S1,blake3,warm,default,V1,1,3,0,1073741824,1,0.7798746,0.81619,2310504,77287424,True,default,resident,12.73918266712319,1,
linux-x64,CORE-VERIFY-002/RUN-20260929-14-56e49e2-linux-x64,S1,blake3,warm,default,V0,1,3,1,1073741824,1,1.2609988,2.29291,187376,66633728,True,default,resident,12.524864748081647,1,
linux-x64,CORE-VERIFY-002/RUN-20260929-14-56e49e2-linux-x64,S1,blake3,warm,default,V0,1,4,0,1073741824,1,1.3253394,2.339953,188384,66170880,True,default,resident,12.064980245144064,1,
linux-x64,CORE-VERIFY-002/RUN-20260929-14-56e49e2-linux-x64,S1,blake3,warm,default,V1,1,4,1,1073741824,1,0.7784393,0.812283,2310472,81272832,True,default,resident,12.921650847782141,1,
linux-x64,CORE-VERIFY-002/RUN-20260929-14-56e49e2-linux-x64,S1,blake3,warm,default,V1,1,5,0,1073741824,1,0.7869154,0.822893,2310352,81195008,True,default,resident,12.212780677131688,1,
linux-x64,CORE-VERIFY-002/RUN-20260929-14-56e49e2-linux-x64,S1,blake3,warm,default,V0,1,5,1,1073741824,1,1.38282,2.404212,188800,65986560,True,default,resident,12.622298034873506,1,
linux-x64,CORE-VERIFY-002/RUN-20260929-14-56e49e2-linux-x64,S1,blake3,warm,default,V0,1,6,0,1073741824,1,1.2773893,2.270855,187408,66404352,True,default,resident,12.328584020700035,1,
linux-x64,CORE-VERIFY-002/RUN-20260929-14-56e49e2-linux-x64,S1,blake3,warm,default,V1,1,6,1,1073741824,1,0.7874732,0.82266,2312032,81379328,True,default,resident,12.947817987735244,1,
linux-x64,CORE-VERIFY-002/RUN-20260929-14-56e49e2-linux-x64,S1,blake3,warm,default,V1,1,7,0,1073741824,1,0.7760478,0.811198,2314128,81100800,True,default,resident,12.848745926472732,1,
linux-x64,CORE-VERIFY-002/RUN-20260929-14-56e49e2-linux-x64,S1,blake3,warm,default,V0,1,7,1,1073741824,1,1.387642,2.410832,187560,66093056,True,default,resident,12.996702778012887,1,
linux-x64,CORE-VERIFY-002/RUN-20260929-14-56e49e2-linux-x64,S1,blake3,warm,default,V0,1,8,0,1073741824,1,1.2724356,2.285546,187376,66314240,True,default,resident,12.568723165453827,1,
linux-x64,CORE-VERIFY-002/RUN-20260929-14-56e49e2-linux-x64,S1,blake3,warm,default,V1,1,8,1,1073741824,1,0.7894209,0.827066,2310504,76906496,True,default,resident,12.746876900981276,1,
linux-x64,CORE-VERIFY-002/RUN-20260929-14-56e49e2-linux-x64,S1,blake3,warm,default,V1,1,9,0,1073741824,1,0.7850659,0.822967,2311424,81383424,True,default,resident,12.718677009643699,1,
linux-x64,CORE-VERIFY-002/RUN-20260929-14-56e49e2-linux-x64,S1,blake3,warm,default,V0,1,9,1,1073741824,1,1.411973,2.442786,187376,65982464,True,default,resident,12.46459429158263,1,
linux-x64,CORE-VERIFY-002/RUN-20260929-14-56e49e2-linux-x64,SL,blake3,warm,spin-0,V0,1,0,0,6442450944,1,8.1404248,9.140761,205552,70070272,True,spin-0,resident,14.778015129145755,1,
linux-x64,CORE-VERIFY-002/RUN-20260929-14-56e49e2-linux-x64,SL,blake3,warm,spin-0,V1,1,0,1,6442450944,1,4.5470619,4.60355,12126760,96628736,True,spin-0,resident,15.251831089592695,1,
linux-x64,CORE-VERIFY-002/RUN-20260929-14-56e49e2-linux-x64,SL,blake3,warm,spin-0,V2-W2,1,0,2,6442450944,1,2.3407021,4.809572,11841344,101511168,True,spin-0,resident,15.996026333056038,1,
linux-x64,CORE-VERIFY-002/RUN-20260929-14-56e49e2-linux-x64,SL,blake3,warm,spin-0,V2-W4,1,0,3,6442450944,1,1.7977147,7.098696,11818648,121970688,True,spin-0,resident,14.973215122663312,1,
linux-x64,CORE-VERIFY-002/RUN-20260929-14-56e49e2-linux-x64,SL,blake3,warm,spin-0,V2-W8,1,0,4,6442450944,1,2.037621,8.055594,11787448,143323136,True,spin-0,resident,15.56478352788519,1,
linux-x64,CORE-VERIFY-002/RUN-20260929-14-56e49e2-linux-x64,SL,blake3,warm,spin-0,V1,1,1,0,6442450944,1,4.4436737,4.498265,12128320,91906048,True,spin-0,resident,16.476076307380602,1,
linux-x64,CORE-VERIFY-002/RUN-20260929-14-56e49e2-linux-x64,SL,blake3,warm,spin-0,V2-W2,1,1,1,6442450944,1,2.3591015,4.847647,11833328,101208064,True,spin-0,resident,15.672170015987259,1,
linux-x64,CORE-VERIFY-002/RUN-20260929-14-56e49e2-linux-x64,SL,blake3,warm,spin-0,V2-W4,1,1,2,6442450944,1,1.9632639,7.756539,11813224,117559296,True,spin-0,resident,15.036387666197031,1,
linux-x64,CORE-VERIFY-002/RUN-20260929-14-56e49e2-linux-x64,SL,blake3,warm,spin-0,V2-W8,1,1,3,6442450944,1,1.8701331,7.364158,11785208,147238912,True,spin-0,resident,15.631606489636857,1,
linux-x64,CORE-VERIFY-002/RUN-20260929-14-56e49e2-linux-x64,SL,blake3,warm,spin-0,V0,1,1,4,6442450944,1,8.8278053,9.848049,230176,66818048,True,spin-0,resident,15.29711073444225,1,
linux-x64,CORE-VERIFY-002/RUN-20260929-14-56e49e2-linux-x64,SL,blake3,warm,spin-0,V2-W2,1,2,0,6442450944,1,2.3315269,4.794037,11843160,105623552,True,spin-0,resident,15.770369299841418,1,
linux-x64,CORE-VERIFY-002/RUN-20260929-14-56e49e2-linux-x64,SL,blake3,warm,spin-0,V2-W4,1,2,1,6442450944,1,1.961776,7.754248,11824064,117886976,True,spin-0,resident,15.100932985884231,1,
linux-x64,CORE-VERIFY-002/RUN-20260929-14-56e49e2-linux-x64,SL,blake3,warm,spin-0,V2-W8,1,2,2,6442450944,1,1.8670504,7.361489,11786776,147087360,True,spin-0,resident,15.408387407620728,1,
linux-x64,CORE-VERIFY-002/RUN-20260929-14-56e49e2-linux-x64,SL,blake3,warm,spin-0,V0,1,2,3,6442450944,1,7.7769773,8.754661,207800,67137536,True,spin-0,resident,15.144366015912532,1,
linux-x64,CORE-VERIFY-002/RUN-20260929-14-56e49e2-linux-x64,SL,blake3,warm,spin-0,V1,1,2,4,6442450944,1,4.5432124,4.597261,12127552,91860992,True,spin-0,resident,15.961349170048345,1,
linux-x64,CORE-VERIFY-002/RUN-20260929-14-56e49e2-linux-x64,SL,blake3,warm,spin-0,V2-W4,1,3,0,6442450944,1,1.7719028,7.00392,11814280,113668096,True,spin-0,resident,15.74409709451534,1,
linux-x64,CORE-VERIFY-002/RUN-20260929-14-56e49e2-linux-x64,SL,blake3,warm,spin-0,V2-W8,1,3,1,6442450944,1,1.8788662,7.390327,11789552,147611648,True,spin-0,resident,15.452614299582335,1,
linux-x64,CORE-VERIFY-002/RUN-20260929-14-56e49e2-linux-x64,SL,blake3,warm,spin-0,V0,1,3,2,6442450944,1,8.1605841,9.183977,205368,67747840,True,spin-0,resident,15.851064006816964,1,
linux-x64,CORE-VERIFY-002/RUN-20260929-14-56e49e2-linux-x64,SL,blake3,warm,spin-0,V1,1,3,3,6442450944,1,4.524686,4.577398,12127008,91770880,True,spin-0,resident,15.854632082002363,1,
linux-x64,CORE-VERIFY-002/RUN-20260929-14-56e49e2-linux-x64,SL,blake3,warm,spin-0,V2-W2,1,3,4,6442450944,1,2.3277541,4.789725,11839024,97337344,True,spin-0,resident,15.345329714194547,1,
linux-x64,CORE-VERIFY-002/RUN-20260929-14-56e49e2-linux-x64,SL,blake3,warm,spin-0,V2-W8,1,4,0,6442450944,1,1.891429,7.428003,11781816,141762560,True,spin-0,resident,15.439878665461988,1,
linux-x64,CORE-VERIFY-002/RUN-20260929-14-56e49e2-linux-x64,SL,blake3,warm,spin-0,V0,1,4,1,6442450944,1,7.8189826,8.835764,205368,67256320,True,spin-0,resident,14.949811597724167,1,
linux-x64,CORE-VERIFY-002/RUN-20260929-14-56e49e2-linux-x64,SL,blake3,warm,spin-0,V1,1,4,2,6442450944,1,4.5144137,4.568187,12127800,91815936,True,spin-0,resident,15.684175933489929,1,
linux-x64,CORE-VERIFY-002/RUN-20260929-14-56e49e2-linux-x64,SL,blake3,warm,spin-0,V2-W2,1,4,3,6442450944,1,2.2925749,4.715715,11839192,101564416,True,spin-0,resident,15.276163796565477,1,
linux-x64,CORE-VERIFY-002/RUN-20260929-14-56e49e2-linux-x64,SL,blake3,warm,spin-0,V2-W4,1,4,4,6442450944,1,1.7591995,6.954068,11827176,120713216,True,spin-0,resident,15.0644934280105,1,
linux-x64,CORE-VERIFY-002/RUN-20260929-14-56e49e2-linux-x64,SL,blake3,cold,spin-0,V0,1,0,0,6442450944,1,15.3642716,10.219648,205552,64192512,True,spin-0,n/a,,,
linux-x64,CORE-VERIFY-002/RUN-20260929-14-56e49e2-linux-x64,SL,blake3,cold,spin-0,V1,1,0,1,6442450944,1,15.3626023,5.078362,12128824,88870912,True,spin-0,n/a,,,
linux-x64,CORE-VERIFY-002/RUN-20260929-14-56e49e2-linux-x64,SL,blake3,cold,spin-0,V2-W2,1,0,2,6442450944,1,15.3466902,5.644763,11844824,94433280,True,spin-0,n/a,,,
linux-x64,CORE-VERIFY-002/RUN-20260929-14-56e49e2-linux-x64,SL,blake3,cold,spin-0,V2-W4,1,0,3,6442450944,1,15.3706983,8.014261,11849560,115015680,True,spin-0,n/a,,,
linux-x64,CORE-VERIFY-002/RUN-20260929-14-56e49e2-linux-x64,SL,blake3,cold,spin-0,V2-W8,1,0,4,6442450944,1,15.3710533,9.150789,11815024,144568320,True,spin-0,n/a,,,
linux-x64,CORE-VERIFY-002/RUN-20260929-14-56e49e2-linux-x64,SL,blake3,cold,spin-0,V1,1,1,0,6442450944,1,15.3394117,5.056424,12128216,88489984,True,spin-0,n/a,,,
linux-x64,CORE-VERIFY-002/RUN-20260929-14-56e49e2-linux-x64,SL,blake3,cold,spin-0,V2-W2,1,1,1,6442450944,1,15.3537753,5.655397,11845032,98230272,True,spin-0,n/a,,,
linux-x64,CORE-VERIFY-002/RUN-20260929-14-56e49e2-linux-x64,SL,blake3,cold,spin-0,V2-W4,1,1,2,6442450944,1,15.3371275,8.092496,11823040,106516480,True,spin-0,n/a,,,
linux-x64,CORE-VERIFY-002/RUN-20260929-14-56e49e2-linux-x64,SL,blake3,cold,spin-0,V2-W8,1,1,3,6442450944,1,15.3668561,9.254799,11810384,144367616,True,spin-0,n/a,,,
linux-x64,CORE-VERIFY-002/RUN-20260929-14-56e49e2-linux-x64,SL,blake3,cold,spin-0,V0,1,1,4,6442450944,1,15.3836713,10.085163,205184,64868352,True,spin-0,n/a,,,
linux-x64,CORE-VERIFY-002/RUN-20260929-14-56e49e2-linux-x64,SL,blake3,cold,spin-0,V2-W2,1,2,0,6442450944,1,15.3402344,5.741254,11842680,107339776,True,spin-0,n/a,,,
linux-x64,CORE-VERIFY-002/RUN-20260929-14-56e49e2-linux-x64,SL,blake3,cold,spin-0,V2-W4,1,2,1,6442450944,1,15.3677565,8.784456,11821296,111316992,True,spin-0,n/a,,,
linux-x64,CORE-VERIFY-002/RUN-20260929-14-56e49e2-linux-x64,SL,blake3,cold,spin-0,V2-W8,1,2,2,6442450944,1,15.3533769,9.346588,11804328,140328960,True,spin-0,n/a,,,
linux-x64,CORE-VERIFY-002/RUN-20260929-14-56e49e2-linux-x64,SL,blake3,cold,spin-0,V0,1,2,3,6442450944,1,15.3654305,10.113922,205368,64155648,True,spin-0,n/a,,,
linux-x64,CORE-VERIFY-002/RUN-20260929-14-56e49e2-linux-x64,SL,blake3,cold,spin-0,V1,1,2,4,6442450944,1,15.357972,5.004988,12126984,88645632,True,spin-0,n/a,,,
linux-x64,CORE-VERIFY-002/RUN-20260929-14-56e49e2-linux-x64,SL,blake3,cold,spin-0,V2-W4,1,3,0,6442450944,1,15.3510433,9.014519,11820800,111583232,True,spin-0,n/a,,,
linux-x64,CORE-VERIFY-002/RUN-20260929-14-56e49e2-linux-x64,SL,blake3,cold,spin-0,V2-W8,1,3,1,6442450944,1,15.3329881,9.127916,11806016,140460032,True,spin-0,n/a,,,
linux-x64,CORE-VERIFY-002/RUN-20260929-14-56e49e2-linux-x64,SL,blake3,cold,spin-0,V0,1,3,2,6442450944,1,15.3723274,10.103964,205768,63610880,True,spin-0,n/a,,,
linux-x64,CORE-VERIFY-002/RUN-20260929-14-56e49e2-linux-x64,SL,blake3,cold,spin-0,V1,1,3,3,6442450944,1,15.3577257,5.071418,12126984,88813568,True,spin-0,n/a,,,
linux-x64,CORE-VERIFY-002/RUN-20260929-14-56e49e2-linux-x64,SL,blake3,cold,spin-0,V2-W2,1,3,4,6442450944,1,15.3518106,5.658468,11842760,93908992,True,spin-0,n/a,,,
linux-x64,CORE-VERIFY-002/RUN-20260929-14-56e49e2-linux-x64,SL,blake3,cold,spin-0,V2-W8,1,4,0,6442450944,1,15.3462985,9.16065,11806944,144752640,True,spin-0,n/a,,,
linux-x64,CORE-VERIFY-002/RUN-20260929-14-56e49e2-linux-x64,SL,blake3,cold,spin-0,V0,1,4,1,6442450944,1,15.364492,10.114712,205920,64315392,True,spin-0,n/a,,,
linux-x64,CORE-VERIFY-002/RUN-20260929-14-56e49e2-linux-x64,SL,blake3,cold,spin-0,V1,1,4,2,6442450944,1,15.3688686,5.106262,12127096,88473600,True,spin-0,n/a,,,
linux-x64,CORE-VERIFY-002/RUN-20260929-14-56e49e2-linux-x64,SL,blake3,cold,spin-0,V2-W2,1,4,3,6442450944,1,15.3601572,5.717598,11842760,98471936,True,spin-0,n/a,,,
linux-x64,CORE-VERIFY-002/RUN-20260929-14-56e49e2-linux-x64,SL,blake3,cold,spin-0,V2-W4,1,4,4,6442450944,1,15.3567594,8.709758,11825608,110866432,True,spin-0,n/a,,,
linux-x64,CORE-VERIFY-002/RUN-20260929-14-56e49e2-linux-x64,SL,blake3,warm,default,V0,1,0,0,6442450944,1,7.6187541,13.517497,205368,66977792,True,default,resident,12.877362404307597,1,
linux-x64,CORE-VERIFY-002/RUN-20260929-14-56e49e2-linux-x64,SL,blake3,warm,default,V1,1,0,1,6442450944,1,4.5527889,4.732299,12127976,91500544,True,default,resident,13.5549062183416,1,
linux-x64,CORE-VERIFY-002/RUN-20260929-14-56e49e2-linux-x64,SL,blake3,warm,default,V1,1,1,0,6442450944,1,4.548821,4.719512,12130352,91742208,True,default,resident,13.409592878293939,1,
linux-x64,CORE-VERIFY-002/RUN-20260929-14-56e49e2-linux-x64,SL,blake3,warm,default,V0,1,1,1,6442450944,1,7.5104051,13.39297,206776,66813952,True,default,resident,13.349167098724259,1,
linux-x64,CORE-VERIFY-002/RUN-20260929-14-56e49e2-linux-x64,SL,blake3,warm,default,V0,1,2,0,6442450944,1,7.4907382,13.301972,205400,67178496,True,default,resident,13.339239533609085,1,
linux-x64,CORE-VERIFY-002/RUN-20260929-14-56e49e2-linux-x64,SL,blake3,warm,default,V1,1,2,1,6442450944,1,4.5435871,4.726264,12128200,87220224,True,default,resident,13.936034730572526,1,
linux-x64,CORE-VERIFY-002/RUN-20260929-14-56e49e2-linux-x64,SL,blake3,warm,default,V1,1,3,0,6442450944,1,4.5726441,4.759834,12129560,91791360,True,default,resident,13.967957921046455,1,
linux-x64,CORE-VERIFY-002/RUN-20260929-14-56e49e2-linux-x64,SL,blake3,warm,default,V0,1,3,1,6442450944,1,8.2354604,14.108411,230384,66879488,True,default,resident,13.149200311030325,1,
linux-x64,CORE-VERIFY-002/RUN-20260929-14-56e49e2-linux-x64,SL,blake3,warm,default,V0,1,4,0,6442450944,1,7.8399897,13.791862,492376,66744320,True,default,resident,13.238317768847901,1,
linux-x64,CORE-VERIFY-002/RUN-20260929-14-56e49e2-linux-x64,SL,blake3,warm,default,V1,1,4,1,6442450944,1,8.1651602,8.367244,12126912,87179264,True,default,resident,13.7673867078594,1,
win-x64,CORE-VERIFY-002/RUN-20260929-14-56e49e2-win-x64,S1,blake3,warm,spin-0,V0,1,0,0,1073741824,1,1.7683005,1.8125,187528,45838336,True,spin-0,resident,7.517453495573754,,
win-x64,CORE-VERIFY-002/RUN-20260929-14-56e49e2-win-x64,S1,blake3,warm,spin-0,V1,1,0,1,1073741824,1,1.018,1.015625,2309944,61448192,True,spin-0,resident,6.804405522957211,,
win-x64,CORE-VERIFY-002/RUN-20260929-14-56e49e2-win-x64,S1,blake3,warm,spin-0,V2-W2,1,0,2,1073741824,1,0.5661581,1.0625,2285176,66146304,True,spin-0,resident,7.481788319126981,,
win-x64,CORE-VERIFY-002/RUN-20260929-14-56e49e2-win-x64,S1,blake3,warm,spin-0,V2-W4,1,0,3,1073741824,1,0.6357525,1.671875,2247368,81772544,True,spin-0,resident,7.859122642168127,,
win-x64,CORE-VERIFY-002/RUN-20260929-14-56e49e2-win-x64,S1,blake3,warm,spin-0,V2-W8,1,0,4,1073741824,1,0.4930564,1.25,2248624,111394816,True,spin-0,resident,7.508274324357389,,
win-x64,CORE-VERIFY-002/RUN-20260929-14-56e49e2-win-x64,S1,blake3,warm,spin-0,V1,1,1,0,1073741824,1,0.8615498,0.859375,2310072,61558784,True,spin-0,resident,7.766092639559562,,
win-x64,CORE-VERIFY-002/RUN-20260929-14-56e49e2-win-x64,S1,blake3,warm,spin-0,V2-W2,1,1,1,1073741824,1,0.6013197,1.203125,2262720,66060288,True,spin-0,resident,7.706913020132897,,
win-x64,CORE-VERIFY-002/RUN-20260929-14-56e49e2-win-x64,S1,blake3,warm,spin-0,V2-W4,1,1,2,1073741824,1,0.459356,1.25,2250848,81928192,True,spin-0,resident,6.9078664085079815,,
win-x64,CORE-VERIFY-002/RUN-20260929-14-56e49e2-win-x64,S1,blake3,warm,spin-0,V2-W8,1,1,3,1073741824,1,0.3603024,1.3125,2250056,115478528,True,spin-0,resident,7.698817548182123,,
win-x64,CORE-VERIFY-002/RUN-20260929-14-56e49e2-win-x64,S1,blake3,warm,spin-0,V0,1,1,4,1073741824,1,1.5484992,1.5625,187392,46325760,True,spin-0,resident,8.028390270091776,,
win-x64,CORE-VERIFY-002/RUN-20260929-14-56e49e2-win-x64,S1,blake3,warm,spin-0,V2-W2,1,2,0,1073741824,1,0.4438756,0.90625,2263840,70373376,True,spin-0,resident,8.024410709369906,,
win-x64,CORE-VERIFY-002/RUN-20260929-14-56e49e2-win-x64,S1,blake3,warm,spin-0,V2-W4,1,2,1,1073741824,1,0.3241532,1.25,2252392,90275840,True,spin-0,resident,7.362939837765597,,
win-x64,CORE-VERIFY-002/RUN-20260929-14-56e49e2-win-x64,S1,blake3,warm,spin-0,V2-W8,1,2,2,1073741824,1,0.3721188,1.359375,2277176,115605504,True,spin-0,resident,7.987247075809581,,
win-x64,CORE-VERIFY-002/RUN-20260929-14-56e49e2-win-x64,S1,blake3,warm,spin-0,V0,1,2,3,1073741824,1,1.8891499,1.953125,187528,46034944,True,spin-0,resident,8.028164784999444,,
win-x64,CORE-VERIFY-002/RUN-20260929-14-56e49e2-win-x64,S1,blake3,warm,spin-0,V1,1,2,4,1073741824,1,0.9012806,0.875,2309440,61747200,True,spin-0,resident,8.030484665272583,,
win-x64,CORE-VERIFY-002/RUN-20260929-14-56e49e2-win-x64,S1,blake3,warm,spin-0,V2-W4,1,3,0,1073741824,1,0.3675828,1.328125,2250888,81956864,True,spin-0,resident,7.522161788314525,,
win-x64,CORE-VERIFY-002/RUN-20260929-14-56e49e2-win-x64,S1,blake3,warm,spin-0,V2-W8,1,3,1,1073741824,1,0.430839,1.3125,2253648,119918592,True,spin-0,resident,7.818549014978225,,
win-x64,CORE-VERIFY-002/RUN-20260929-14-56e49e2-win-x64,S1,blake3,warm,spin-0,V0,1,3,2,1073741824,1,1.5755644,1.65625,187528,45641728,True,spin-0,resident,7.822669478526164,,
win-x64,CORE-VERIFY-002/RUN-20260929-14-56e49e2-win-x64,S1,blake3,warm,spin-0,V1,1,3,3,1073741824,1,0.874165,0.875,2309240,64065536,True,spin-0,resident,7.727032415631179,,
win-x64,CORE-VERIFY-002/RUN-20260929-14-56e49e2-win-x64,S1,blake3,warm,spin-0,V2-W2,1,3,4,1073741824,1,0.564928,1.15625,6458040,70418432,True,spin-0,resident,7.597993072815263,,
win-x64,CORE-VERIFY-002/RUN-20260929-14-56e49e2-win-x64,S1,blake3,warm,spin-0,V2-W8,1,4,0,1073741824,1,0.4378956,1.3125,2251024,115843072,True,spin-0,resident,7.9074877352859465,,
win-x64,CORE-VERIFY-002/RUN-20260929-14-56e49e2-win-x64,S1,blake3,warm,spin-0,V0,1,4,1,1073741824,1,1.7074733,1.734375,187560,45993984,True,spin-0,resident,7.891302105781095,,
win-x64,CORE-VERIFY-002/RUN-20260929-14-56e49e2-win-x64,S1,blake3,warm,spin-0,V1,1,4,2,1073741824,1,0.8549043,0.875,2309392,61353984,True,spin-0,resident,7.8122117399059965,,
win-x64,CORE-VERIFY-002/RUN-20260929-14-56e49e2-win-x64,S1,blake3,warm,spin-0,V2-W2,1,4,3,1073741824,1,0.486872,0.984375,2263048,66453504,True,spin-0,resident,8.066907723566244,,
win-x64,CORE-VERIFY-002/RUN-20260929-14-56e49e2-win-x64,S1,blake3,warm,spin-0,V2-W4,1,4,4,1073741824,1,0.3803421,1.265625,2274440,86126592,True,spin-0,resident,8.081543514347509,,
win-x64,CORE-VERIFY-002/RUN-20260929-14-56e49e2-win-x64,S1,blake3,warm,spin-0,V0,1,5,0,1073741824,1,1.6120015,1.625,189592,45752320,True,spin-0,resident,7.71985359138627,,
win-x64,CORE-VERIFY-002/RUN-20260929-14-56e49e2-win-x64,S1,blake3,warm,spin-0,V1,1,5,1,1073741824,1,1.1553448,1.15625,2309424,61501440,True,spin-0,resident,7.735988851861911,,
win-x64,CORE-VERIFY-002/RUN-20260929-14-56e49e2-win-x64,S1,blake3,warm,spin-0,V2-W2,1,5,2,1073741824,1,0.4756889,0.921875,6457960,70266880,True,spin-0,resident,7.534227864419083,,
win-x64,CORE-VERIFY-002/RUN-20260929-14-56e49e2-win-x64,S1,blake3,warm,spin-0,V2-W4,1,5,3,1073741824,1,0.4672502,1.734375,2250936,82182144,True,spin-0,resident,7.4582397230819835,,
win-x64,CORE-VERIFY-002/RUN-20260929-14-56e49e2-win-x64,S1,blake3,warm,spin-0,V2-W8,1,5,4,1073741824,1,0.3904019,1.40625,6446128,120025088,True,spin-0,resident,7.274014357390715,,
win-x64,CORE-VERIFY-002/RUN-20260929-14-56e49e2-win-x64,S1,blake3,warm,spin-0,V1,1,6,0,1073741824,1,0.8482869,0.875,2309848,61673472,True,spin-0,resident,7.873918194267761,,
win-x64,CORE-VERIFY-002/RUN-20260929-14-56e49e2-win-x64,S1,blake3,warm,spin-0,V2-W2,1,6,1,1073741824,1,0.4722365,0.921875,2263192,70549504,True,spin-0,resident,7.826867765573089,,
win-x64,CORE-VERIFY-002/RUN-20260929-14-56e49e2-win-x64,S1,blake3,warm,spin-0,V2-W4,1,6,2,1073741824,1,0.365966,1.234375,6446304,86024192,True,spin-0,resident,7.742232974369927,,
win-x64,CORE-VERIFY-002/RUN-20260929-14-56e49e2-win-x64,S1,blake3,warm,spin-0,V2-W8,1,6,3,1073741824,1,0.3450697,1.296875,2251016,124280832,True,spin-0,resident,7.771419467354411,,
win-x64,CORE-VERIFY-002/RUN-20260929-14-56e49e2-win-x64,S1,blake3,warm,spin-0,V0,1,6,4,1073741824,1,1.6093398,1.65625,211968,45723648,True,spin-0,resident,6.732306504649194,,
win-x64,CORE-VERIFY-002/RUN-20260929-14-56e49e2-win-x64,S1,blake3,warm,spin-0,V2-W2,1,7,0,1073741824,1,0.4815493,0.984375,2263840,66256896,True,spin-0,resident,7.9067190563471526,,
win-x64,CORE-VERIFY-002/RUN-20260929-14-56e49e2-win-x64,S1,blake3,warm,spin-0,V2-W4,1,7,1,1073741824,1,0.3508898,1.25,2249864,86147072,True,spin-0,resident,8.062753437851095,,
win-x64,CORE-VERIFY-002/RUN-20260929-14-56e49e2-win-x64,S1,blake3,warm,spin-0,V2-W8,1,7,2,1073741824,1,0.3471357,1.296875,2249720,111546368,True,spin-0,resident,7.882013693407447,,
win-x64,CORE-VERIFY-002/RUN-20260929-14-56e49e2-win-x64,S1,blake3,warm,spin-0,V0,1,7,3,1073741824,1,1.6115815,1.703125,187744,45826048,True,spin-0,resident,7.903183808574341,,
win-x64,CORE-VERIFY-002/RUN-20260929-14-56e49e2-win-x64,S1,blake3,warm,spin-0,V1,1,7,4,1073741824,1,0.9983024,1,2309088,61804544,True,spin-0,resident,7.931089331988214,,
win-x64,CORE-VERIFY-002/RUN-20260929-14-56e49e2-win-x64,S1,blake3,warm,spin-0,V2-W4,1,8,0,1073741824,1,0.3414403,1.296875,2248248,81829888,True,spin-0,resident,7.81708283543823,,
win-x64,CORE-VERIFY-002/RUN-20260929-14-56e49e2-win-x64,S1,blake3,warm,spin-0,V2-W8,1,8,1,1073741824,1,0.3731412,1.328125,2252072,115748864,True,spin-0,resident,7.855580473182011,,
win-x64,CORE-VERIFY-002/RUN-20260929-14-56e49e2-win-x64,S1,blake3,warm,spin-0,V0,1,8,2,1073741824,1,1.7202654,1.765625,187560,45608960,True,spin-0,resident,7.498898323685506,,
win-x64,CORE-VERIFY-002/RUN-20260929-14-56e49e2-win-x64,S1,blake3,warm,spin-0,V1,1,8,3,1073741824,1,0.8793283,0.859375,2309240,57307136,True,spin-0,resident,6.9860733842402745,,
win-x64,CORE-VERIFY-002/RUN-20260929-14-56e49e2-win-x64,S1,blake3,warm,spin-0,V2-W2,1,8,4,1073741824,1,0.4741802,0.921875,2288048,66633728,True,spin-0,resident,7.798461448289704,,
win-x64,CORE-VERIFY-002/RUN-20260929-14-56e49e2-win-x64,S1,blake3,warm,spin-0,V2-W8,1,9,0,1073741824,1,0.366268,1.3125,2251440,119967744,True,spin-0,resident,7.8519305689010785,,
win-x64,CORE-VERIFY-002/RUN-20260929-14-56e49e2-win-x64,S1,blake3,warm,spin-0,V0,1,9,1,1073741824,1,1.8389023,1.9375,187376,46583808,True,spin-0,resident,7.894820499314166,,
win-x64,CORE-VERIFY-002/RUN-20260929-14-56e49e2-win-x64,S1,blake3,warm,spin-0,V1,1,9,2,1073741824,1,0.8825962,0.90625,2309848,61493248,True,spin-0,resident,7.708652949456935,,
win-x64,CORE-VERIFY-002/RUN-20260929-14-56e49e2-win-x64,S1,blake3,warm,spin-0,V2-W2,1,9,3,1073741824,1,0.4576597,0.921875,2265816,66412544,True,spin-0,resident,7.450874394260261,,
win-x64,CORE-VERIFY-002/RUN-20260929-14-56e49e2-win-x64,S1,blake3,warm,spin-0,V2-W4,1,9,4,1073741824,1,0.3782428,1.390625,2249288,81965056,True,spin-0,resident,7.7385259950231875,,
win-x64,CORE-VERIFY-002/RUN-20260929-14-56e49e2-win-x64,S1,blake3,throttled,spin-0,V0,1,0,0,1073741824,1,12.3116377,1.75,2777368,46120960,True,spin-0,resident,8.025305444636526,,
win-x64,CORE-VERIFY-002/RUN-20260929-14-56e49e2-win-x64,S1,blake3,throttled,spin-0,V1,1,0,1,1073741824,1,12.3436913,1.046875,3684616,59322368,True,spin-0,resident,8.014601034206102,,
win-x64,CORE-VERIFY-002/RUN-20260929-14-56e49e2-win-x64,S1,blake3,throttled,spin-0,V2-W2,1,0,2,1073741824,1,6.1941004,1.109375,3508640,66478080,True,spin-0,resident,8.03818208336666,,
win-x64,CORE-VERIFY-002/RUN-20260929-14-56e49e2-win-x64,S1,blake3,throttled,spin-0,V2-W4,1,0,3,1073741824,1,3.1121358,1.28125,3513952,87805952,True,spin-0,resident,8.158638952886166,,
win-x64,CORE-VERIFY-002/RUN-20260929-14-56e49e2-win-x64,S1,blake3,throttled,spin-0,V2-W8,1,0,4,1073741824,1,1.5956026,1.265625,3486800,117743616,True,spin-0,resident,7.80424674282421,,
win-x64,CORE-VERIFY-002/RUN-20260929-14-56e49e2-win-x64,S1,blake3,throttled,spin-0,V1,1,1,0,1073741824,1,12.3480136,1.015625,3665832,58937344,True,spin-0,resident,8.003765059550803,,
win-x64,CORE-VERIFY-002/RUN-20260929-14-56e49e2-win-x64,S1,blake3,throttled,spin-0,V2-W2,1,1,1,1073741824,1,6.1992549,1.03125,3506880,65531904,True,spin-0,resident,7.640304850929635,,
win-x64,CORE-VERIFY-002/RUN-20260929-14-56e49e2-win-x64,S1,blake3,throttled,spin-0,V2-W4,1,1,2,1073741824,1,3.1066074,1.265625,3504848,78974976,True,spin-0,resident,8.09348162251785,,
win-x64,CORE-VERIFY-002/RUN-20260929-14-56e49e2-win-x64,S1,blake3,throttled,spin-0,V2-W8,1,1,3,1073741824,1,1.5923709,1.984375,3501368,121671680,True,spin-0,resident,7.9134672820437775,,
win-x64,CORE-VERIFY-002/RUN-20260929-14-56e49e2-win-x64,S1,blake3,throttled,spin-0,V0,1,1,4,1073741824,1,12.3098189,1.59375,2775688,46301184,True,spin-0,resident,7.769922632931781,,
win-x64,CORE-VERIFY-002/RUN-20260929-14-56e49e2-win-x64,S1,blake3,throttled,spin-0,V2-W2,1,2,0,1073741824,1,6.2128257,1.328125,3498168,65568768,True,spin-0,resident,7.693140124389839,,
win-x64,CORE-VERIFY-002/RUN-20260929-14-56e49e2-win-x64,S1,blake3,throttled,spin-0,V2-W4,1,2,1,1073741824,1,3.2283033,1.53125,3497192,83345408,True,spin-0,resident,7.45363885207509,,
win-x64,CORE-VERIFY-002/RUN-20260929-14-56e49e2-win-x64,S1,blake3,throttled,spin-0,V2-W8,1,2,2,1073741824,1,1.5924415,1.609375,3490624,117182464,True,spin-0,resident,7.873422459388932,,
win-x64,CORE-VERIFY-002/RUN-20260929-14-56e49e2-win-x64,S1,blake3,throttled,spin-0,V0,1,2,3,1073741824,1,12.3092157,1.875,2776192,45953024,True,spin-0,resident,7.447019791831529,,
win-x64,CORE-VERIFY-002/RUN-20260929-14-56e49e2-win-x64,S1,blake3,throttled,spin-0,V1,1,2,4,1073741824,1,12.3590968,1.015625,3659672,60080128,True,spin-0,resident,7.2256706910865836,,
win-x64,CORE-VERIFY-002/RUN-20260929-14-56e49e2-win-x64,S1,blake3,throttled,spin-0,V2-W4,1,3,0,1073741824,1,3.1045608,1.65625,7705152,83165184,True,spin-0,resident,7.986201426000259,,
win-x64,CORE-VERIFY-002/RUN-20260929-14-56e49e2-win-x64,S1,blake3,throttled,spin-0,V2-W8,1,3,1,1073741824,1,1.592741,1.4375,3494264,121344000,True,spin-0,resident,8.02356121738334,,
win-x64,CORE-VERIFY-002/RUN-20260929-14-56e49e2-win-x64,S1,blake3,throttled,spin-0,V0,1,3,2,1073741824,1,12.3179404,1.4375,2779384,46100480,True,spin-0,resident,7.947634473425027,,
win-x64,CORE-VERIFY-002/RUN-20260929-14-56e49e2-win-x64,S1,blake3,throttled,spin-0,V1,1,3,3,1073741824,1,12.3608642,1.140625,3662008,60039168,True,spin-0,resident,8.042834777672738,,
win-x64,CORE-VERIFY-002/RUN-20260929-14-56e49e2-win-x64,S1,blake3,throttled,spin-0,V2-W2,1,3,4,1073741824,1,6.2044102,1.328125,3512872,66416640,True,spin-0,resident,6.817402347256101,,
win-x64,CORE-VERIFY-002/RUN-20260929-14-56e49e2-win-x64,S1,blake3,throttled,spin-0,V2-W8,1,4,0,1073741824,1,1.6061441,1.328125,3523848,117112832,True,spin-0,resident,7.937898133274538,,
win-x64,CORE-VERIFY-002/RUN-20260929-14-56e49e2-win-x64,S1,blake3,throttled,spin-0,V0,1,4,1,1073741824,1,12.3136839,1.59375,2778376,45707264,True,spin-0,resident,7.149680140229413,,
win-x64,CORE-VERIFY-002/RUN-20260929-14-56e49e2-win-x64,S1,blake3,throttled,spin-0,V1,1,4,2,1073741824,1,12.3456233,1.203125,3660680,59908096,True,spin-0,resident,7.2503030880994,,
win-x64,CORE-VERIFY-002/RUN-20260929-14-56e49e2-win-x64,S1,blake3,throttled,spin-0,V2-W2,1,4,3,1073741824,1,6.1944906,1.265625,3506504,70705152,True,spin-0,resident,7.917632030793597,,
win-x64,CORE-VERIFY-002/RUN-20260929-14-56e49e2-win-x64,S1,blake3,throttled,spin-0,V2-W4,1,4,4,1073741824,1,3.1149661,1.1875,3532696,83476480,True,spin-0,resident,7.802968494665475,,
win-x64,CORE-VERIFY-002/RUN-20260929-14-56e49e2-win-x64,S1,blake3,throttled,spin-0,V0,1,5,0,1073741824,1,12.3203574,2.015625,2780728,46149632,True,spin-0,resident,7.970492317728455,,
win-x64,CORE-VERIFY-002/RUN-20260929-14-56e49e2-win-x64,S1,blake3,throttled,spin-0,V1,1,5,1,1073741824,1,12.3444269,0.90625,3663280,55922688,True,spin-0,resident,8.006987140773205,,
win-x64,CORE-VERIFY-002/RUN-20260929-14-56e49e2-win-x64,S1,blake3,throttled,spin-0,V2-W2,1,5,2,1073741824,1,6.2127394,0.921875,3528472,62279680,True,spin-0,resident,8.075431214308,,
win-x64,CORE-VERIFY-002/RUN-20260929-14-56e49e2-win-x64,S1,blake3,throttled,spin-0,V2-W4,1,5,3,1073741824,1,3.1133722,0.953125,3513776,87658496,True,spin-0,resident,8.050089495149502,,
win-x64,CORE-VERIFY-002/RUN-20260929-14-56e49e2-win-x64,S1,blake3,throttled,spin-0,V2-W8,1,5,4,1073741824,1,1.5961986,1.3125,3502064,117227520,True,spin-0,resident,7.7003345238725585,,
win-x64,CORE-VERIFY-002/RUN-20260929-14-56e49e2-win-x64,S1,blake3,throttled,spin-0,V1,1,6,0,1073741824,1,12.3488313,1.296875,3665216,60018688,True,spin-0,resident,7.359673717587388,,
win-x64,CORE-VERIFY-002/RUN-20260929-14-56e49e2-win-x64,S1,blake3,throttled,spin-0,V2-W2,1,6,1,1073741824,1,6.1912206,1.234375,3509896,66048000,True,spin-0,resident,7.823562614197692,,
win-x64,CORE-VERIFY-002/RUN-20260929-14-56e49e2-win-x64,S1,blake3,throttled,spin-0,V2-W4,1,6,2,1073741824,1,3.1138222,1.578125,3502192,83374080,True,spin-0,resident,7.934687353249896,,
win-x64,CORE-VERIFY-002/RUN-20260929-14-56e49e2-win-x64,S1,blake3,throttled,spin-0,V2-W8,1,6,3,1073741824,1,1.591021,1.21875,3500264,116789248,True,spin-0,resident,7.905307076405977,,
win-x64,CORE-VERIFY-002/RUN-20260929-14-56e49e2-win-x64,S1,blake3,throttled,spin-0,V0,1,6,4,1073741824,1,12.3163442,1.796875,2773000,46092288,True,spin-0,resident,7.257840370725072,,
win-x64,CORE-VERIFY-002/RUN-20260929-14-56e49e2-win-x64,S1,blake3,throttled,spin-0,V2-W2,1,7,0,1073741824,1,6.1916571,1.078125,3509376,65892352,True,spin-0,resident,8.065548495548926,,
win-x64,CORE-VERIFY-002/RUN-20260929-14-56e49e2-win-x64,S1,blake3,throttled,spin-0,V2-W4,1,7,1,1073741824,1,3.1143011,0.921875,7702192,83542016,True,spin-0,resident,7.690254304634064,,
win-x64,CORE-VERIFY-002/RUN-20260929-14-56e49e2-win-x64,S1,blake3,throttled,spin-0,V2-W8,1,7,2,1073741824,1,1.5854933,1.421875,3515864,121389056,True,spin-0,resident,7.9807353521768825,,
win-x64,CORE-VERIFY-002/RUN-20260929-14-56e49e2-win-x64,S1,blake3,throttled,spin-0,V0,1,7,3,1073741824,1,12.8265955,1.65625,2774848,46555136,True,spin-0,resident,7.260953474390423,,
win-x64,CORE-VERIFY-002/RUN-20260929-14-56e49e2-win-x64,S1,blake3,throttled,spin-0,V1,1,7,4,1073741824,1,12.3519165,1.109375,3661000,55959552,True,spin-0,resident,7.78712868975907,,
win-x64,CORE-VERIFY-002/RUN-20260929-14-56e49e2-win-x64,S1,blake3,throttled,spin-0,V2-W4,1,8,0,1073741824,1,3.1106564,1.46875,3535640,91889664,True,spin-0,resident,8.069106870730351,,
win-x64,CORE-VERIFY-002/RUN-20260929-14-56e49e2-win-x64,S1,blake3,throttled,spin-0,V2-W8,1,8,1,1073741824,1,1.5960881,1.703125,3499208,121507840,True,spin-0,resident,7.857098154553499,,
win-x64,CORE-VERIFY-002/RUN-20260929-14-56e49e2-win-x64,S1,blake3,throttled,spin-0,V0,1,8,2,1073741824,1,12.3171494,1.6875,3037920,46731264,True,spin-0,resident,7.518764216510783,,
win-x64,CORE-VERIFY-002/RUN-20260929-14-56e49e2-win-x64,S1,blake3,throttled,spin-0,V1,1,8,3,1073741824,1,12.3481725,1.015625,3663200,55906304,True,spin-0,resident,7.258345870934809,,
win-x64,CORE-VERIFY-002/RUN-20260929-14-56e49e2-win-x64,S1,blake3,throttled,spin-0,V2-W2,1,8,4,1073741824,1,6.2131259,1.265625,3504824,69885952,True,spin-0,resident,7.9259119008674945,,
win-x64,CORE-VERIFY-002/RUN-20260929-14-56e49e2-win-x64,S1,blake3,throttled,spin-0,V2-W8,1,9,0,1073741824,1,1.6177641,1.71875,3500992,116875264,True,spin-0,resident,7.616282868757183,,
win-x64,CORE-VERIFY-002/RUN-20260929-14-56e49e2-win-x64,S1,blake3,throttled,spin-0,V0,1,9,1,1073741824,1,12.5856298,1.734375,2784256,46444544,True,spin-0,resident,7.881622493809319,,
win-x64,CORE-VERIFY-002/RUN-20260929-14-56e49e2-win-x64,S1,blake3,throttled,spin-0,V1,1,9,2,1073741824,1,12.3457569,0.984375,3661856,59936768,True,spin-0,resident,7.188967173942993,,
win-x64,CORE-VERIFY-002/RUN-20260929-14-56e49e2-win-x64,S1,blake3,throttled,spin-0,V2-W2,1,9,3,1073741824,1,6.191839,1.078125,3531232,70344704,True,spin-0,resident,7.752972684418092,,
win-x64,CORE-VERIFY-002/RUN-20260929-14-56e49e2-win-x64,S1,blake3,throttled,spin-0,V2-W4,1,9,4,1073741824,1,3.1333626,1.46875,3509440,78958592,True,spin-0,resident,7.569502409639442,,
win-x64,CORE-VERIFY-002/RUN-20260929-14-56e49e2-win-x64,S1,sha256,warm,spin-0,V0,1,0,0,1073741824,1,1.8040713,1.84375,188200,46149632,True,spin-0,resident,7.622155115544956,,
win-x64,CORE-VERIFY-002/RUN-20260929-14-56e49e2-win-x64,S1,sha256,warm,spin-0,V1,1,0,1,1073741824,1,0.9293451,0.921875,2309200,55570432,True,spin-0,resident,7.871223359432294,,
win-x64,CORE-VERIFY-002/RUN-20260929-14-56e49e2-win-x64,S1,sha256,warm,spin-0,V1,1,1,0,1073741824,1,0.9301151,0.921875,6504152,59555840,True,spin-0,resident,7.536015542480657,,
win-x64,CORE-VERIFY-002/RUN-20260929-14-56e49e2-win-x64,S1,sha256,warm,spin-0,V0,1,1,1,1073741824,1,1.8580413,1.890625,187912,45604864,True,spin-0,resident,7.6356514832686315,,
win-x64,CORE-VERIFY-002/RUN-20260929-14-56e49e2-win-x64,S1,sha256,warm,spin-0,V0,1,2,0,1073741824,1,1.7947906,1.859375,187592,45666304,True,spin-0,resident,7.4692035023271,,
win-x64,CORE-VERIFY-002/RUN-20260929-14-56e49e2-win-x64,S1,sha256,warm,spin-0,V1,1,2,1,1073741824,1,0.9527142,0.96875,2311296,59535360,True,spin-0,resident,7.980537970334493,,
win-x64,CORE-VERIFY-002/RUN-20260929-14-56e49e2-win-x64,S1,sha256,warm,spin-0,V1,1,3,0,1073741824,1,0.9307387,0.9375,2309976,59727872,True,spin-0,resident,7.793904930181589,,
win-x64,CORE-VERIFY-002/RUN-20260929-14-56e49e2-win-x64,S1,sha256,warm,spin-0,V0,1,3,1,1073741824,1,1.8153128,1.90625,187912,46936064,True,spin-0,resident,7.844228796199603,,
win-x64,CORE-VERIFY-002/RUN-20260929-14-56e49e2-win-x64,S1,sha256,warm,spin-0,V0,1,4,0,1073741824,1,1.8500937,1.890625,187960,46170112,True,spin-0,resident,7.499544746212363,,
win-x64,CORE-VERIFY-002/RUN-20260929-14-56e49e2-win-x64,S1,sha256,warm,spin-0,V1,1,4,1,1073741824,1,0.9301985,0.953125,2309824,59953152,True,spin-0,resident,7.891544838192601,,
win-x64,CORE-VERIFY-002/RUN-20260929-14-56e49e2-win-x64,S1,sha256,warm,spin-0,V1,1,5,0,1073741824,1,0.9310329,0.921875,2309568,59666432,True,spin-0,resident,6.809982074321414,,
win-x64,CORE-VERIFY-002/RUN-20260929-14-56e49e2-win-x64,S1,sha256,warm,spin-0,V0,1,5,1,1073741824,1,1.8702199,1.921875,187912,46546944,True,spin-0,resident,6.819033321606903,,
win-x64,CORE-VERIFY-002/RUN-20260929-14-56e49e2-win-x64,S1,sha256,warm,spin-0,V0,1,6,0,1073741824,1,1.8668959,1.875,187744,46186496,True,spin-0,resident,7.725409425502172,,
win-x64,CORE-VERIFY-002/RUN-20260929-14-56e49e2-win-x64,S1,sha256,warm,spin-0,V1,1,6,1,1073741824,1,0.93126,0.9375,2309520,59932672,True,spin-0,resident,7.155151460589944,,
win-x64,CORE-VERIFY-002/RUN-20260929-14-56e49e2-win-x64,S1,sha256,warm,spin-0,V1,1,7,0,1073741824,1,0.9298254,0.953125,2309824,59756544,True,spin-0,resident,7.769168369703121,,
win-x64,CORE-VERIFY-002/RUN-20260929-14-56e49e2-win-x64,S1,sha256,warm,spin-0,V0,1,7,1,1073741824,1,1.8657325,1.84375,187728,45133824,True,spin-0,resident,7.837929666981866,,
win-x64,CORE-VERIFY-002/RUN-20260929-14-56e49e2-win-x64,S1,sha256,warm,spin-0,V0,1,8,0,1073741824,1,1.9413282,1.765625,187760,46305280,True,spin-0,resident,6.822869942535614,,
win-x64,CORE-VERIFY-002/RUN-20260929-14-56e49e2-win-x64,S1,sha256,warm,spin-0,V1,1,8,1,1073741824,1,1.0381954,0.96875,2310992,59609088,True,spin-0,resident,6.881751104905101,,
win-x64,CORE-VERIFY-002/RUN-20260929-14-56e49e2-win-x64,S1,sha256,warm,spin-0,V1,1,9,0,1073741824,1,1.0544658,0.953125,2310624,59699200,True,spin-0,resident,6.816399017468036,,
win-x64,CORE-VERIFY-002/RUN-20260929-14-56e49e2-win-x64,S1,sha256,warm,spin-0,V0,1,9,1,1073741824,1,2.0186305,1.78125,187976,46284800,True,spin-0,resident,6.419879723330469,,
win-x64,CORE-VERIFY-002/RUN-20260929-14-56e49e2-win-x64,S1,blake3,warm,default,V0,1,0,0,1073741824,1,1.9492341,2.0625,449512,45973504,True,default,resident,6.778468118763659,,
win-x64,CORE-VERIFY-002/RUN-20260929-14-56e49e2-win-x64,S1,blake3,warm,default,V1,1,0,1,1073741824,1,1.0031477,0.96875,2310400,57262080,True,default,resident,6.657441524177225,,
win-x64,CORE-VERIFY-002/RUN-20260929-14-56e49e2-win-x64,S1,blake3,warm,default,V1,1,1,0,1073741824,1,1.0501212,0.96875,2309392,57466880,True,default,resident,6.460945756793797,,
win-x64,CORE-VERIFY-002/RUN-20260929-14-56e49e2-win-x64,S1,blake3,warm,default,V0,1,1,1,1073741824,1,1.9701484,2.09375,187560,46264320,True,default,resident,6.543197587678342,,
win-x64,CORE-VERIFY-002/RUN-20260929-14-56e49e2-win-x64,S1,blake3,warm,default,V0,1,2,0,1073741824,1,1.5747857,1.828125,187528,45838336,True,default,resident,7.995903317595318,,
win-x64,CORE-VERIFY-002/RUN-20260929-14-56e49e2-win-x64,S1,blake3,warm,default,V1,1,2,1,1073741824,1,0.8891338,0.90625,2308928,61419520,True,default,resident,7.937784767389949,,
win-x64,CORE-VERIFY-002/RUN-20260929-14-56e49e2-win-x64,S1,blake3,warm,default,V1,1,3,0,1073741824,1,1.0715649,1.078125,2309224,61329408,True,default,resident,7.842654631072212,,
win-x64,CORE-VERIFY-002/RUN-20260929-14-56e49e2-win-x64,S1,blake3,warm,default,V0,1,3,1,1073741824,1,1.6580494,1.921875,187376,46587904,True,default,resident,7.810290609750438,,
win-x64,CORE-VERIFY-002/RUN-20260929-14-56e49e2-win-x64,S1,blake3,warm,default,V0,1,4,0,1073741824,1,1.5445854,1.921875,187392,45686784,True,default,resident,7.918829032264162,,
win-x64,CORE-VERIFY-002/RUN-20260929-14-56e49e2-win-x64,S1,blake3,warm,default,V1,1,4,1,1073741824,1,1.0307508,1.03125,2311200,61624320,True,default,resident,6.779602705732561,,
win-x64,CORE-VERIFY-002/RUN-20260929-14-56e49e2-win-x64,S1,blake3,warm,default,V1,1,5,0,1073741824,1,0.820559,0.8125,2309000,57462784,True,default,resident,7.9515508681039515,,
win-x64,CORE-VERIFY-002/RUN-20260929-14-56e49e2-win-x64,S1,blake3,warm,default,V0,1,5,1,1073741824,1,1.5511419,1.890625,187528,44929024,True,default,resident,7.907819000743709,,
win-x64,CORE-VERIFY-002/RUN-20260929-14-56e49e2-win-x64,S1,blake3,warm,default,V0,1,6,0,1073741824,1,1.5979841,2.03125,187624,45883392,True,default,resident,7.765929873132081,,
win-x64,CORE-VERIFY-002/RUN-20260929-14-56e49e2-win-x64,S1,blake3,warm,default,V1,1,6,1,1073741824,1,0.831609,0.828125,2309240,61566976,True,default,resident,8.006077264608452,,
win-x64,CORE-VERIFY-002/RUN-20260929-14-56e49e2-win-x64,S1,blake3,warm,default,V1,1,7,0,1073741824,1,7.4151963,1.265625,2308936,60239872,True,default,resident,7.99628037944655,,
win-x64,CORE-VERIFY-002/RUN-20260929-14-56e49e2-win-x64,S1,blake3,warm,default,V0,1,7,1,1073741824,1,1.7855263,2.109375,187712,46669824,True,default,resident,7.521104311328614,,
win-x64,CORE-VERIFY-002/RUN-20260929-14-56e49e2-win-x64,S1,blake3,warm,default,V0,1,8,0,1073741824,1,2.1254138,2.453125,187528,46182400,True,default,resident,6.3988399138986924,,
win-x64,CORE-VERIFY-002/RUN-20260929-14-56e49e2-win-x64,S1,blake3,warm,default,V1,1,8,1,1073741824,1,0.8577039,0.890625,2310224,61345792,True,default,resident,7.276691451675286,,
win-x64,CORE-VERIFY-002/RUN-20260929-14-56e49e2-win-x64,S1,blake3,warm,default,V1,1,9,0,1073741824,1,0.8415077,0.84375,2309240,61579264,True,default,resident,7.523847580199726,,
win-x64,CORE-VERIFY-002/RUN-20260929-14-56e49e2-win-x64,S1,blake3,warm,default,V0,1,9,1,1073741824,1,1.8405521,2.171875,187528,46059520,True,default,resident,7.378840509930705,,
win-x64,CORE-VERIFY-002/RUN-20260929-14-56e49e2-win-x64,SL,blake3,warm,spin-0,V0,1,0,0,6442450944,1,29.5318547,13.671875,206648,41758720,True,spin-0,not-resident,0.398226140207293,,
win-x64,CORE-VERIFY-002/RUN-20260929-14-56e49e2-win-x64,SL,blake3,warm,spin-0,V1,1,0,1,6442450944,1,15.7426016,6.171875,12127432,67719168,True,spin-0,not-resident,0.38847882164440667,,
win-x64,CORE-VERIFY-002/RUN-20260929-14-56e49e2-win-x64,SL,blake3,warm,spin-0,V2-W2,1,0,2,6442450944,1,15.7810874,6.953125,11843000,76529664,True,spin-0,not-resident,0.3888253860744912,,
win-x64,CORE-VERIFY-002/RUN-20260929-14-56e49e2-win-x64,SL,blake3,warm,spin-0,V2-W4,1,0,3,6442450944,1,14.3915712,6.8125,11839688,90877952,True,spin-0,not-resident,0.6734598402595198,,
win-x64,CORE-VERIFY-002/RUN-20260929-14-56e49e2-win-x64,SL,blake3,warm,spin-0,V2-W8,1,0,4,6442450944,1,14.8526596,7.375,11850288,113496064,True,spin-0,not-resident,0.5315888770584921,,
win-x64,CORE-VERIFY-002/RUN-20260929-14-56e49e2-win-x64,SL,blake3,warm,spin-0,V1,1,1,0,6442450944,1,15.7870466,5.75,12127904,63315968,True,spin-0,not-resident,0.6038528349810063,,
win-x64,CORE-VERIFY-002/RUN-20260929-14-56e49e2-win-x64,SL,blake3,warm,spin-0,V2-W2,1,1,1,6442450944,1,14.7324967,6.421875,11844208,72482816,True,spin-0,not-resident,0.47235826157151145,,
win-x64,CORE-VERIFY-002/RUN-20260929-14-56e49e2-win-x64,SL,blake3,warm,spin-0,V2-W4,1,1,2,6442450944,1,14.685472,6.8125,16035232,83537920,True,spin-0,not-resident,0.5095158297823645,,
win-x64,CORE-VERIFY-002/RUN-20260929-14-56e49e2-win-x64,SL,blake3,warm,spin-0,V2-W8,1,1,3,6442450944,1,14.1266033,7.515625,16039864,117706752,True,spin-0,not-resident,0.6011181426310475,,
win-x64,CORE-VERIFY-002/RUN-20260929-14-56e49e2-win-x64,SL,blake3,warm,spin-0,V0,1,1,4,6442450944,1,26.4922603,12.890625,230232,42319872,True,spin-0,not-resident,0.7381612905839677,,
win-x64,CORE-VERIFY-002/RUN-20260929-14-56e49e2-win-x64,SL,blake3,warm,spin-0,V2-W2,1,2,0,6442450944,1,14.4436531,6.515625,11844416,76902400,True,spin-0,not-resident,0.4789251495751,,
win-x64,CORE-VERIFY-002/RUN-20260929-14-56e49e2-win-x64,SL,blake3,warm,spin-0,V2-W4,1,2,1,6442450944,1,14.593558,7.46875,11841816,83476480,True,spin-0,not-resident,0.6172209830176628,,
win-x64,CORE-VERIFY-002/RUN-20260929-14-56e49e2-win-x64,SL,blake3,warm,spin-0,V2-W8,1,2,2,6442450944,1,14.9424218,7.5,11851456,121606144,True,spin-0,not-resident,0.45761555226035017,,
win-x64,CORE-VERIFY-002/RUN-20260929-14-56e49e2-win-x64,SL,blake3,warm,spin-0,V0,1,2,3,6442450944,1,27.064058,12.046875,207984,42188800,True,spin-0,not-resident,0.8117837979634476,,
win-x64,CORE-VERIFY-002/RUN-20260929-14-56e49e2-win-x64,SL,blake3,warm,spin-0,V1,1,2,4,6442450944,1,15.7923429,5.78125,12126992,67735552,True,spin-0,not-resident,0.4843666286083376,,
win-x64,CORE-VERIFY-002/RUN-20260929-14-56e49e2-win-x64,SL,blake3,warm,spin-0,V2-W4,1,3,0,6442450944,1,15.0134083,7.09375,16036816,87785472,True,spin-0,not-resident,0.6615418541473534,,
win-x64,CORE-VERIFY-002/RUN-20260929-14-56e49e2-win-x64,SL,blake3,warm,spin-0,V2-W8,1,3,1,6442450944,1,13.1881383,7.265625,11839096,121241600,True,spin-0,not-resident,0.6128643058825336,,
win-x64,CORE-VERIFY-002/RUN-20260929-14-56e49e2-win-x64,SL,blake3,warm,spin-0,V0,1,3,2,6442450944,1,28.1114291,12.28125,205552,43212800,True,spin-0,not-resident,0.4653253025884732,,
win-x64,CORE-VERIFY-002/RUN-20260929-14-56e49e2-win-x64,SL,blake3,warm,spin-0,V1,1,3,3,6442450944,1,13.5955491,5.390625,12127480,67649536,True,spin-0,not-resident,0.632236565331861,,
win-x64,CORE-VERIFY-002/RUN-20260929-14-56e49e2-win-x64,SL,blake3,warm,spin-0,V2-W2,1,3,4,6442450944,1,15.5231011,11.34375,11843864,72466432,True,spin-0,not-resident,0.6221733559231974,,
win-x64,CORE-VERIFY-002/RUN-20260929-14-56e49e2-win-x64,SL,blake3,warm,spin-0,V2-W8,1,4,0,6442450944,1,14.3493385,7.3125,11874264,121450496,True,spin-0,not-resident,0.4885318363480805,,
win-x64,CORE-VERIFY-002/RUN-20260929-14-56e49e2-win-x64,SL,blake3,warm,spin-0,V0,1,4,1,6442450944,1,27.4877803,11.6875,205736,42348544,True,spin-0,not-resident,0.688335610851039,,
win-x64,CORE-VERIFY-002/RUN-20260929-14-56e49e2-win-x64,SL,blake3,warm,spin-0,V1,1,4,2,6442450944,1,13.8634861,5.75,12126688,67923968,True,spin-0,not-resident,0.5409498834973493,,
win-x64,CORE-VERIFY-002/RUN-20260929-14-56e49e2-win-x64,SL,blake3,warm,spin-0,V2-W2,1,4,3,6442450944,1,14.5107583,6.28125,11843168,72364032,True,spin-0,not-resident,0.5426982176235726,,
win-x64,CORE-VERIFY-002/RUN-20260929-14-56e49e2-win-x64,SL,blake3,warm,spin-0,V2-W4,1,4,4,6442450944,1,14.8321999,7.015625,11841624,87818240,True,spin-0,not-resident,0.5295085857438743,,
win-x64,CORE-VERIFY-002/RUN-20260929-14-56e49e2-win-x64,SL,blake3,warm,default,V0,1,0,0,6442450944,1,27.462299,12.96875,205776,42557440,True,default,not-resident,0.6456116199272245,,
win-x64,CORE-VERIFY-002/RUN-20260929-14-56e49e2-win-x64,SL,blake3,warm,default,V1,1,0,1,6442450944,1,15.7560986,5.96875,12127296,67612672,True,default,not-resident,0.47695472000064293,,
win-x64,CORE-VERIFY-002/RUN-20260929-14-56e49e2-win-x64,SL,blake3,warm,default,V1,1,1,0,6442450944,1,15.2803491,6.53125,12126896,67387392,True,default,not-resident,0.5969177559792241,,
win-x64,CORE-VERIFY-002/RUN-20260929-14-56e49e2-win-x64,SL,blake3,warm,default,V0,1,1,1,6442450944,1,25.6460157,13.375,468088,42483712,True,default,not-resident,0.5503159833448614,,
win-x64,CORE-VERIFY-002/RUN-20260929-14-56e49e2-win-x64,SL,blake3,warm,default,V0,1,2,0,6442450944,1,28.6775124,13.71875,205736,42192896,True,default,not-resident,0.5513449408268576,,
win-x64,CORE-VERIFY-002/RUN-20260929-14-56e49e2-win-x64,SL,blake3,warm,default,V1,1,2,1,6442450944,1,14.800726,5.890625,12127264,63602688,True,default,not-resident,0.5521463324353962,,
win-x64,CORE-VERIFY-002/RUN-20260929-14-56e49e2-win-x64,SL,blake3,warm,default,V1,1,3,0,6442450944,1,14.8550712,5.703125,12128544,67731456,True,default,not-resident,0.5064736374756847,,
win-x64,CORE-VERIFY-002/RUN-20260929-14-56e49e2-win-x64,SL,blake3,warm,default,V0,1,3,1,6442450944,1,25.9876421,13.546875,207088,41730048,True,default,not-resident,0.5036642205942696,,
win-x64,CORE-VERIFY-002/RUN-20260929-14-56e49e2-win-x64,SL,blake3,warm,default,V0,1,4,0,6442450944,1,28.3585126,14.15625,205736,42299392,True,default,not-resident,0.6278916226647995,,
win-x64,CORE-VERIFY-002/RUN-20260929-14-56e49e2-win-x64,SL,blake3,warm,default,V1,1,4,1,6442450944,1,14.755538,5.75,12131448,67923968,True,default,not-resident,0.5670723562393979,,
linux-arm64,CORE-VERIFY-002/RUN-20260929-14-56e49e2-linux-arm64,T,blake3,warm,spin-0,V0,1,0,0,855440301,1892,1.5254506,2.031053,336671848,82464768,True,spin-0,resident,12.826874389895192,1,
linux-arm64,CORE-VERIFY-002/RUN-20260929-14-56e49e2-linux-arm64,T,blake3,warm,spin-0,V1,1,0,1,855440301,1892,1.1923035,1.476587,679352520,181796864,True,spin-0,resident,12.34783165779974,1,
linux-arm64,CORE-VERIFY-002/RUN-20260929-14-56e49e2-linux-arm64,T,blake3,warm,spin-0,V2-W2,1,0,2,855440301,1892,0.988951,1.653121,687675328,175321088,True,spin-0,resident,12.29396136625641,1,
linux-arm64,CORE-VERIFY-002/RUN-20260929-14-56e49e2-linux-arm64,T,blake3,warm,spin-0,V0,2,0,3,855440301,1892,0.7964943,1.822987,337468560,86581248,True,spin-0,resident,12.44761840347414,1,
linux-arm64,CORE-VERIFY-002/RUN-20260929-14-56e49e2-linux-arm64,T,blake3,warm,spin-0,V1,2,0,4,855440301,1892,0.634227,1.454655,691398976,248999936,True,spin-0,resident,12.665336119819322,1,
linux-arm64,CORE-VERIFY-002/RUN-20260929-14-56e49e2-linux-arm64,T,blake3,warm,spin-0,V2-W2,2,0,5,855440301,1892,0.5454458,1.37159,699208344,286515200,True,spin-0,resident,12.909772948936224,1,
linux-arm64,CORE-VERIFY-002/RUN-20260929-14-56e49e2-linux-arm64,T,blake3,warm,spin-0,V0,4,0,6,855440301,1892,0.5369685,1.686543,338911464,88018944,True,spin-0,resident,12.695754271698606,1,
linux-arm64,CORE-VERIFY-002/RUN-20260929-14-56e49e2-linux-arm64,T,blake3,warm,spin-0,V1,4,0,7,855440301,1892,0.3952362,1.257626,727557312,275087360,True,spin-0,resident,12.157437139795492,1,
linux-arm64,CORE-VERIFY-002/RUN-20260929-14-56e49e2-linux-arm64,T,blake3,warm,spin-0,V2-W2,4,0,8,855440301,1892,0.3867542,1.306984,738621864,298110976,True,spin-0,resident,13.021693550377337,1,
linux-arm64,CORE-VERIFY-002/RUN-20260929-14-56e49e2-linux-arm64,T,blake3,warm,spin-0,V0,8,0,9,855440301,1892,0.4496828,1.561768,339445432,105865216,True,spin-0,resident,11.639241704686185,1,
linux-arm64,CORE-VERIFY-002/RUN-20260929-14-56e49e2-linux-arm64,T,blake3,warm,spin-0,V1,8,0,10,855440301,1892,0.3800979,1.339379,753900936,319299584,True,spin-0,resident,12.640506618718602,1,
linux-arm64,CORE-VERIFY-002/RUN-20260929-14-56e49e2-linux-arm64,T,blake3,warm,spin-0,V2-W2,8,0,11,855440301,1892,0.383841,1.416439,766540032,373981184,True,spin-0,resident,12.425243137715707,1,
linux-arm64,CORE-VERIFY-002/RUN-20260929-14-56e49e2-linux-arm64,T,blake3,warm,spin-0,V1,1,1,0,855440301,1892,1.1628698,1.439219,683569448,154509312,True,spin-0,resident,12.099518501634765,1,
linux-arm64,CORE-VERIFY-002/RUN-20260929-14-56e49e2-linux-arm64,T,blake3,warm,spin-0,V2-W2,1,1,1,855440301,1892,0.9844382,1.631173,684881728,198082560,True,spin-0,resident,12.449793080706836,1,
linux-arm64,CORE-VERIFY-002/RUN-20260929-14-56e49e2-linux-arm64,T,blake3,warm,spin-0,V0,2,1,2,855440301,1892,0.8312463,1.859909,337748696,85311488,True,spin-0,resident,12.31305183950977,1,
linux-arm64,CORE-VERIFY-002/RUN-20260929-14-56e49e2-linux-arm64,T,blake3,warm,spin-0,V1,2,1,3,855440301,1892,0.68911,1.409288,688869720,153399296,True,spin-0,resident,12.261533434750998,1,
linux-arm64,CORE-VERIFY-002/RUN-20260929-14-56e49e2-linux-arm64,T,blake3,warm,spin-0,V2-W2,2,1,4,855440301,1892,0.5522501,1.386967,695728112,254021632,True,spin-0,resident,12.640278697004513,1,
linux-arm64,CORE-VERIFY-002/RUN-20260929-14-56e49e2-linux-arm64,T,blake3,warm,spin-0,V0,4,1,5,855440301,1892,0.4743297,1.562914,338832920,93212672,True,spin-0,resident,12.164561444482528,1,
linux-arm64,CORE-VERIFY-002/RUN-20260929-14-56e49e2-linux-arm64,T,blake3,warm,spin-0,V1,4,1,6,855440301,1892,0.3808302,1.229717,722370920,237998080,True,spin-0,resident,12.1875518733106,1,
linux-arm64,CORE-VERIFY-002/RUN-20260929-14-56e49e2-linux-arm64,T,blake3,warm,spin-0,V2-W2,4,1,7,855440301,1892,0.3769748,1.276409,735406848,247439360,True,spin-0,resident,12.509700040724482,1,
linux-arm64,CORE-VERIFY-002/RUN-20260929-14-56e49e2-linux-arm64,T,blake3,warm,spin-0,V0,8,1,8,855440301,1892,0.44089,1.543191,339355736,111902720,True,spin-0,resident,12.524089010121992,1,
linux-arm64,CORE-VERIFY-002/RUN-20260929-14-56e49e2-linux-arm64,T,blake3,warm,spin-0,V1,8,1,9,855440301,1892,0.3805046,1.312734,744882888,274591744,True,spin-0,resident,12.43626493286824,1,
linux-arm64,CORE-VERIFY-002/RUN-20260929-14-56e49e2-linux-arm64,T,blake3,warm,spin-0,V2-W2,8,1,10,855440301,1892,0.3830799,1.407902,783273408,370450432,True,spin-0,resident,12.427643283770276,1,
linux-arm64,CORE-VERIFY-002/RUN-20260929-14-56e49e2-linux-arm64,T,blake3,warm,spin-0,V0,1,1,11,855440301,1892,1.5153038,1.954282,336670208,85577728,True,spin-0,resident,12.724746931798393,1,
linux-arm64,CORE-VERIFY-002/RUN-20260929-14-56e49e2-linux-arm64,T,blake3,warm,spin-0,V2-W2,1,2,0,855440301,1892,0.9690977,1.628884,682831384,175177728,True,spin-0,resident,12.394497996387503,1,
linux-arm64,CORE-VERIFY-002/RUN-20260929-14-56e49e2-linux-arm64,T,blake3,warm,spin-0,V0,2,2,1,855440301,1892,0.7972483,1.847755,337118312,89206784,True,spin-0,resident,12.45593659152259,1,
linux-arm64,CORE-VERIFY-002/RUN-20260929-14-56e49e2-linux-arm64,T,blake3,warm,spin-0,V1,2,2,2,855440301,1892,0.6332537,1.428669,696140120,183009280,True,spin-0,resident,12.109524549148931,1,
linux-arm64,CORE-VERIFY-002/RUN-20260929-14-56e49e2-linux-arm64,T,blake3,warm,spin-0,V2-W2,2,2,3,855440301,1892,0.5378184,1.374974,699437896,285900800,True,spin-0,resident,12.547729795810747,1,
linux-arm64,CORE-VERIFY-002/RUN-20260929-14-56e49e2-linux-arm64,T,blake3,warm,spin-0,V0,4,2,4,855440301,1892,0.4817401,1.625167,338255048,100331520,True,spin-0,resident,12.081500336710459,1,
linux-arm64,CORE-VERIFY-002/RUN-20260929-14-56e49e2-linux-arm64,T,blake3,warm,spin-0,V1,4,2,5,855440301,1892,0.3953092,1.22375,733311536,221282304,True,spin-0,resident,12.874610591293765,1,
linux-arm64,CORE-VERIFY-002/RUN-20260929-14-56e49e2-linux-arm64,T,blake3,warm,spin-0,V2-W2,4,2,6,855440301,1892,0.3885617,1.332364,743807040,288882688,True,spin-0,resident,12.132245226170962,1,
linux-arm64,CORE-VERIFY-002/RUN-20260929-14-56e49e2-linux-arm64,T,blake3,warm,spin-0,V0,8,2,7,855440301,1892,0.4562477,1.585705,339289280,114630656,True,spin-0,resident,12.245139286084376,1,
linux-arm64,CORE-VERIFY-002/RUN-20260929-14-56e49e2-linux-arm64,T,blake3,warm,spin-0,V1,8,2,8,855440301,1892,0.3834349,1.321095,753166624,284405760,True,spin-0,resident,12.237489297527665,1,
linux-arm64,CORE-VERIFY-002/RUN-20260929-14-56e49e2-linux-arm64,T,blake3,warm,spin-0,V2-W2,8,2,9,855440301,1892,0.3730211,1.368934,785412288,301092864,True,spin-0,resident,12.753609905783856,1,
linux-arm64,CORE-VERIFY-002/RUN-20260929-14-56e49e2-linux-arm64,T,blake3,warm,spin-0,V0,1,2,10,855440301,1892,1.5087325,1.940339,336415424,88862720,True,spin-0,resident,12.461677759749437,1,
linux-arm64,CORE-VERIFY-002/RUN-20260929-14-56e49e2-linux-arm64,T,blake3,warm,spin-0,V1,1,2,11,855440301,1892,1.1647302,1.439776,687841496,151293952,True,spin-0,resident,11.906506017217389,1,
linux-arm64,CORE-VERIFY-002/RUN-20260929-14-56e49e2-linux-arm64,T,blake3,warm,spin-0,V0,2,3,0,855440301,1892,0.8001915,1.81329,337046336,87408640,True,spin-0,resident,12.339626453383449,1,
linux-arm64,CORE-VERIFY-002/RUN-20260929-14-56e49e2-linux-arm64,T,blake3,warm,spin-0,V1,2,3,1,855440301,1892,0.6507148,1.477563,704642144,190201856,True,spin-0,resident,12.554666979235602,1,
linux-arm64,CORE-VERIFY-002/RUN-20260929-14-56e49e2-linux-arm64,T,blake3,warm,spin-0,V2-W2,2,3,2,855440301,1892,0.5280805,1.389143,707292720,188887040,True,spin-0,resident,12.499254678807615,1,
linux-arm64,CORE-VERIFY-002/RUN-20260929-14-56e49e2-linux-arm64,T,blake3,warm,spin-0,V0,4,3,3,855440301,1892,0.501683,1.621345,338472680,112873472,True,spin-0,resident,12.20185011012112,1,
linux-arm64,CORE-VERIFY-002/RUN-20260929-14-56e49e2-linux-arm64,T,blake3,warm,spin-0,V1,4,3,4,855440301,1892,0.3905752,1.224953,721125632,220332032,True,spin-0,resident,12.04273116798428,1,
linux-arm64,CORE-VERIFY-002/RUN-20260929-14-56e49e2-linux-arm64,T,blake3,warm,spin-0,V2-W2,4,3,5,855440301,1892,0.3713162,1.259525,738266920,231088128,True,spin-0,resident,12.513175240827083,1,
linux-arm64,CORE-VERIFY-002/RUN-20260929-14-56e49e2-linux-arm64,T,blake3,warm,spin-0,V0,8,3,6,855440301,1892,0.4585994,1.549868,339636976,101601280,True,spin-0,resident,12.152407643920299,1,
linux-arm64,CORE-VERIFY-002/RUN-20260929-14-56e49e2-linux-arm64,T,blake3,warm,spin-0,V1,8,3,7,855440301,1892,0.3600554,1.287588,755343568,270581760,True,spin-0,resident,12.520060111321401,1,
linux-arm64,CORE-VERIFY-002/RUN-20260929-14-56e49e2-linux-arm64,T,blake3,warm,spin-0,V2-W2,8,3,8,855440301,1892,0.3717654,1.35993,773475216,310743040,True,spin-0,resident,12.39999107151171,1,
linux-arm64,CORE-VERIFY-002/RUN-20260929-14-56e49e2-linux-arm64,T,blake3,warm,spin-0,V0,1,3,9,855440301,1892,1.4900371,1.929012,336779736,83939328,True,spin-0,resident,12.105063027277403,1,
linux-arm64,CORE-VERIFY-002/RUN-20260929-14-56e49e2-linux-arm64,T,blake3,warm,spin-0,V1,1,3,10,855440301,1892,1.1673816,1.447872,683534880,150470656,True,spin-0,resident,12.213524689230972,1,
linux-arm64,CORE-VERIFY-002/RUN-20260929-14-56e49e2-linux-arm64,T,blake3,warm,spin-0,V2-W2,1,3,11,855440301,1892,0.9853464,1.636143,694852448,159780864,True,spin-0,resident,12.8135606491279,1,
linux-arm64,CORE-VERIFY-002/RUN-20260929-14-56e49e2-linux-arm64,T,blake3,warm,spin-0,V1,2,4,0,855440301,1892,0.6619776,1.373935,697731536,175583232,True,spin-0,resident,12.849491654849317,1,
linux-arm64,CORE-VERIFY-002/RUN-20260929-14-56e49e2-linux-arm64,T,blake3,warm,spin-0,V2-W2,2,4,1,855440301,1892,0.5290473,1.349011,696337960,205180928,True,spin-0,resident,11.93719594970852,1,
linux-arm64,CORE-VERIFY-002/RUN-20260929-14-56e49e2-linux-arm64,T,blake3,warm,spin-0,V0,4,4,2,855440301,1892,0.4833953,1.568241,338554800,96489472,True,spin-0,resident,11.947558929213221,1,
linux-arm64,CORE-VERIFY-002/RUN-20260929-14-56e49e2-linux-arm64,T,blake3,warm,spin-0,V1,4,4,3,855440301,1892,0.3873996,1.250729,718634872,241135616,True,spin-0,resident,12.409353202347038,1,
linux-arm64,CORE-VERIFY-002/RUN-20260929-14-56e49e2-linux-arm64,T,blake3,warm,spin-0,V2-W2,4,4,4,855440301,1892,0.3859559,1.284796,736840064,304914432,True,spin-0,resident,12.455944565210304,1,
linux-arm64,CORE-VERIFY-002/RUN-20260929-14-56e49e2-linux-arm64,T,blake3,warm,spin-0,V0,8,4,5,855440301,1892,0.4425867,1.580131,339991448,115298304,True,spin-0,resident,12.676265465570788,1,
linux-arm64,CORE-VERIFY-002/RUN-20260929-14-56e49e2-linux-arm64,T,blake3,warm,spin-0,V1,8,4,6,855440301,1892,0.3734781,1.341094,759857528,279834624,True,spin-0,resident,12.131997442996152,1,
linux-arm64,CORE-VERIFY-002/RUN-20260929-14-56e49e2-linux-arm64,T,blake3,warm,spin-0,V2-W2,8,4,7,855440301,1892,0.397986,1.459146,778703352,345686016,True,spin-0,resident,12.658169880805886,1,
linux-arm64,CORE-VERIFY-002/RUN-20260929-14-56e49e2-linux-arm64,T,blake3,warm,spin-0,V0,1,4,8,855440301,1892,1.4861355,1.924018,336914008,89780224,True,spin-0,resident,12.776851208846217,1,
linux-arm64,CORE-VERIFY-002/RUN-20260929-14-56e49e2-linux-arm64,T,blake3,warm,spin-0,V1,1,4,9,855440301,1892,1.1695594,1.446444,675164968,163405824,True,spin-0,resident,12.064315832714573,1,
linux-arm64,CORE-VERIFY-002/RUN-20260929-14-56e49e2-linux-arm64,T,blake3,warm,spin-0,V2-W2,1,4,10,855440301,1892,0.9797078,1.637678,684266088,153083904,True,spin-0,resident,12.948294847205771,1,
linux-arm64,CORE-VERIFY-002/RUN-20260929-14-56e49e2-linux-arm64,T,blake3,warm,spin-0,V0,2,4,11,855440301,1892,0.796694,1.818649,337103104,90157056,True,spin-0,resident,12.247565114904404,1,
linux-arm64,CORE-VERIFY-002/RUN-20260929-14-56e49e2-linux-arm64,T,blake3,warm,spin-0,V2-W2,2,5,0,855440301,1892,0.5361714,1.351971,702854176,259637248,True,spin-0,resident,11.964551075172443,1,
linux-arm64,CORE-VERIFY-002/RUN-20260929-14-56e49e2-linux-arm64,T,blake3,warm,spin-0,V0,4,5,1,855440301,1892,0.4683096,1.551081,338457392,103596032,True,spin-0,resident,12.450175646062274,1,
linux-arm64,CORE-VERIFY-002/RUN-20260929-14-56e49e2-linux-arm64,T,blake3,warm,spin-0,V1,4,5,2,855440301,1892,0.3984571,1.241529,733705376,266846208,True,spin-0,resident,12.158568507009779,1,
linux-arm64,CORE-VERIFY-002/RUN-20260929-14-56e49e2-linux-arm64,T,blake3,warm,spin-0,V2-W2,4,5,3,855440301,1892,0.3665987,1.278193,739634928,270172160,True,spin-0,resident,12.186885351232458,1,
linux-arm64,CORE-VERIFY-002/RUN-20260929-14-56e49e2-linux-arm64,T,blake3,warm,spin-0,V0,8,5,4,855440301,1892,0.4408146,1.526731,339314624,123514880,True,spin-0,resident,12.253463186231452,1,
linux-arm64,CORE-VERIFY-002/RUN-20260929-14-56e49e2-linux-arm64,T,blake3,warm,spin-0,V1,8,5,5,855440301,1892,0.366194,1.31365,751000992,292532224,True,spin-0,resident,12.587482660773137,1,
linux-arm64,CORE-VERIFY-002/RUN-20260929-14-56e49e2-linux-arm64,T,blake3,warm,spin-0,V2-W2,8,5,6,855440301,1892,0.3927169,1.484013,777913720,396234752,True,spin-0,resident,12.331763247789075,1,
linux-arm64,CORE-VERIFY-002/RUN-20260929-14-56e49e2-linux-arm64,T,blake3,warm,spin-0,V0,1,5,7,855440301,1892,1.5268057,1.952437,336535712,89669632,True,spin-0,resident,12.252463126097647,1,
linux-arm64,CORE-VERIFY-002/RUN-20260929-14-56e49e2-linux-arm64,T,blake3,warm,spin-0,V1,1,5,8,855440301,1892,1.1844907,1.470212,683566552,148631552,True,spin-0,resident,12.345626157088702,1,
linux-arm64,CORE-VERIFY-002/RUN-20260929-14-56e49e2-linux-arm64,T,blake3,warm,spin-0,V2-W2,1,5,9,855440301,1892,0.9677497,1.625993,689028552,167260160,True,spin-0,resident,12.121413662450147,1,
linux-arm64,CORE-VERIFY-002/RUN-20260929-14-56e49e2-linux-arm64,T,blake3,warm,spin-0,V0,2,5,10,855440301,1892,0.7851843,1.770832,337695168,85454848,True,spin-0,resident,12.769255347911699,1,
linux-arm64,CORE-VERIFY-002/RUN-20260929-14-56e49e2-linux-arm64,T,blake3,warm,spin-0,V1,2,5,11,855440301,1892,0.6802538,1.528268,694998200,199659520,True,spin-0,resident,12.685683657325551,1,
linux-arm64,CORE-VERIFY-002/RUN-20260929-14-56e49e2-linux-arm64,T,blake3,warm,spin-0,V0,4,6,0,855440301,1892,0.4695814,1.568078,338708648,93175808,True,spin-0,resident,12.25733322898464,1,
linux-arm64,CORE-VERIFY-002/RUN-20260929-14-56e49e2-linux-arm64,T,blake3,warm,spin-0,V1,4,6,1,855440301,1892,0.373452,1.195955,716859456,212439040,True,spin-0,resident,12.20826447930529,1,
linux-arm64,CORE-VERIFY-002/RUN-20260929-14-56e49e2-linux-arm64,T,blake3,warm,spin-0,V2-W2,4,6,2,855440301,1892,0.369944,1.279697,745602544,313577472,True,spin-0,resident,12.776876992318664,1,
linux-arm64,CORE-VERIFY-002/RUN-20260929-14-56e49e2-linux-arm64,T,blake3,warm,spin-0,V0,8,6,3,855440301,1892,0.444523,1.595245,339330376,124252160,True,spin-0,resident,12.838543917443129,1,
linux-arm64,CORE-VERIFY-002/RUN-20260929-14-56e49e2-linux-arm64,T,blake3,warm,spin-0,V1,8,6,4,855440301,1892,0.3631408,1.300375,749582072,269037568,True,spin-0,resident,12.685263487413295,1,
linux-arm64,CORE-VERIFY-002/RUN-20260929-14-56e49e2-linux-arm64,T,blake3,warm,spin-0,V2-W2,8,6,5,855440301,1892,0.3699008,1.363171,769460040,302043136,True,spin-0,resident,12.248157618837029,1,
linux-arm64,CORE-VERIFY-002/RUN-20260929-14-56e49e2-linux-arm64,T,blake3,warm,spin-0,V0,1,6,6,855440301,1892,1.5468608,2.015516,336744008,87244800,True,spin-0,resident,12.147104312848496,1,
linux-arm64,CORE-VERIFY-002/RUN-20260929-14-56e49e2-linux-arm64,T,blake3,warm,spin-0,V1,1,6,7,855440301,1892,1.1504531,1.422057,679354784,143392768,True,spin-0,resident,12.41152399030773,1,
linux-arm64,CORE-VERIFY-002/RUN-20260929-14-56e49e2-linux-arm64,T,blake3,warm,spin-0,V2-W2,1,6,8,855440301,1892,0.9672684,1.62106,683379928,184213504,True,spin-0,resident,12.842170761610051,1,
linux-arm64,CORE-VERIFY-002/RUN-20260929-14-56e49e2-linux-arm64,T,blake3,warm,spin-0,V0,2,6,9,855440301,1892,0.7967763,1.803523,337123400,84688896,True,spin-0,resident,12.549820155061495,1,
linux-arm64,CORE-VERIFY-002/RUN-20260929-14-56e49e2-linux-arm64,T,blake3,warm,spin-0,V1,2,6,10,855440301,1892,0.6377413,1.381461,702412424,195170304,True,spin-0,resident,12.264279488723968,1,
linux-arm64,CORE-VERIFY-002/RUN-20260929-14-56e49e2-linux-arm64,T,blake3,warm,spin-0,V2-W2,2,6,11,855440301,1892,0.5233615,1.372755,703974616,232198144,True,spin-0,resident,12.592079965112505,1,
linux-arm64,CORE-VERIFY-002/RUN-20260929-14-56e49e2-linux-arm64,T,blake3,warm,spin-0,V1,4,7,0,855440301,1892,0.3871507,1.232251,727225328,244441088,True,spin-0,resident,12.418357737779269,1,
linux-arm64,CORE-VERIFY-002/RUN-20260929-14-56e49e2-linux-arm64,T,blake3,warm,spin-0,V2-W2,4,7,1,855440301,1892,0.3767333,1.281873,720927056,297521152,True,spin-0,resident,12.793678196508225,1,
linux-arm64,CORE-VERIFY-002/RUN-20260929-14-56e49e2-linux-arm64,T,blake3,warm,spin-0,V0,8,7,2,855440301,1892,0.4445632,1.55333,339295456,120610816,True,spin-0,resident,12.674209893795501,1,
linux-arm64,CORE-VERIFY-002/RUN-20260929-14-56e49e2-linux-arm64,T,blake3,warm,spin-0,V1,8,7,3,855440301,1892,0.3574205,1.301061,746398536,275177472,True,spin-0,resident,12.528995076063916,1,
linux-arm64,CORE-VERIFY-002/RUN-20260929-14-56e49e2-linux-arm64,T,blake3,warm,spin-0,V2-W2,8,7,4,855440301,1892,0.3911759,1.434252,779823560,326148096,True,spin-0,resident,12.566317535886256,1,
linux-arm64,CORE-VERIFY-002/RUN-20260929-14-56e49e2-linux-arm64,T,blake3,warm,spin-0,V0,1,7,5,855440301,1892,1.5017425,1.954815,336590120,85639168,True,spin-0,resident,11.66048635549399,1,
linux-arm64,CORE-VERIFY-002/RUN-20260929-14-56e49e2-linux-arm64,T,blake3,warm,spin-0,V1,1,7,6,855440301,1892,1.1694806,1.432076,683434112,205291520,True,spin-0,resident,12.359262350362922,1,
linux-arm64,CORE-VERIFY-002/RUN-20260929-14-56e49e2-linux-arm64,T,blake3,warm,spin-0,V2-W2,1,7,7,855440301,1892,1.0087772,1.723107,682897680,175714304,True,spin-0,resident,12.310074383141245,1,
linux-arm64,CORE-VERIFY-002/RUN-20260929-14-56e49e2-linux-arm64,T,blake3,warm,spin-0,V0,2,7,8,855440301,1892,0.7832027,1.804949,337406496,89427968,True,spin-0,resident,12.0954131365767,1,
linux-arm64,CORE-VERIFY-002/RUN-20260929-14-56e49e2-linux-arm64,T,blake3,warm,spin-0,V1,2,7,9,855440301,1892,0.6189779,1.448088,689775880,188760064,True,spin-0,resident,12.899284160997182,1,
linux-arm64,CORE-VERIFY-002/RUN-20260929-14-56e49e2-linux-arm64,T,blake3,warm,spin-0,V2-W2,2,7,10,855440301,1892,0.5333693,1.356787,707740624,195379200,True,spin-0,resident,12.254853077919346,1,
linux-arm64,CORE-VERIFY-002/RUN-20260929-14-56e49e2-linux-arm64,T,blake3,warm,spin-0,V0,4,7,11,855440301,1892,0.4816849,1.568809,338360184,107687936,True,spin-0,resident,12.272920573551655,1,
linux-arm64,CORE-VERIFY-002/RUN-20260929-14-56e49e2-linux-arm64,T,blake3,warm,spin-0,V2-W2,4,8,0,855440301,1892,0.362812,1.262351,732424824,260874240,True,spin-0,resident,12.925010852910212,1,
linux-arm64,CORE-VERIFY-002/RUN-20260929-14-56e49e2-linux-arm64,T,blake3,warm,spin-0,V0,8,8,1,855440301,1892,0.4323979,1.522112,339285136,123072512,True,spin-0,resident,12.459912449246731,1,
linux-arm64,CORE-VERIFY-002/RUN-20260929-14-56e49e2-linux-arm64,T,blake3,warm,spin-0,V1,8,8,2,855440301,1892,0.3668771,1.316081,761186480,324820992,True,spin-0,resident,12.148201569451784,1,
linux-arm64,CORE-VERIFY-002/RUN-20260929-14-56e49e2-linux-arm64,T,blake3,warm,spin-0,V2-W2,8,8,3,855440301,1892,0.373327,1.3824,767194904,283004928,True,spin-0,resident,12.558251623685564,1,
linux-arm64,CORE-VERIFY-002/RUN-20260929-14-56e49e2-linux-arm64,T,blake3,warm,spin-0,V0,1,8,4,855440301,1892,1.5171823,1.972745,337006448,85065728,True,spin-0,resident,12.459388012902187,1,
linux-arm64,CORE-VERIFY-002/RUN-20260929-14-56e49e2-linux-arm64,T,blake3,warm,spin-0,V1,1,8,5,855440301,1892,1.1599757,1.436143,679366032,150913024,True,spin-0,resident,11.992296855147375,1,
linux-arm64,CORE-VERIFY-002/RUN-20260929-14-56e49e2-linux-arm64,T,blake3,warm,spin-0,V2-W2,1,8,6,855440301,1892,0.9565311,1.605468,683681040,153227264,True,spin-0,resident,12.769761225992289,1,
linux-arm64,CORE-VERIFY-002/RUN-20260929-14-56e49e2-linux-arm64,T,blake3,warm,spin-0,V0,2,8,7,855440301,1892,0.8145209,1.841215,337409760,95551488,True,spin-0,resident,12.11610238011527,1,
linux-arm64,CORE-VERIFY-002/RUN-20260929-14-56e49e2-linux-arm64,T,blake3,warm,spin-0,V1,2,8,8,855440301,1892,0.6565541,1.405921,695898040,167481344,True,spin-0,resident,12.774683927547205,1,
linux-arm64,CORE-VERIFY-002/RUN-20260929-14-56e49e2-linux-arm64,T,blake3,warm,spin-0,V2-W2,2,8,9,855440301,1892,0.5270077,1.345948,699707000,176881664,True,spin-0,resident,12.141792672926853,1,
linux-arm64,CORE-VERIFY-002/RUN-20260929-14-56e49e2-linux-arm64,T,blake3,warm,spin-0,V0,4,8,10,855440301,1892,0.4914968,1.550329,338626000,93208576,True,spin-0,resident,12.242559044238279,1,
linux-arm64,CORE-VERIFY-002/RUN-20260929-14-56e49e2-linux-arm64,T,blake3,warm,spin-0,V1,4,8,11,855440301,1892,0.3842823,1.214281,725140552,219815936,True,spin-0,resident,12.19308383992581,1,
linux-arm64,CORE-VERIFY-002/RUN-20260929-14-56e49e2-linux-arm64,T,blake3,warm,spin-0,V0,8,9,0,855440301,1892,0.456467,1.563972,340013640,97312768,True,spin-0,resident,12.256793317135047,1,
linux-arm64,CORE-VERIFY-002/RUN-20260929-14-56e49e2-linux-arm64,T,blake3,warm,spin-0,V1,8,9,1,855440301,1892,0.3666907,1.312916,759037776,260874240,True,spin-0,resident,11.947747702263957,1,
linux-arm64,CORE-VERIFY-002/RUN-20260929-14-56e49e2-linux-arm64,T,blake3,warm,spin-0,V2-W2,8,9,2,855440301,1892,0.3796226,1.405324,776071576,349319168,True,spin-0,resident,12.148279450388998,1,
linux-arm64,CORE-VERIFY-002/RUN-20260929-14-56e49e2-linux-arm64,T,blake3,warm,spin-0,V0,1,9,3,855440301,1892,1.5185658,1.94652,336673336,86888448,True,spin-0,resident,12.326622604884976,1,
linux-arm64,CORE-VERIFY-002/RUN-20260929-14-56e49e2-linux-arm64,T,blake3,warm,spin-0,V1,1,9,4,855440301,1892,1.1732118,1.449211,683516648,180973568,True,spin-0,resident,12.080699376365112,1,
linux-arm64,CORE-VERIFY-002/RUN-20260929-14-56e49e2-linux-arm64,T,blake3,warm,spin-0,V2-W2,1,9,5,855440301,1892,0.9975043,1.642874,683078944,169254912,True,spin-0,resident,12.672769155628641,1,
linux-arm64,CORE-VERIFY-002/RUN-20260929-14-56e49e2-linux-arm64,T,blake3,warm,spin-0,V0,2,9,6,855440301,1892,0.8188248,1.863724,337621232,82735104,True,spin-0,resident,12.499857488330749,1,
linux-arm64,CORE-VERIFY-002/RUN-20260929-14-56e49e2-linux-arm64,T,blake3,warm,spin-0,V1,2,9,7,855440301,1892,0.6473741,1.480193,694013288,171491328,True,spin-0,resident,12.29615318256913,1,
linux-arm64,CORE-VERIFY-002/RUN-20260929-14-56e49e2-linux-arm64,T,blake3,warm,spin-0,V2-W2,2,9,8,855440301,1892,0.5334355,1.358413,704849456,271953920,True,spin-0,resident,12.579931887840662,1,
linux-arm64,CORE-VERIFY-002/RUN-20260929-14-56e49e2-linux-arm64,T,blake3,warm,spin-0,V0,4,9,9,855440301,1892,0.509746,1.64905,338855520,107368448,True,spin-0,resident,12.35107522452905,1,
linux-arm64,CORE-VERIFY-002/RUN-20260929-14-56e49e2-linux-arm64,T,blake3,warm,spin-0,V1,4,9,10,855440301,1892,0.3982072,1.242443,722323424,215916544,True,spin-0,resident,12.567849795243879,1,
linux-arm64,CORE-VERIFY-002/RUN-20260929-14-56e49e2-linux-arm64,T,blake3,warm,spin-0,V2-W2,4,9,11,855440301,1892,0.3870683,1.310353,733851528,320274432,True,spin-0,resident,12.409015605333193,1,
linux-arm64,CORE-VERIFY-002/RUN-20260929-14-56e49e2-linux-arm64,T,blake3,cold,spin-0,V0,1,0,0,855440301,1892,2.8995433,2.447837,336550192,74604544,True,spin-0,n/a,,,
linux-arm64,CORE-VERIFY-002/RUN-20260929-14-56e49e2-linux-arm64,T,blake3,cold,spin-0,V1,1,0,1,855440301,1892,2.935106,1.799218,679421752,136982528,True,spin-0,n/a,,,
linux-arm64,CORE-VERIFY-002/RUN-20260929-14-56e49e2-linux-arm64,T,blake3,cold,spin-0,V2-W2,1,0,2,855440301,1892,2.5236674,1.992233,682874152,194564096,True,spin-0,n/a,,,
linux-arm64,CORE-VERIFY-002/RUN-20260929-14-56e49e2-linux-arm64,T,blake3,cold,spin-0,V0,2,0,3,855440301,1892,1.872683,2.466996,337378344,73609216,True,spin-0,n/a,,,
linux-arm64,CORE-VERIFY-002/RUN-20260929-14-56e49e2-linux-arm64,T,blake3,cold,spin-0,V1,2,0,4,855440301,1892,1.9843676,1.861253,691556904,158867456,True,spin-0,n/a,,,
linux-arm64,CORE-VERIFY-002/RUN-20260929-14-56e49e2-linux-arm64,T,blake3,cold,spin-0,V2-W2,2,0,5,855440301,1892,1.8661079,2.046064,706106040,292282368,True,spin-0,n/a,,,
linux-arm64,CORE-VERIFY-002/RUN-20260929-14-56e49e2-linux-arm64,T,blake3,cold,spin-0,V0,4,0,6,855440301,1892,1.8633992,2.388103,338686888,76644352,True,spin-0,n/a,,,
linux-arm64,CORE-VERIFY-002/RUN-20260929-14-56e49e2-linux-arm64,T,blake3,cold,spin-0,V1,4,0,7,855440301,1892,1.8633008,1.823305,714962400,217706496,True,spin-0,n/a,,,
linux-arm64,CORE-VERIFY-002/RUN-20260929-14-56e49e2-linux-arm64,T,blake3,cold,spin-0,V2-W2,4,0,8,855440301,1892,1.8410503,1.983655,736587096,247328768,True,spin-0,n/a,,,
linux-arm64,CORE-VERIFY-002/RUN-20260929-14-56e49e2-linux-arm64,T,blake3,cold,spin-0,V0,8,0,9,855440301,1892,1.8521866,2.382332,340468192,88227840,True,spin-0,n/a,,,
linux-arm64,CORE-VERIFY-002/RUN-20260929-14-56e49e2-linux-arm64,T,blake3,cold,spin-0,V1,8,0,10,855440301,1892,1.8661418,1.803011,737538632,249946112,True,spin-0,n/a,,,
linux-arm64,CORE-VERIFY-002/RUN-20260929-14-56e49e2-linux-arm64,T,blake3,cold,spin-0,V2-W2,8,0,11,855440301,1892,1.8404492,1.964041,760318168,340652032,True,spin-0,n/a,,,
linux-arm64,CORE-VERIFY-002/RUN-20260929-14-56e49e2-linux-arm64,T,blake3,cold,spin-0,V1,1,1,0,855440301,1892,2.4761294,1.78422,679361232,139354112,True,spin-0,n/a,,,
linux-arm64,CORE-VERIFY-002/RUN-20260929-14-56e49e2-linux-arm64,T,blake3,cold,spin-0,V2-W2,1,1,1,855440301,1892,2.4302901,2.020168,689444872,152645632,True,spin-0,n/a,,,
linux-arm64,CORE-VERIFY-002/RUN-20260929-14-56e49e2-linux-arm64,T,blake3,cold,spin-0,V0,2,1,2,855440301,1892,1.8765727,2.467185,337678976,75259904,True,spin-0,n/a,,,
linux-arm64,CORE-VERIFY-002/RUN-20260929-14-56e49e2-linux-arm64,T,blake3,cold,spin-0,V1,2,1,3,855440301,1892,1.8821577,1.896027,693851224,165818368,True,spin-0,n/a,,,
linux-arm64,CORE-VERIFY-002/RUN-20260929-14-56e49e2-linux-arm64,T,blake3,cold,spin-0,V2-W2,2,1,4,855440301,1892,1.8544242,2.058358,704067368,185069568,True,spin-0,n/a,,,
linux-arm64,CORE-VERIFY-002/RUN-20260929-14-56e49e2-linux-arm64,T,blake3,cold,spin-0,V0,4,1,5,855440301,1892,1.8580321,2.449397,338496856,76144640,True,spin-0,n/a,,,
linux-arm64,CORE-VERIFY-002/RUN-20260929-14-56e49e2-linux-arm64,T,blake3,cold,spin-0,V1,4,1,6,855440301,1892,1.858006,1.804698,721282928,220516352,True,spin-0,n/a,,,
linux-arm64,CORE-VERIFY-002/RUN-20260929-14-56e49e2-linux-arm64,T,blake3,cold,spin-0,V2-W2,4,1,7,855440301,1892,1.8597711,2.016652,728166568,252289024,True,spin-0,n/a,,,
linux-arm64,CORE-VERIFY-002/RUN-20260929-14-56e49e2-linux-arm64,T,blake3,cold,spin-0,V0,8,1,8,855440301,1892,1.8328366,2.389276,340677720,81170432,True,spin-0,n/a,,,
linux-arm64,CORE-VERIFY-002/RUN-20260929-14-56e49e2-linux-arm64,T,blake3,cold,spin-0,V1,8,1,9,855440301,1892,1.8912929,1.842423,750077872,277954560,True,spin-0,n/a,,,
linux-arm64,CORE-VERIFY-002/RUN-20260929-14-56e49e2-linux-arm64,T,blake3,cold,spin-0,V2-W2,8,1,10,855440301,1892,1.8587408,1.999439,766885408,332075008,True,spin-0,n/a,,,
linux-arm64,CORE-VERIFY-002/RUN-20260929-14-56e49e2-linux-arm64,T,blake3,cold,spin-0,V0,1,1,11,855440301,1892,2.4154657,2.445734,336692696,73596928,True,spin-0,n/a,,,
linux-arm64,CORE-VERIFY-002/RUN-20260929-14-56e49e2-linux-arm64,T,blake3,cold,spin-0,V2-W2,1,2,0,855440301,1892,2.415106,1.997339,685821432,253857792,True,spin-0,n/a,,,
linux-arm64,CORE-VERIFY-002/RUN-20260929-14-56e49e2-linux-arm64,T,blake3,cold,spin-0,V0,2,2,1,855440301,1892,1.8650792,2.440799,337966176,74649600,True,spin-0,n/a,,,
linux-arm64,CORE-VERIFY-002/RUN-20260929-14-56e49e2-linux-arm64,T,blake3,cold,spin-0,V1,2,2,2,855440301,1892,1.8666725,1.830052,699309880,240758784,True,spin-0,n/a,,,
linux-arm64,CORE-VERIFY-002/RUN-20260929-14-56e49e2-linux-arm64,T,blake3,cold,spin-0,V2-W2,2,2,3,855440301,1892,1.8672667,2.041224,693228384,226004992,True,spin-0,n/a,,,
linux-arm64,CORE-VERIFY-002/RUN-20260929-14-56e49e2-linux-arm64,T,blake3,cold,spin-0,V0,4,2,4,855440301,1892,1.8620475,2.399502,338957696,76959744,True,spin-0,n/a,,,
linux-arm64,CORE-VERIFY-002/RUN-20260929-14-56e49e2-linux-arm64,T,blake3,cold,spin-0,V1,4,2,5,855440301,1892,1.8579631,1.859898,712923968,202747904,True,spin-0,n/a,,,
linux-arm64,CORE-VERIFY-002/RUN-20260929-14-56e49e2-linux-arm64,T,blake3,cold,spin-0,V2-W2,4,2,6,855440301,1892,1.8843027,1.997845,730031976,278536192,True,spin-0,n/a,,,
linux-arm64,CORE-VERIFY-002/RUN-20260929-14-56e49e2-linux-arm64,T,blake3,cold,spin-0,V0,8,2,7,855440301,1892,1.8485579,2.413964,340085448,85671936,True,spin-0,n/a,,,
linux-arm64,CORE-VERIFY-002/RUN-20260929-14-56e49e2-linux-arm64,T,blake3,cold,spin-0,V1,8,2,8,855440301,1892,1.8506025,1.803947,759124096,255422464,True,spin-0,n/a,,,
linux-arm64,CORE-VERIFY-002/RUN-20260929-14-56e49e2-linux-arm64,T,blake3,cold,spin-0,V2-W2,8,2,9,855440301,1892,1.8288637,2.016085,756758712,306999296,True,spin-0,n/a,,,
linux-arm64,CORE-VERIFY-002/RUN-20260929-14-56e49e2-linux-arm64,T,blake3,cold,spin-0,V0,1,2,10,855440301,1892,2.6935419,2.40961,336793224,75522048,True,spin-0,n/a,,,
linux-arm64,CORE-VERIFY-002/RUN-20260929-14-56e49e2-linux-arm64,T,blake3,cold,spin-0,V1,1,2,11,855440301,1892,2.6201562,1.901172,679427712,149741568,True,spin-0,n/a,,,
linux-arm64,CORE-VERIFY-002/RUN-20260929-14-56e49e2-linux-arm64,T,blake3,cold,spin-0,V0,2,3,0,855440301,1892,1.8457886,2.437203,337907888,74481664,True,spin-0,n/a,,,
linux-arm64,CORE-VERIFY-002/RUN-20260929-14-56e49e2-linux-arm64,T,blake3,cold,spin-0,V1,2,3,1,855440301,1892,1.8702713,1.905692,691490560,227434496,True,spin-0,n/a,,,
linux-arm64,CORE-VERIFY-002/RUN-20260929-14-56e49e2-linux-arm64,T,blake3,cold,spin-0,V2-W2,2,3,2,855440301,1892,1.8696696,2.069693,707213336,191913984,True,spin-0,n/a,,,
linux-arm64,CORE-VERIFY-002/RUN-20260929-14-56e49e2-linux-arm64,T,blake3,cold,spin-0,V0,4,3,3,855440301,1892,1.9768828,2.483863,339057744,77099008,True,spin-0,n/a,,,
linux-arm64,CORE-VERIFY-002/RUN-20260929-14-56e49e2-linux-arm64,T,blake3,cold,spin-0,V1,4,3,4,855440301,1892,1.8620658,1.847236,717103336,226148352,True,spin-0,n/a,,,
linux-arm64,CORE-VERIFY-002/RUN-20260929-14-56e49e2-linux-arm64,T,blake3,cold,spin-0,V2-W2,4,3,5,855440301,1892,1.8461212,2.021964,717113720,243613696,True,spin-0,n/a,,,
linux-arm64,CORE-VERIFY-002/RUN-20260929-14-56e49e2-linux-arm64,T,blake3,cold,spin-0,V0,8,3,6,855440301,1892,1.8504455,2.452333,340394704,79613952,True,spin-0,n/a,,,
linux-arm64,CORE-VERIFY-002/RUN-20260929-14-56e49e2-linux-arm64,T,blake3,cold,spin-0,V1,8,3,7,855440301,1892,1.8633195,1.889742,762451104,350748672,True,spin-0,n/a,,,
linux-arm64,CORE-VERIFY-002/RUN-20260929-14-56e49e2-linux-arm64,T,blake3,cold,spin-0,V2-W2,8,3,8,855440301,1892,1.8621857,2.115249,776500800,320016384,True,spin-0,n/a,,,
linux-arm64,CORE-VERIFY-002/RUN-20260929-14-56e49e2-linux-arm64,T,blake3,cold,spin-0,V0,1,3,9,855440301,1892,2.8288576,2.459683,336703072,74747904,True,spin-0,n/a,,,
linux-arm64,CORE-VERIFY-002/RUN-20260929-14-56e49e2-linux-arm64,T,blake3,cold,spin-0,V1,1,3,10,855440301,1892,2.770575,1.877136,683561904,161726464,True,spin-0,n/a,,,
linux-arm64,CORE-VERIFY-002/RUN-20260929-14-56e49e2-linux-arm64,T,blake3,cold,spin-0,V2-W2,1,3,11,855440301,1892,2.4527902,2.009728,679811776,193257472,True,spin-0,n/a,,,
linux-arm64,CORE-VERIFY-002/RUN-20260929-14-56e49e2-linux-arm64,T,blake3,cold,spin-0,V1,2,4,0,855440301,1892,1.8733444,1.9475,695390928,166445056,True,spin-0,n/a,,,
linux-arm64,CORE-VERIFY-002/RUN-20260929-14-56e49e2-linux-arm64,T,blake3,cold,spin-0,V2-W2,2,4,1,855440301,1892,1.8667555,2.068604,700226304,185266176,True,spin-0,n/a,,,
linux-arm64,CORE-VERIFY-002/RUN-20260929-14-56e49e2-linux-arm64,T,blake3,cold,spin-0,V0,4,4,2,855440301,1892,1.8551084,2.419942,338999968,76767232,True,spin-0,n/a,,,
linux-arm64,CORE-VERIFY-002/RUN-20260929-14-56e49e2-linux-arm64,T,blake3,cold,spin-0,V1,4,4,3,855440301,1892,2.0240424,1.818357,710833680,199581696,True,spin-0,n/a,,,
linux-arm64,CORE-VERIFY-002/RUN-20260929-14-56e49e2-linux-arm64,T,blake3,cold,spin-0,V2-W2,4,4,4,855440301,1892,1.8423007,2.018449,725635096,234688512,True,spin-0,n/a,,,
linux-arm64,CORE-VERIFY-002/RUN-20260929-14-56e49e2-linux-arm64,T,blake3,cold,spin-0,V0,8,4,5,855440301,1892,1.8456789,2.45165,340056080,80748544,True,spin-0,n/a,,,
linux-arm64,CORE-VERIFY-002/RUN-20260929-14-56e49e2-linux-arm64,T,blake3,cold,spin-0,V1,8,4,6,855440301,1892,1.8582844,1.855481,741167392,240726016,True,spin-0,n/a,,,
linux-arm64,CORE-VERIFY-002/RUN-20260929-14-56e49e2-linux-arm64,T,blake3,cold,spin-0,V2-W2,8,4,7,855440301,1892,2.2293074,1.925953,754070856,295022592,True,spin-0,n/a,,,
linux-arm64,CORE-VERIFY-002/RUN-20260929-14-56e49e2-linux-arm64,T,blake3,cold,spin-0,V0,1,4,8,855440301,1892,2.6358692,2.428124,336811424,74944512,True,spin-0,n/a,,,
linux-arm64,CORE-VERIFY-002/RUN-20260929-14-56e49e2-linux-arm64,T,blake3,cold,spin-0,V1,1,4,9,855440301,1892,2.6878427,1.894699,681490072,132288512,True,spin-0,n/a,,,
linux-arm64,CORE-VERIFY-002/RUN-20260929-14-56e49e2-linux-arm64,T,blake3,cold,spin-0,V2-W2,1,4,10,855440301,1892,2.6604387,2.069458,691539576,156024832,True,spin-0,n/a,,,
linux-arm64,CORE-VERIFY-002/RUN-20260929-14-56e49e2-linux-arm64,T,blake3,cold,spin-0,V0,2,4,11,855440301,1892,1.8773277,2.497725,337851952,76779520,True,spin-0,n/a,,,
linux-arm64,CORE-VERIFY-002/RUN-20260929-14-56e49e2-linux-arm64,T,blake3,cold,spin-0,V2-W2,2,5,0,855440301,1892,1.8557759,2.124591,707886368,227614720,True,spin-0,n/a,,,
linux-arm64,CORE-VERIFY-002/RUN-20260929-14-56e49e2-linux-arm64,T,blake3,cold,spin-0,V0,4,5,1,855440301,1892,1.8963016,2.459306,338938784,76439552,True,spin-0,n/a,,,
linux-arm64,CORE-VERIFY-002/RUN-20260929-14-56e49e2-linux-arm64,T,blake3,cold,spin-0,V1,4,5,2,855440301,1892,1.9091403,1.832987,723809440,219283456,True,spin-0,n/a,,,
linux-arm64,CORE-VERIFY-002/RUN-20260929-14-56e49e2-linux-arm64,T,blake3,cold,spin-0,V2-W2,4,5,3,855440301,1892,1.8566419,2.028348,724899600,233955328,True,spin-0,n/a,,,
linux-arm64,CORE-VERIFY-002/RUN-20260929-14-56e49e2-linux-arm64,T,blake3,cold,spin-0,V0,8,5,4,855440301,1892,1.8545881,2.487352,340294856,79773696,True,spin-0,n/a,,,
linux-arm64,CORE-VERIFY-002/RUN-20260929-14-56e49e2-linux-arm64,T,blake3,cold,spin-0,V1,8,5,5,855440301,1892,1.8599071,1.818128,743406904,243728384,True,spin-0,n/a,,,
linux-arm64,CORE-VERIFY-002/RUN-20260929-14-56e49e2-linux-arm64,T,blake3,cold,spin-0,V2-W2,8,5,6,855440301,1892,1.8441086,2.047051,772215928,354041856,True,spin-0,n/a,,,
linux-arm64,CORE-VERIFY-002/RUN-20260929-14-56e49e2-linux-arm64,T,blake3,cold,spin-0,V0,1,5,7,855440301,1892,2.5500329,2.463615,336809136,72560640,True,spin-0,n/a,,,
linux-arm64,CORE-VERIFY-002/RUN-20260929-14-56e49e2-linux-arm64,T,blake3,cold,spin-0,V1,1,5,8,855440301,1892,2.5018485,1.872278,683578264,142934016,True,spin-0,n/a,,,
linux-arm64,CORE-VERIFY-002/RUN-20260929-14-56e49e2-linux-arm64,T,blake3,cold,spin-0,V2-W2,1,5,9,855440301,1892,2.5366952,2.014343,687401904,163266560,True,spin-0,n/a,,,
linux-arm64,CORE-VERIFY-002/RUN-20260929-14-56e49e2-linux-arm64,T,blake3,cold,spin-0,V0,2,5,10,855440301,1892,1.8554024,2.500804,337631384,74465280,True,spin-0,n/a,,,
linux-arm64,CORE-VERIFY-002/RUN-20260929-14-56e49e2-linux-arm64,T,blake3,cold,spin-0,V1,2,5,11,855440301,1892,1.9403492,1.936645,699351152,161026048,True,spin-0,n/a,,,
linux-arm64,CORE-VERIFY-002/RUN-20260929-14-56e49e2-linux-arm64,T,blake3,cold,spin-0,V0,4,6,0,855440301,1892,1.9731846,2.488953,338627216,76804096,True,spin-0,n/a,,,
linux-arm64,CORE-VERIFY-002/RUN-20260929-14-56e49e2-linux-arm64,T,blake3,cold,spin-0,V1,4,6,1,855440301,1892,1.8548217,1.866058,711458096,200929280,True,spin-0,n/a,,,
linux-arm64,CORE-VERIFY-002/RUN-20260929-14-56e49e2-linux-arm64,T,blake3,cold,spin-0,V2-W2,4,6,2,855440301,1892,1.8438808,2.056566,729512408,280244224,True,spin-0,n/a,,,
linux-arm64,CORE-VERIFY-002/RUN-20260929-14-56e49e2-linux-arm64,T,blake3,cold,spin-0,V0,8,6,3,855440301,1892,1.848232,2.477916,340516712,83726336,True,spin-0,n/a,,,
linux-arm64,CORE-VERIFY-002/RUN-20260929-14-56e49e2-linux-arm64,T,blake3,cold,spin-0,V1,8,6,4,855440301,1892,1.8388936,1.842683,749725720,254799872,True,spin-0,n/a,,,
linux-arm64,CORE-VERIFY-002/RUN-20260929-14-56e49e2-linux-arm64,T,blake3,cold,spin-0,V2-W2,8,6,5,855440301,1892,1.8708865,2.021038,759008096,266194944,True,spin-0,n/a,,,
linux-arm64,CORE-VERIFY-002/RUN-20260929-14-56e49e2-linux-arm64,T,blake3,cold,spin-0,V0,1,6,6,855440301,1892,2.606481,2.524392,337046288,73273344,True,spin-0,n/a,,,
linux-arm64,CORE-VERIFY-002/RUN-20260929-14-56e49e2-linux-arm64,T,blake3,cold,spin-0,V1,1,6,7,855440301,1892,2.5613096,1.923731,679401496,189407232,True,spin-0,n/a,,,
linux-arm64,CORE-VERIFY-002/RUN-20260929-14-56e49e2-linux-arm64,T,blake3,cold,spin-0,V2-W2,1,6,8,855440301,1892,2.448335,2.017453,684883544,186048512,True,spin-0,n/a,,,
linux-arm64,CORE-VERIFY-002/RUN-20260929-14-56e49e2-linux-arm64,T,blake3,cold,spin-0,V0,2,6,9,855440301,1892,1.9199867,2.540412,337595800,75010048,True,spin-0,n/a,,,
linux-arm64,CORE-VERIFY-002/RUN-20260929-14-56e49e2-linux-arm64,T,blake3,cold,spin-0,V1,2,6,10,855440301,1892,2.0181499,1.882995,690986024,158515200,True,spin-0,n/a,,,
linux-arm64,CORE-VERIFY-002/RUN-20260929-14-56e49e2-linux-arm64,T,blake3,cold,spin-0,V2-W2,2,6,11,855440301,1892,2.0677819,2.011421,693320312,228655104,True,spin-0,n/a,,,
linux-arm64,CORE-VERIFY-002/RUN-20260929-14-56e49e2-linux-arm64,T,blake3,cold,spin-0,V1,4,7,0,855440301,1892,1.8639187,1.884621,720292168,213577728,True,spin-0,n/a,,,
linux-arm64,CORE-VERIFY-002/RUN-20260929-14-56e49e2-linux-arm64,T,blake3,cold,spin-0,V2-W2,4,7,1,855440301,1892,1.8604767,2.004714,716344712,247541760,True,spin-0,n/a,,,
linux-arm64,CORE-VERIFY-002/RUN-20260929-14-56e49e2-linux-arm64,T,blake3,cold,spin-0,V0,8,7,2,855440301,1892,1.8579164,2.392009,340662272,80551936,True,spin-0,n/a,,,
linux-arm64,CORE-VERIFY-002/RUN-20260929-14-56e49e2-linux-arm64,T,blake3,cold,spin-0,V1,8,7,3,855440301,1892,1.8540623,1.84655,739119344,262197248,True,spin-0,n/a,,,
linux-arm64,CORE-VERIFY-002/RUN-20260929-14-56e49e2-linux-arm64,T,blake3,cold,spin-0,V2-W2,8,7,4,855440301,1892,1.8374263,2.012316,758729352,282329088,True,spin-0,n/a,,,
linux-arm64,CORE-VERIFY-002/RUN-20260929-14-56e49e2-linux-arm64,T,blake3,cold,spin-0,V0,1,7,5,855440301,1892,2.6248737,2.4185,336483704,73261056,True,spin-0,n/a,,,
linux-arm64,CORE-VERIFY-002/RUN-20260929-14-56e49e2-linux-arm64,T,blake3,cold,spin-0,V1,1,7,6,855440301,1892,2.4935628,1.822084,679357488,155209728,True,spin-0,n/a,,,
linux-arm64,CORE-VERIFY-002/RUN-20260929-14-56e49e2-linux-arm64,T,blake3,cold,spin-0,V2-W2,1,7,7,855440301,1892,2.4477573,2.005515,688280256,178487296,True,spin-0,n/a,,,
linux-arm64,CORE-VERIFY-002/RUN-20260929-14-56e49e2-linux-arm64,T,blake3,cold,spin-0,V0,2,7,8,855440301,1892,2.0062616,2.538157,337633312,74514432,True,spin-0,n/a,,,
linux-arm64,CORE-VERIFY-002/RUN-20260929-14-56e49e2-linux-arm64,T,blake3,cold,spin-0,V1,2,7,9,855440301,1892,2.1588958,1.920762,698355432,205938688,True,spin-0,n/a,,,
linux-arm64,CORE-VERIFY-002/RUN-20260929-14-56e49e2-linux-arm64,T,blake3,cold,spin-0,V2-W2,2,7,10,855440301,1892,1.9630024,2.073105,699802464,179146752,True,spin-0,n/a,,,
linux-arm64,CORE-VERIFY-002/RUN-20260929-14-56e49e2-linux-arm64,T,blake3,cold,spin-0,V0,4,7,11,855440301,1892,1.863207,2.426192,338909608,76464128,True,spin-0,n/a,,,
linux-arm64,CORE-VERIFY-002/RUN-20260929-14-56e49e2-linux-arm64,T,blake3,cold,spin-0,V2-W2,4,8,0,855440301,1892,1.8476805,1.976096,725126728,221167616,True,spin-0,n/a,,,
linux-arm64,CORE-VERIFY-002/RUN-20260929-14-56e49e2-linux-arm64,T,blake3,cold,spin-0,V0,8,8,1,855440301,1892,1.8423018,2.346794,340141304,81149952,True,spin-0,n/a,,,
linux-arm64,CORE-VERIFY-002/RUN-20260929-14-56e49e2-linux-arm64,T,blake3,cold,spin-0,V1,8,8,2,855440301,1892,1.8645865,1.83471,759897040,302288896,True,spin-0,n/a,,,
linux-arm64,CORE-VERIFY-002/RUN-20260929-14-56e49e2-linux-arm64,T,blake3,cold,spin-0,V2-W2,8,8,3,855440301,1892,1.8638664,2.063235,771477640,325038080,True,spin-0,n/a,,,
linux-arm64,CORE-VERIFY-002/RUN-20260929-14-56e49e2-linux-arm64,T,blake3,cold,spin-0,V0,1,8,4,855440301,1892,2.4609757,2.441304,336748160,75173888,True,spin-0,n/a,,,
linux-arm64,CORE-VERIFY-002/RUN-20260929-14-56e49e2-linux-arm64,T,blake3,cold,spin-0,V1,1,8,5,855440301,1892,2.4636521,1.807149,677252616,181903360,True,spin-0,n/a,,,
linux-arm64,CORE-VERIFY-002/RUN-20260929-14-56e49e2-linux-arm64,T,blake3,cold,spin-0,V2-W2,1,8,6,855440301,1892,2.5645827,2.011201,690583000,212754432,True,spin-0,n/a,,,
linux-arm64,CORE-VERIFY-002/RUN-20260929-14-56e49e2-linux-arm64,T,blake3,cold,spin-0,V0,2,8,7,855440301,1892,2.057175,2.433052,337852208,74018816,True,spin-0,n/a,,,
linux-arm64,CORE-VERIFY-002/RUN-20260929-14-56e49e2-linux-arm64,T,blake3,cold,spin-0,V1,2,8,8,855440301,1892,1.8749849,1.901888,689675752,220000256,True,spin-0,n/a,,,
linux-arm64,CORE-VERIFY-002/RUN-20260929-14-56e49e2-linux-arm64,T,blake3,cold,spin-0,V2-W2,2,8,9,855440301,1892,1.8705741,2.119798,716020672,264298496,True,spin-0,n/a,,,
linux-arm64,CORE-VERIFY-002/RUN-20260929-14-56e49e2-linux-arm64,T,blake3,cold,spin-0,V0,4,8,10,855440301,1892,1.8470359,2.398797,338990280,77033472,True,spin-0,n/a,,,
linux-arm64,CORE-VERIFY-002/RUN-20260929-14-56e49e2-linux-arm64,T,blake3,cold,spin-0,V1,4,8,11,855440301,1892,1.8700106,1.829583,714740928,225476608,True,spin-0,n/a,,,
linux-arm64,CORE-VERIFY-002/RUN-20260929-14-56e49e2-linux-arm64,T,blake3,cold,spin-0,V0,8,9,0,855440301,1892,1.8738174,2.334414,339906816,85958656,True,spin-0,n/a,,,
linux-arm64,CORE-VERIFY-002/RUN-20260929-14-56e49e2-linux-arm64,T,blake3,cold,spin-0,V1,8,9,1,855440301,1892,1.8385767,1.827731,746706024,252579840,True,spin-0,n/a,,,
linux-arm64,CORE-VERIFY-002/RUN-20260929-14-56e49e2-linux-arm64,T,blake3,cold,spin-0,V2-W2,8,9,2,855440301,1892,1.8533739,2.028405,752463304,354426880,True,spin-0,n/a,,,
linux-arm64,CORE-VERIFY-002/RUN-20260929-14-56e49e2-linux-arm64,T,blake3,cold,spin-0,V0,1,9,3,855440301,1892,2.4981623,2.452812,336492664,72798208,True,spin-0,n/a,,,
linux-arm64,CORE-VERIFY-002/RUN-20260929-14-56e49e2-linux-arm64,T,blake3,cold,spin-0,V1,1,9,4,855440301,1892,2.4516002,1.855764,679416576,152313856,True,spin-0,n/a,,,
linux-arm64,CORE-VERIFY-002/RUN-20260929-14-56e49e2-linux-arm64,T,blake3,cold,spin-0,V2-W2,1,9,5,855440301,1892,2.4304089,2.013569,681556280,148426752,True,spin-0,n/a,,,
linux-arm64,CORE-VERIFY-002/RUN-20260929-14-56e49e2-linux-arm64,T,blake3,cold,spin-0,V0,2,9,6,855440301,1892,1.8627609,2.50656,337616808,77021184,True,spin-0,n/a,,,
linux-arm64,CORE-VERIFY-002/RUN-20260929-14-56e49e2-linux-arm64,T,blake3,cold,spin-0,V1,2,9,7,855440301,1892,1.8797835,1.909007,699854288,170659840,True,spin-0,n/a,,,
linux-arm64,CORE-VERIFY-002/RUN-20260929-14-56e49e2-linux-arm64,T,blake3,cold,spin-0,V2-W2,2,9,8,855440301,1892,1.8650321,2.065161,699091040,216866816,True,spin-0,n/a,,,
linux-arm64,CORE-VERIFY-002/RUN-20260929-14-56e49e2-linux-arm64,T,blake3,cold,spin-0,V0,4,9,9,855440301,1892,1.8566909,2.430061,338924768,76771328,True,spin-0,n/a,,,
linux-arm64,CORE-VERIFY-002/RUN-20260929-14-56e49e2-linux-arm64,T,blake3,cold,spin-0,V1,4,9,10,855440301,1892,1.8603548,1.903445,723436080,202305536,True,spin-0,n/a,,,
linux-arm64,CORE-VERIFY-002/RUN-20260929-14-56e49e2-linux-arm64,T,blake3,cold,spin-0,V2-W2,4,9,11,855440301,1892,1.857597,1.990131,729840376,252764160,True,spin-0,n/a,,,
linux-arm64,CORE-VERIFY-002/RUN-20260929-14-56e49e2-linux-arm64,T,blake3,throttled,spin-0,V0,1,0,0,855440301,1892,25.8481765,3.514483,4311230296,86323200,True,spin-0,resident,8.481130635448293,1,
linux-arm64,CORE-VERIFY-002/RUN-20260929-14-56e49e2-linux-arm64,T,blake3,throttled,spin-0,V1,1,0,1,855440301,1892,32.1820413,2.405662,2662138040,134287360,True,spin-0,resident,8.908383371906734,1,
linux-arm64,CORE-VERIFY-002/RUN-20260929-14-56e49e2-linux-arm64,T,blake3,throttled,spin-0,V2-W2,1,0,2,855440301,1892,25.0025013,2.391415,2662117568,163057664,True,spin-0,resident,9.170844977261027,1,
linux-arm64,CORE-VERIFY-002/RUN-20260929-14-56e49e2-linux-arm64,T,blake3,throttled,spin-0,V0,2,0,3,855440301,1892,13.3154275,3.567948,4309105376,85655552,True,spin-0,resident,8.6527803756427,1,
linux-arm64,CORE-VERIFY-002/RUN-20260929-14-56e49e2-linux-arm64,T,blake3,throttled,spin-0,V1,2,0,4,855440301,1892,16.4298927,2.453768,2672745584,156348416,True,spin-0,resident,8.929785087801248,1,
linux-arm64,CORE-VERIFY-002/RUN-20260929-14-56e49e2-linux-arm64,T,blake3,throttled,spin-0,V2-W2,2,0,5,855440301,1892,12.6128179,2.375082,2677794120,170512384,True,spin-0,resident,8.79502566439186,1,
linux-arm64,CORE-VERIFY-002/RUN-20260929-14-56e49e2-linux-arm64,T,blake3,throttled,spin-0,V0,4,0,6,855440301,1892,7.1759727,3.026881,4306505112,116785152,True,spin-0,resident,8.993011312499764,1,
linux-arm64,CORE-VERIFY-002/RUN-20260929-14-56e49e2-linux-arm64,T,blake3,throttled,spin-0,V1,4,0,7,855440301,1892,8.7603276,2.271013,2692400864,185049088,True,spin-0,resident,9.116943271860213,1,
linux-arm64,CORE-VERIFY-002/RUN-20260929-14-56e49e2-linux-arm64,T,blake3,throttled,spin-0,V2-W2,4,0,8,855440301,1892,6.585467,2.282743,2697179448,230383616,True,spin-0,resident,9.018823795914429,1,
linux-arm64,CORE-VERIFY-002/RUN-20260929-14-56e49e2-linux-arm64,T,blake3,throttled,spin-0,V0,8,0,9,855440301,1892,3.9328977,2.726972,4306555208,149123072,True,spin-0,resident,8.952919568769357,1,
linux-arm64,CORE-VERIFY-002/RUN-20260929-14-56e49e2-linux-arm64,T,blake3,throttled,spin-0,V1,8,0,10,855440301,1892,4.814071,2.117282,2698120432,224899072,True,spin-0,resident,8.994271382529101,1,
linux-arm64,CORE-VERIFY-002/RUN-20260929-14-56e49e2-linux-arm64,T,blake3,throttled,spin-0,V2-W2,8,0,11,855440301,1892,3.5545231,2.198393,2712743496,260313088,True,spin-0,resident,9.125283285037396,1,
linux-arm64,CORE-VERIFY-002/RUN-20260929-14-56e49e2-linux-arm64,T,blake3,throttled,spin-0,V1,1,1,0,855440301,1892,32.1822768,2.419233,2666144128,141602816,True,spin-0,resident,8.90973854622224,1,
linux-arm64,CORE-VERIFY-002/RUN-20260929-14-56e49e2-linux-arm64,T,blake3,throttled,spin-0,V2-W2,1,1,1,855440301,1892,25.0130519,2.42022,2676560256,160669696,True,spin-0,resident,9.193622257573553,1,
linux-arm64,CORE-VERIFY-002/RUN-20260929-14-56e49e2-linux-arm64,T,blake3,throttled,spin-0,V0,2,1,2,855440301,1892,13.3141744,3.473845,4309245496,92696576,True,spin-0,resident,8.859931949583627,1,
linux-arm64,CORE-VERIFY-002/RUN-20260929-14-56e49e2-linux-arm64,T,blake3,throttled,spin-0,V1,2,1,3,855440301,1892,16.428802,2.323756,2670628144,158748672,True,spin-0,resident,9.082165814140318,1,
linux-arm64,CORE-VERIFY-002/RUN-20260929-14-56e49e2-linux-arm64,T,blake3,throttled,spin-0,V2-W2,2,1,4,855440301,1892,12.6113633,2.343452,2681113480,215384064,True,spin-0,resident,9.065952943635644,1,
linux-arm64,CORE-VERIFY-002/RUN-20260929-14-56e49e2-linux-arm64,T,blake3,throttled,spin-0,V0,4,1,5,855440301,1892,7.1747705,2.942914,4306406632,125222912,True,spin-0,resident,9.026788456185777,1,
linux-arm64,CORE-VERIFY-002/RUN-20260929-14-56e49e2-linux-arm64,T,blake3,throttled,spin-0,V1,4,1,6,855440301,1892,8.7614416,2.266581,2691202576,184156160,True,spin-0,resident,8.691051196311742,1,
linux-arm64,CORE-VERIFY-002/RUN-20260929-14-56e49e2-linux-arm64,T,blake3,throttled,spin-0,V2-W2,4,1,7,855440301,1892,6.5853968,2.287964,2687008424,210907136,True,spin-0,resident,8.949980477401333,1,
linux-arm64,CORE-VERIFY-002/RUN-20260929-14-56e49e2-linux-arm64,T,blake3,throttled,spin-0,V0,8,1,8,855440301,1892,3.9327723,2.713469,4306851464,150716416,True,spin-0,resident,9.094850370729265,1,
linux-arm64,CORE-VERIFY-002/RUN-20260929-14-56e49e2-linux-arm64,T,blake3,throttled,spin-0,V1,8,1,9,855440301,1892,4.8152145,2.119392,2699894144,212742144,True,spin-0,resident,8.578118694380843,1,
linux-arm64,CORE-VERIFY-002/RUN-20260929-14-56e49e2-linux-arm64,T,blake3,throttled,spin-0,V2-W2,8,1,10,855440301,1892,3.565711,2.11068,2709269240,248889344,True,spin-0,resident,9.271166604575168,1,
linux-arm64,CORE-VERIFY-002/RUN-20260929-14-56e49e2-linux-arm64,T,blake3,throttled,spin-0,V0,1,1,11,855440301,1892,25.8488976,3.373925,4310447784,87609344,True,spin-0,resident,8.79080950053823,1,
linux-arm64,CORE-VERIFY-002/RUN-20260929-14-56e49e2-linux-arm64,T,blake3,throttled,spin-0,V2-W2,1,2,0,855440301,1892,24.9956219,2.434389,2662624600,141434880,True,spin-0,resident,9.07146460786688,1,
linux-arm64,CORE-VERIFY-002/RUN-20260929-14-56e49e2-linux-arm64,T,blake3,throttled,spin-0,V0,2,2,1,855440301,1892,13.3153556,3.476382,4308680904,87515136,True,spin-0,resident,9.00853664449133,1,
linux-arm64,CORE-VERIFY-002/RUN-20260929-14-56e49e2-linux-arm64,T,blake3,throttled,spin-0,V1,2,2,2,855440301,1892,16.4296315,2.384627,2675259776,154796032,True,spin-0,resident,9.024080253468627,1,
linux-arm64,CORE-VERIFY-002/RUN-20260929-14-56e49e2-linux-arm64,T,blake3,throttled,spin-0,V2-W2,2,2,3,855440301,1892,12.6068742,2.35148,2673784496,221884416,True,spin-0,resident,9.152392222525561,1,
linux-arm64,CORE-VERIFY-002/RUN-20260929-14-56e49e2-linux-arm64,T,blake3,throttled,spin-0,V0,4,2,4,855440301,1892,7.1765483,3.073434,4306314912,111865856,True,spin-0,resident,8.735507136336793,1,
linux-arm64,CORE-VERIFY-002/RUN-20260929-14-56e49e2-linux-arm64,T,blake3,throttled,spin-0,V1,4,2,5,855440301,1892,8.76061,2.292891,2682640888,181465088,True,spin-0,resident,9.011600647962606,1,
linux-arm64,CORE-VERIFY-002/RUN-20260929-14-56e49e2-linux-arm64,T,blake3,throttled,spin-0,V2-W2,4,2,6,855440301,1892,6.5947667,2.351325,2681520648,249503744,True,spin-0,resident,9.005143640536472,1,
linux-arm64,CORE-VERIFY-002/RUN-20260929-14-56e49e2-linux-arm64,T,blake3,throttled,spin-0,V0,8,2,7,855440301,1892,3.9332588,2.714007,4306388920,150306816,True,spin-0,resident,8.834126386841842,1,
linux-arm64,CORE-VERIFY-002/RUN-20260929-14-56e49e2-linux-arm64,T,blake3,throttled,spin-0,V1,8,2,8,855440301,1892,4.8153168,2.100084,2692549416,212242432,True,spin-0,resident,9.186417252084283,1,
linux-arm64,CORE-VERIFY-002/RUN-20260929-14-56e49e2-linux-arm64,T,blake3,throttled,spin-0,V2-W2,8,2,9,855440301,1892,3.5599789,2.223336,2705428232,238616576,True,spin-0,resident,8.941802630488443,1,
linux-arm64,CORE-VERIFY-002/RUN-20260929-14-56e49e2-linux-arm64,T,blake3,throttled,spin-0,V0,1,2,10,855440301,1892,25.8485796,3.466388,4311546224,86798336,True,spin-0,resident,9.095960862566082,1,
linux-arm64,CORE-VERIFY-002/RUN-20260929-14-56e49e2-linux-arm64,T,blake3,throttled,spin-0,V1,1,2,11,855440301,1892,32.181584,2.400465,2666148912,168398848,True,spin-0,resident,8.940462132751474,1,
linux-arm64,CORE-VERIFY-002/RUN-20260929-14-56e49e2-linux-arm64,T,blake3,throttled,spin-0,V0,2,3,0,855440301,1892,13.3154592,3.545673,4309613568,86200320,True,spin-0,resident,8.914280056118793,1,
linux-arm64,CORE-VERIFY-002/RUN-20260929-14-56e49e2-linux-arm64,T,blake3,throttled,spin-0,V1,2,3,1,855440301,1892,16.4295961,2.338931,2676221016,169525248,True,spin-0,resident,9.002526326878055,1,
linux-arm64,CORE-VERIFY-002/RUN-20260929-14-56e49e2-linux-arm64,T,blake3,throttled,spin-0,V2-W2,2,3,2,855440301,1892,12.6018054,2.306315,2677378912,227917824,True,spin-0,resident,8.801364878214018,1,
linux-arm64,CORE-VERIFY-002/RUN-20260929-14-56e49e2-linux-arm64,T,blake3,throttled,spin-0,V0,4,3,3,855440301,1892,7.1741408,2.93775,4305824000,115585024,True,spin-0,resident,8.868276017789535,1,
linux-arm64,CORE-VERIFY-002/RUN-20260929-14-56e49e2-linux-arm64,T,blake3,throttled,spin-0,V1,4,3,4,855440301,1892,8.760301,2.265605,2683599472,233680896,True,spin-0,resident,9.024790970020721,1,
linux-arm64,CORE-VERIFY-002/RUN-20260929-14-56e49e2-linux-arm64,T,blake3,throttled,spin-0,V2-W2,4,3,5,855440301,1892,6.5948885,2.255192,2686448016,203755520,True,spin-0,resident,8.959467391548166,1,
linux-arm64,CORE-VERIFY-002/RUN-20260929-14-56e49e2-linux-arm64,T,blake3,throttled,spin-0,V0,8,3,6,855440301,1892,3.9333241,2.717792,4306613096,154427392,True,spin-0,resident,9.146172754451976,1,
linux-arm64,CORE-VERIFY-002/RUN-20260929-14-56e49e2-linux-arm64,T,blake3,throttled,spin-0,V1,8,3,7,855440301,1892,4.8157084,2.151232,2706163224,231006208,True,spin-0,resident,8.852360654059234,1,
linux-arm64,CORE-VERIFY-002/RUN-20260929-14-56e49e2-linux-arm64,T,blake3,throttled,spin-0,V2-W2,8,3,8,855440301,1892,3.5542077,2.184718,2704304528,227409920,True,spin-0,resident,9.093970900999821,1,
linux-arm64,CORE-VERIFY-002/RUN-20260929-14-56e49e2-linux-arm64,T,blake3,throttled,spin-0,V0,1,3,9,855440301,1892,25.8488236,3.448135,4310411232,86880256,True,spin-0,resident,8.894733574071621,1,
linux-arm64,CORE-VERIFY-002/RUN-20260929-14-56e49e2-linux-arm64,T,blake3,throttled,spin-0,V1,1,3,10,855440301,1892,32.1816087,2.431007,2666212768,152977408,True,spin-0,resident,8.861927502148374,1,
linux-arm64,CORE-VERIFY-002/RUN-20260929-14-56e49e2-linux-arm64,T,blake3,throttled,spin-0,V2-W2,1,3,11,855440301,1892,25.0532119,2.437339,2664392936,162254848,True,spin-0,resident,9.124025477252767,1,
linux-arm64,CORE-VERIFY-002/RUN-20260929-14-56e49e2-linux-arm64,T,blake3,throttled,spin-0,V1,2,4,0,855440301,1892,16.4287236,2.403028,2671114720,159715328,True,spin-0,resident,8.897586570694324,1,
linux-arm64,CORE-VERIFY-002/RUN-20260929-14-56e49e2-linux-arm64,T,blake3,throttled,spin-0,V2-W2,2,4,1,855440301,1892,12.6257415,2.444261,2679255824,289759232,True,spin-0,resident,9.05725215714202,1,
linux-arm64,CORE-VERIFY-002/RUN-20260929-14-56e49e2-linux-arm64,T,blake3,throttled,spin-0,V0,4,4,2,855440301,1892,7.1757885,3.057149,4305822600,118697984,True,spin-0,resident,8.280400604350687,1,
linux-arm64,CORE-VERIFY-002/RUN-20260929-14-56e49e2-linux-arm64,T,blake3,throttled,spin-0,V1,4,4,3,855440301,1892,8.7614258,2.325574,2692058152,349302784,True,spin-0,resident,8.8443882913474,1,
linux-arm64,CORE-VERIFY-002/RUN-20260929-14-56e49e2-linux-arm64,T,blake3,throttled,spin-0,V2-W2,4,4,4,855440301,1892,6.5825066,2.345515,2692264376,213098496,True,spin-0,resident,9.185592749950171,1,
linux-arm64,CORE-VERIFY-002/RUN-20260929-14-56e49e2-linux-arm64,T,blake3,throttled,spin-0,V0,8,4,5,855440301,1892,3.9334505,2.906817,4306943232,150659072,True,spin-0,resident,8.91531500529554,1,
linux-arm64,CORE-VERIFY-002/RUN-20260929-14-56e49e2-linux-arm64,T,blake3,throttled,spin-0,V1,8,4,6,855440301,1892,4.8142019,2.197096,2699186344,214208512,True,spin-0,resident,8.826191896595825,1,
linux-arm64,CORE-VERIFY-002/RUN-20260929-14-56e49e2-linux-arm64,T,blake3,throttled,spin-0,V2-W2,8,4,7,855440301,1892,3.5578112,2.225386,2707413928,242012160,True,spin-0,resident,8.954540500282967,1,
linux-arm64,CORE-VERIFY-002/RUN-20260929-14-56e49e2-linux-arm64,T,blake3,throttled,spin-0,V0,1,4,8,855440301,1892,25.8486053,3.485484,4311255744,90890240,True,spin-0,resident,9.00494847846636,1,
linux-arm64,CORE-VERIFY-002/RUN-20260929-14-56e49e2-linux-arm64,T,blake3,throttled,spin-0,V1,1,4,9,855440301,1892,32.1819899,2.442755,2662052216,133795840,True,spin-0,resident,9.15088928155264,1,
linux-arm64,CORE-VERIFY-002/RUN-20260929-14-56e49e2-linux-arm64,T,blake3,throttled,spin-0,V2-W2,1,4,10,855440301,1892,24.9852374,2.435021,2664610192,183586816,True,spin-0,resident,9.129042911237821,1,
linux-arm64,CORE-VERIFY-002/RUN-20260929-14-56e49e2-linux-arm64,T,blake3,throttled,spin-0,V0,2,4,11,855440301,1892,13.315729,3.57679,4308479544,89112576,True,spin-0,resident,8.79370351074748,1,
linux-arm64,CORE-VERIFY-002/RUN-20260929-14-56e49e2-linux-arm64,T,blake3,throttled,spin-0,V2-W2,2,5,0,855440301,1892,12.6197386,2.424541,2675077648,168247296,True,spin-0,resident,9.131162485522548,1,
linux-arm64,CORE-VERIFY-002/RUN-20260929-14-56e49e2-linux-arm64,T,blake3,throttled,spin-0,V0,4,5,1,855440301,1892,7.1762498,2.974087,4305777736,111300608,True,spin-0,resident,8.881514409004613,1,
linux-arm64,CORE-VERIFY-002/RUN-20260929-14-56e49e2-linux-arm64,T,blake3,throttled,spin-0,V1,4,5,2,855440301,1892,8.7606349,2.268336,2690929848,200282112,True,spin-0,resident,8.912654448844766,1,
linux-arm64,CORE-VERIFY-002/RUN-20260929-14-56e49e2-linux-arm64,T,blake3,throttled,spin-0,V2-W2,4,5,3,855440301,1892,6.5910446,2.293633,2693275824,202317824,True,spin-0,resident,9.142160345749692,1,
linux-arm64,CORE-VERIFY-002/RUN-20260929-14-56e49e2-linux-arm64,T,blake3,throttled,spin-0,V0,8,5,4,855440301,1892,3.9338203,2.74445,4306518616,153681920,True,spin-0,resident,9.018936155238919,1,
linux-arm64,CORE-VERIFY-002/RUN-20260929-14-56e49e2-linux-arm64,T,blake3,throttled,spin-0,V1,8,5,5,855440301,1892,4.8137467,2.115318,2714302016,303718400,True,spin-0,resident,8.722195148123014,1,
linux-arm64,CORE-VERIFY-002/RUN-20260929-14-56e49e2-linux-arm64,T,blake3,throttled,spin-0,V2-W2,8,5,6,855440301,1892,3.555977,2.2226,2697600736,231677952,True,spin-0,resident,8.765176679329109,1,
linux-arm64,CORE-VERIFY-002/RUN-20260929-14-56e49e2-linux-arm64,T,blake3,throttled,spin-0,V0,1,5,7,855440301,1892,25.8484892,3.403116,4310342872,85434368,True,spin-0,resident,9.000539055029527,1,
linux-arm64,CORE-VERIFY-002/RUN-20260929-14-56e49e2-linux-arm64,T,blake3,throttled,spin-0,V1,1,5,8,855440301,1892,32.1819951,2.343902,2661807144,166674432,True,spin-0,resident,8.701815356365197,1,
linux-arm64,CORE-VERIFY-002/RUN-20260929-14-56e49e2-linux-arm64,T,blake3,throttled,spin-0,V2-W2,1,5,9,855440301,1892,24.9898625,2.401865,2660738688,186966016,True,spin-0,resident,8.878632281856035,1,
linux-arm64,CORE-VERIFY-002/RUN-20260929-14-56e49e2-linux-arm64,T,blake3,throttled,spin-0,V0,2,5,10,855440301,1892,13.3157341,3.483882,4308438952,87785472,True,spin-0,resident,9.159460433675168,1,
linux-arm64,CORE-VERIFY-002/RUN-20260929-14-56e49e2-linux-arm64,T,blake3,throttled,spin-0,V1,2,5,11,855440301,1892,16.4308127,2.38167,2675746152,157466624,True,spin-0,resident,8.958922363173997,1,
linux-arm64,CORE-VERIFY-002/RUN-20260929-14-56e49e2-linux-arm64,T,blake3,throttled,spin-0,V0,4,6,0,855440301,1892,7.1749861,3.071546,4306199360,112312320,True,spin-0,resident,9.072309603587428,1,
linux-arm64,CORE-VERIFY-002/RUN-20260929-14-56e49e2-linux-arm64,T,blake3,throttled,spin-0,V1,4,6,1,855440301,1892,8.7604651,2.293121,2685633720,197947392,True,spin-0,resident,8.727259599105567,1,
linux-arm64,CORE-VERIFY-002/RUN-20260929-14-56e49e2-linux-arm64,T,blake3,throttled,spin-0,V2-W2,4,6,2,855440301,1892,6.5956172,2.31214,2686961648,316739584,True,spin-0,resident,9.234050226555684,1,
linux-arm64,CORE-VERIFY-002/RUN-20260929-14-56e49e2-linux-arm64,T,blake3,throttled,spin-0,V0,8,6,3,855440301,1892,3.9332553,2.729087,4307243032,127700992,True,spin-0,resident,8.972755298342982,1,
linux-arm64,CORE-VERIFY-002/RUN-20260929-14-56e49e2-linux-arm64,T,blake3,throttled,spin-0,V1,8,6,4,855440301,1892,4.8137367,2.12725,2700624096,230285312,True,spin-0,resident,9.017501897853023,1,
linux-arm64,CORE-VERIFY-002/RUN-20260929-14-56e49e2-linux-arm64,T,blake3,throttled,spin-0,V2-W2,8,6,5,855440301,1892,3.5580472,2.20017,2708629472,239718400,True,spin-0,resident,9.174401160045209,1,
linux-arm64,CORE-VERIFY-002/RUN-20260929-14-56e49e2-linux-arm64,T,blake3,throttled,spin-0,V0,1,6,6,855440301,1892,25.8486518,3.46797,4311326904,87117824,True,spin-0,resident,8.784469710495202,1,
linux-arm64,CORE-VERIFY-002/RUN-20260929-14-56e49e2-linux-arm64,T,blake3,throttled,spin-0,V1,1,6,7,855440301,1892,32.1813733,2.457812,2662009808,148361216,True,spin-0,resident,8.910029214712825,1,
linux-arm64,CORE-VERIFY-002/RUN-20260929-14-56e49e2-linux-arm64,T,blake3,throttled,spin-0,V2-W2,1,6,8,855440301,1892,24.9839349,2.379806,2668803728,163508224,True,spin-0,resident,8.987480936498605,1,
linux-arm64,CORE-VERIFY-002/RUN-20260929-14-56e49e2-linux-arm64,T,blake3,throttled,spin-0,V0,2,6,9,855440301,1892,13.3160125,3.549414,4308806104,85401600,True,spin-0,resident,8.913027161755055,1,
linux-arm64,CORE-VERIFY-002/RUN-20260929-14-56e49e2-linux-arm64,T,blake3,throttled,spin-0,V1,2,6,10,855440301,1892,16.4284892,2.333121,2670274528,166825984,True,spin-0,resident,9.124888434648108,1,
linux-arm64,CORE-VERIFY-002/RUN-20260929-14-56e49e2-linux-arm64,T,blake3,throttled,spin-0,V2-W2,2,6,11,855440301,1892,12.6269518,2.396923,2674512528,183173120,True,spin-0,resident,9.051739360615287,1,
linux-arm64,CORE-VERIFY-002/RUN-20260929-14-56e49e2-linux-arm64,T,blake3,throttled,spin-0,V1,4,7,0,855440301,1892,8.760217,2.25097,2678303128,173133824,True,spin-0,resident,8.906653415228202,1,
linux-arm64,CORE-VERIFY-002/RUN-20260929-14-56e49e2-linux-arm64,T,blake3,throttled,spin-0,V2-W2,4,7,1,855440301,1892,6.5925732,2.306586,2692764472,204357632,True,spin-0,resident,9.295417101558982,1,
linux-arm64,CORE-VERIFY-002/RUN-20260929-14-56e49e2-linux-arm64,T,blake3,throttled,spin-0,V0,8,7,2,855440301,1892,3.9324046,2.810064,4307309512,147943424,True,spin-0,resident,8.475898442907669,1,
linux-arm64,CORE-VERIFY-002/RUN-20260929-14-56e49e2-linux-arm64,T,blake3,throttled,spin-0,V1,8,7,3,855440301,1892,4.8161197,2.116081,2691928528,282460160,True,spin-0,resident,9.023989201638246,1,
linux-arm64,CORE-VERIFY-002/RUN-20260929-14-56e49e2-linux-arm64,T,blake3,throttled,spin-0,V2-W2,8,7,4,855440301,1892,3.5503891,2.228685,2714724728,244928512,True,spin-0,resident,8.851884562840713,1,
linux-arm64,CORE-VERIFY-002/RUN-20260929-14-56e49e2-linux-arm64,T,blake3,throttled,spin-0,V0,1,7,5,855440301,1892,25.8492056,3.410897,4310633640,85565440,True,spin-0,resident,8.923265192059162,1,
linux-arm64,CORE-VERIFY-002/RUN-20260929-14-56e49e2-linux-arm64,T,blake3,throttled,spin-0,V1,1,7,6,855440301,1892,32.181669,2.384186,2662087280,168329216,True,spin-0,resident,9.093514386118473,1,
linux-arm64,CORE-VERIFY-002/RUN-20260929-14-56e49e2-linux-arm64,T,blake3,throttled,spin-0,V2-W2,1,7,7,855440301,1892,25.0030578,2.395141,2662797248,161595392,True,spin-0,resident,9.038868569948308,1,
linux-arm64,CORE-VERIFY-002/RUN-20260929-14-56e49e2-linux-arm64,T,blake3,throttled,spin-0,V0,2,7,8,855440301,1892,13.3159164,3.565899,4308725032,84967424,True,spin-0,resident,9.231440999242228,1,
linux-arm64,CORE-VERIFY-002/RUN-20260929-14-56e49e2-linux-arm64,T,blake3,throttled,spin-0,V1,2,7,9,855440301,1892,16.4297012,2.507757,2675783248,159432704,True,spin-0,resident,8.937251363254195,1,
linux-arm64,CORE-VERIFY-002/RUN-20260929-14-56e49e2-linux-arm64,T,blake3,throttled,spin-0,V2-W2,2,7,10,855440301,1892,12.6051444,2.388237,2675610184,162082816,True,spin-0,resident,8.76425245241906,1,
linux-arm64,CORE-VERIFY-002/RUN-20260929-14-56e49e2-linux-arm64,T,blake3,throttled,spin-0,V0,4,7,11,855440301,1892,7.1750931,3.046704,4305619456,114843648,True,spin-0,resident,8.847021191617568,1,
linux-arm64,CORE-VERIFY-002/RUN-20260929-14-56e49e2-linux-arm64,T,blake3,throttled,spin-0,V2-W2,4,8,0,855440301,1892,6.5923411,2.343803,2694950680,304701440,True,spin-0,resident,9.247092901830907,1,
linux-arm64,CORE-VERIFY-002/RUN-20260929-14-56e49e2-linux-arm64,T,blake3,throttled,spin-0,V0,8,8,1,855440301,1892,3.9337773,2.869537,4306592256,159608832,True,spin-0,resident,8.801480623770948,1,
linux-arm64,CORE-VERIFY-002/RUN-20260929-14-56e49e2-linux-arm64,T,blake3,throttled,spin-0,V1,8,8,2,855440301,1892,4.8155502,2.134418,2706759192,244576256,True,spin-0,resident,8.928063295946972,1,
linux-arm64,CORE-VERIFY-002/RUN-20260929-14-56e49e2-linux-arm64,T,blake3,throttled,spin-0,V2-W2,8,8,3,855440301,1892,3.5535722,2.186265,2695841456,232468480,True,spin-0,resident,8.822756370340986,1,
linux-arm64,CORE-VERIFY-002/RUN-20260929-14-56e49e2-linux-arm64,T,blake3,throttled,spin-0,V0,1,8,4,855440301,1892,25.8490136,3.47425,4310537704,88621056,True,spin-0,resident,8.929461045599165,1,
linux-arm64,CORE-VERIFY-002/RUN-20260929-14-56e49e2-linux-arm64,T,blake3,throttled,spin-0,V1,1,8,5,855440301,1892,32.1819154,2.40495,2666176400,141733888,True,spin-0,resident,8.524367664552999,1,
linux-arm64,CORE-VERIFY-002/RUN-20260929-14-56e49e2-linux-arm64,T,blake3,throttled,spin-0,V2-W2,1,8,6,855440301,1892,24.9939591,2.368737,2668703832,152252416,True,spin-0,resident,9.048852867554022,1,
linux-arm64,CORE-VERIFY-002/RUN-20260929-14-56e49e2-linux-arm64,T,blake3,throttled,spin-0,V0,2,8,7,855440301,1892,13.313753,3.493522,4308399128,86212608,True,spin-0,resident,8.797150299441721,1,
linux-arm64,CORE-VERIFY-002/RUN-20260929-14-56e49e2-linux-arm64,T,blake3,throttled,spin-0,V1,2,8,8,855440301,1892,16.4301138,2.347476,2675212216,171069440,True,spin-0,resident,8.944459660967851,1,
linux-arm64,CORE-VERIFY-002/RUN-20260929-14-56e49e2-linux-arm64,T,blake3,throttled,spin-0,V2-W2,2,8,9,855440301,1892,12.6140969,2.318228,2671698264,176832512,True,spin-0,resident,8.983734398451388,1,
linux-arm64,CORE-VERIFY-002/RUN-20260929-14-56e49e2-linux-arm64,T,blake3,throttled,spin-0,V0,4,8,10,855440301,1892,7.1773539,2.952191,4306313432,121876480,True,spin-0,resident,9.152896987986816,1,
linux-arm64,CORE-VERIFY-002/RUN-20260929-14-56e49e2-linux-arm64,T,blake3,throttled,spin-0,V1,4,8,11,855440301,1892,8.7593321,2.274521,2689981016,191016960,True,spin-0,resident,9.018353283418366,1,
linux-arm64,CORE-VERIFY-002/RUN-20260929-14-56e49e2-linux-arm64,T,blake3,throttled,spin-0,V0,8,9,0,855440301,1892,3.9334574,2.831877,4306501592,157843456,True,spin-0,resident,8.694515851171689,1,
linux-arm64,CORE-VERIFY-002/RUN-20260929-14-56e49e2-linux-arm64,T,blake3,throttled,spin-0,V1,8,9,1,855440301,1892,4.8154477,2.134436,2691724200,204890112,True,spin-0,resident,9.008973984629492,1,
linux-arm64,CORE-VERIFY-002/RUN-20260929-14-56e49e2-linux-arm64,T,blake3,throttled,spin-0,V2-W2,8,9,2,855440301,1892,3.5587417,2.169111,2696411208,215453696,True,spin-0,resident,9.210207880110609,1,
linux-arm64,CORE-VERIFY-002/RUN-20260929-14-56e49e2-linux-arm64,T,blake3,throttled,spin-0,V0,1,9,3,855440301,1892,25.8486707,3.489239,4310522584,85434368,True,spin-0,resident,8.862133742115315,1,
linux-arm64,CORE-VERIFY-002/RUN-20260929-14-56e49e2-linux-arm64,T,blake3,throttled,spin-0,V1,1,9,4,855440301,1892,32.1821238,2.407196,2662002784,157822976,True,spin-0,resident,8.857980079296297,1,
linux-arm64,CORE-VERIFY-002/RUN-20260929-14-56e49e2-linux-arm64,T,blake3,throttled,spin-0,V2-W2,1,9,5,855440301,1892,25.0574873,2.398057,2663866392,220803072,True,spin-0,resident,8.910784683245552,1,
linux-arm64,CORE-VERIFY-002/RUN-20260929-14-56e49e2-linux-arm64,T,blake3,throttled,spin-0,V0,2,9,6,855440301,1892,13.3147807,3.589337,4308401008,85905408,True,spin-0,resident,8.998609602421281,1,
linux-arm64,CORE-VERIFY-002/RUN-20260929-14-56e49e2-linux-arm64,T,blake3,throttled,spin-0,V1,2,9,7,855440301,1892,16.4302045,2.332958,2675199520,174321664,True,spin-0,resident,8.995770684979364,1,
linux-arm64,CORE-VERIFY-002/RUN-20260929-14-56e49e2-linux-arm64,T,blake3,throttled,spin-0,V2-W2,2,9,8,855440301,1892,12.6001027,2.350163,2685500968,185815040,True,spin-0,resident,8.682539779307678,1,
linux-arm64,CORE-VERIFY-002/RUN-20260929-14-56e49e2-linux-arm64,T,blake3,throttled,spin-0,V0,4,9,9,855440301,1892,7.1764843,3.000889,4306594448,114786304,True,spin-0,resident,8.813771420408692,1,
linux-arm64,CORE-VERIFY-002/RUN-20260929-14-56e49e2-linux-arm64,T,blake3,throttled,spin-0,V1,4,9,10,855440301,1892,8.7619314,2.249829,2680081576,179347456,True,spin-0,resident,8.7483656326504,1,
linux-arm64,CORE-VERIFY-002/RUN-20260929-14-56e49e2-linux-arm64,T,blake3,throttled,spin-0,V2-W2,4,9,11,855440301,1892,6.5834221,2.254377,2692566624,329871360,True,spin-0,resident,9.05757926771503,1,
linux-x64,CORE-VERIFY-002/RUN-20260929-14-56e49e2-linux-x64,T,blake3,warm,spin-0,V0,1,0,0,855440301,1892,1.4238432,2.037671,336335520,84709376,True,spin-0,resident,13.218465542080315,1,
linux-x64,CORE-VERIFY-002/RUN-20260929-14-56e49e2-linux-x64,T,blake3,warm,spin-0,V1,1,0,1,855440301,1892,0.9777881,1.332453,679315912,147730432,True,spin-0,resident,12.931128751295573,1,
linux-x64,CORE-VERIFY-002/RUN-20260929-14-56e49e2-linux-x64,T,blake3,warm,spin-0,V2-W2,1,0,2,855440301,1892,0.8594187,1.579644,687168168,198856704,True,spin-0,resident,12.720053277213323,1,
linux-x64,CORE-VERIFY-002/RUN-20260929-14-56e49e2-linux-x64,T,blake3,warm,spin-0,V0,2,0,3,855440301,1892,0.8022688,1.974022,337398608,85446656,True,spin-0,resident,13.070809236481288,1,
linux-x64,CORE-VERIFY-002/RUN-20260929-14-56e49e2-linux-x64,T,blake3,warm,spin-0,V1,2,0,4,855440301,1892,0.6001965,1.241832,693846288,162017280,True,spin-0,resident,13.562323535023728,1,
linux-x64,CORE-VERIFY-002/RUN-20260929-14-56e49e2-linux-x64,T,blake3,warm,spin-0,V2-W2,2,0,5,855440301,1892,0.5261262,1.360723,699298472,211689472,True,spin-0,resident,13.467720393218656,1,
linux-x64,CORE-VERIFY-002/RUN-20260929-14-56e49e2-linux-x64,T,blake3,warm,spin-0,V0,4,0,6,855440301,1892,0.5890611,2.037821,338332480,90595328,True,spin-0,resident,13.641751218305462,1,
linux-x64,CORE-VERIFY-002/RUN-20260929-14-56e49e2-linux-x64,T,blake3,warm,spin-0,V1,4,0,7,855440301,1892,0.4316978,1.388584,720929584,226070528,True,spin-0,resident,13.244505030648973,1,
linux-x64,CORE-VERIFY-002/RUN-20260929-14-56e49e2-linux-x64,T,blake3,warm,spin-0,V2-W2,4,0,8,855440301,1892,0.4373743,1.508101,737870104,250798080,True,spin-0,resident,13.11871536688385,1,
linux-x64,CORE-VERIFY-002/RUN-20260929-14-56e49e2-linux-x64,T,blake3,warm,spin-0,V0,8,0,9,855440301,1892,0.5960201,2.177159,339413616,101412864,True,spin-0,resident,12.68993028664584,1,
linux-x64,CORE-VERIFY-002/RUN-20260929-14-56e49e2-linux-x64,T,blake3,warm,spin-0,V1,8,0,10,855440301,1892,0.3860574,1.38194,756913064,273793024,True,spin-0,resident,13.434575367221806,1,
linux-x64,CORE-VERIFY-002/RUN-20260929-14-56e49e2-linux-x64,T,blake3,warm,spin-0,V2-W2,8,0,11,855440301,1892,0.456903,1.673759,769738240,362995712,True,spin-0,resident,13.106545199137056,1,
linux-x64,CORE-VERIFY-002/RUN-20260929-14-56e49e2-linux-x64,T,blake3,warm,spin-0,V1,1,1,0,855440301,1892,0.9990433,1.362523,679329240,152518656,True,spin-0,resident,12.158820897696547,1,
linux-x64,CORE-VERIFY-002/RUN-20260929-14-56e49e2-linux-x64,T,blake3,warm,spin-0,V2-W2,1,1,1,855440301,1892,0.9249893,1.669094,679275248,194023424,True,spin-0,resident,12.455249920274913,1,
linux-x64,CORE-VERIFY-002/RUN-20260929-14-56e49e2-linux-x64,T,blake3,warm,spin-0,V0,2,1,2,855440301,1892,0.8566051,2.017001,337723896,82911232,True,spin-0,resident,13.071771717801884,1,
linux-x64,CORE-VERIFY-002/RUN-20260929-14-56e49e2-linux-x64,T,blake3,warm,spin-0,V1,2,1,3,855440301,1892,0.5872428,1.333507,693105448,172650496,True,spin-0,resident,12.794524782574886,1,
linux-x64,CORE-VERIFY-002/RUN-20260929-14-56e49e2-linux-x64,T,blake3,warm,spin-0,V2-W2,2,1,4,855440301,1892,0.5445482,1.414574,693265016,208936960,True,spin-0,resident,12.962682733076138,1,
linux-x64,CORE-VERIFY-002/RUN-20260929-14-56e49e2-linux-x64,T,blake3,warm,spin-0,V0,4,1,5,855440301,1892,0.5761803,1.987807,338403408,89165824,True,spin-0,resident,13.092297864394634,1,
linux-x64,CORE-VERIFY-002/RUN-20260929-14-56e49e2-linux-x64,T,blake3,warm,spin-0,V1,4,1,6,855440301,1892,0.3927434,1.295963,715429064,194686976,True,spin-0,resident,13.403257684969796,1,
linux-x64,CORE-VERIFY-002/RUN-20260929-14-56e49e2-linux-x64,T,blake3,warm,spin-0,V2-W2,4,1,7,855440301,1892,0.4510716,1.50039,738780768,323608576,True,spin-0,resident,13.056079387972288,1,
linux-x64,CORE-VERIFY-002/RUN-20260929-14-56e49e2-linux-x64,T,blake3,warm,spin-0,V0,8,1,8,855440301,1892,0.5119569,1.875936,339118432,106364928,True,spin-0,resident,13.047856270439643,1,
linux-x64,CORE-VERIFY-002/RUN-20260929-14-56e49e2-linux-x64,T,blake3,warm,spin-0,V1,8,1,9,855440301,1892,0.3956961,1.387429,758689128,273231872,True,spin-0,resident,13.360792926977325,1,
linux-x64,CORE-VERIFY-002/RUN-20260929-14-56e49e2-linux-x64,T,blake3,warm,spin-0,V2-W2,8,1,10,855440301,1892,0.4473909,1.659639,763019664,315727872,True,spin-0,resident,12.848795259704673,1,
linux-x64,CORE-VERIFY-002/RUN-20260929-14-56e49e2-linux-x64,T,blake3,warm,spin-0,V0,1,1,11,855440301,1892,1.3340734,1.951005,336274496,85553152,True,spin-0,resident,12.999074218183091,1,
linux-x64,CORE-VERIFY-002/RUN-20260929-14-56e49e2-linux-x64,T,blake3,warm,spin-0,V2-W2,1,2,0,855440301,1892,0.8928487,1.660534,676782576,168165376,True,spin-0,resident,13.422151788070789,1,
linux-x64,CORE-VERIFY-002/RUN-20260929-14-56e49e2-linux-x64,T,blake3,warm,spin-0,V0,2,2,1,855440301,1892,0.8129565,1.860734,337438384,83345408,True,spin-0,resident,13.249145550309906,1,
linux-x64,CORE-VERIFY-002/RUN-20260929-14-56e49e2-linux-x64,T,blake3,warm,spin-0,V1,2,2,2,855440301,1892,0.8290916,1.965808,687733064,164720640,True,spin-0,resident,13.250509927539776,1,
linux-x64,CORE-VERIFY-002/RUN-20260929-14-56e49e2-linux-x64,T,blake3,warm,spin-0,V2-W2,2,2,3,855440301,1892,0.531622,1.414344,707056176,245641216,True,spin-0,resident,13.047937577511416,1,
linux-x64,CORE-VERIFY-002/RUN-20260929-14-56e49e2-linux-x64,T,blake3,warm,spin-0,V0,4,2,4,855440301,1892,0.5428955,1.808777,338785392,88682496,True,spin-0,resident,13.511837319178143,1,
linux-x64,CORE-VERIFY-002/RUN-20260929-14-56e49e2-linux-x64,T,blake3,warm,spin-0,V1,4,2,5,855440301,1892,0.4015575,1.321186,734230984,274485248,True,spin-0,resident,13.819303427783684,1,
linux-x64,CORE-VERIFY-002/RUN-20260929-14-56e49e2-linux-x64,T,blake3,warm,spin-0,V2-W2,4,2,6,855440301,1892,0.4428778,1.502921,745137048,306733056,True,spin-0,resident,13.320101438506313,1,
linux-x64,CORE-VERIFY-002/RUN-20260929-14-56e49e2-linux-x64,T,blake3,warm,spin-0,V0,8,2,7,855440301,1892,0.5456218,2.005611,339016376,104116224,True,spin-0,resident,13.209347449804351,1,
linux-x64,CORE-VERIFY-002/RUN-20260929-14-56e49e2-linux-x64,T,blake3,warm,spin-0,V1,8,2,8,855440301,1892,0.3965916,1.401766,754017856,288014336,True,spin-0,resident,13.777889330194538,1,
linux-x64,CORE-VERIFY-002/RUN-20260929-14-56e49e2-linux-x64,T,blake3,warm,spin-0,V2-W2,8,2,9,855440301,1892,0.4296663,1.545616,783138208,291733504,True,spin-0,resident,13.37646345280852,1,
linux-x64,CORE-VERIFY-002/RUN-20260929-14-56e49e2-linux-x64,T,blake3,warm,spin-0,V0,1,2,10,855440301,1892,1.3428611,2.044287,336539368,82407424,True,spin-0,resident,13.682900745082156,1,
linux-x64,CORE-VERIFY-002/RUN-20260929-14-56e49e2-linux-x64,T,blake3,warm,spin-0,V1,1,2,11,855440301,1892,0.9594335,1.309846,677152216,168185856,True,spin-0,resident,12.903827807446136,1,
linux-x64,CORE-VERIFY-002/RUN-20260929-14-56e49e2-linux-x64,T,blake3,warm,spin-0,V0,2,3,0,855440301,1892,0.8336482,1.91543,337417712,83578880,True,spin-0,resident,13.35259841290222,1,
linux-x64,CORE-VERIFY-002/RUN-20260929-14-56e49e2-linux-x64,T,blake3,warm,spin-0,V1,2,3,1,855440301,1892,0.6355537,1.525161,687708856,204410880,True,spin-0,resident,12.403710082977012,1,
linux-x64,CORE-VERIFY-002/RUN-20260929-14-56e49e2-linux-x64,T,blake3,warm,spin-0,V2-W2,2,3,2,855440301,1892,0.5409756,1.392303,691169024,219033600,True,spin-0,resident,12.654260206756096,1,
linux-x64,CORE-VERIFY-002/RUN-20260929-14-56e49e2-linux-x64,T,blake3,warm,spin-0,V0,4,3,3,855440301,1892,0.5534235,1.841761,338432000,91467776,True,spin-0,resident,13.637168730634487,1,
linux-x64,CORE-VERIFY-002/RUN-20260929-14-56e49e2-linux-x64,T,blake3,warm,spin-0,V1,4,3,4,855440301,1892,0.4074025,1.313393,716982176,240267264,True,spin-0,resident,13.254517539400215,1,
linux-x64,CORE-VERIFY-002/RUN-20260929-14-56e49e2-linux-x64,T,blake3,warm,spin-0,V2-W2,4,3,5,855440301,1892,0.4275797,1.470369,735028656,260132864,True,spin-0,resident,12.805938563722645,1,
linux-x64,CORE-VERIFY-002/RUN-20260929-14-56e49e2-linux-x64,T,blake3,warm,spin-0,V0,8,3,6,855440301,1892,0.6076482,2.235423,339318216,103350272,True,spin-0,resident,13.128480403389407,1,
linux-x64,CORE-VERIFY-002/RUN-20260929-14-56e49e2-linux-x64,T,blake3,warm,spin-0,V1,8,3,7,855440301,1892,0.4003044,1.400841,755356680,282394624,True,spin-0,resident,13.282330344082514,1,
linux-x64,CORE-VERIFY-002/RUN-20260929-14-56e49e2-linux-x64,T,blake3,warm,spin-0,V2-W2,8,3,8,855440301,1892,0.4318411,1.581267,771949536,320847872,True,spin-0,resident,13.364341171631557,1,
linux-x64,CORE-VERIFY-002/RUN-20260929-14-56e49e2-linux-x64,T,blake3,warm,spin-0,V0,1,3,9,855440301,1892,1.3456801,1.97217,336572976,83030016,True,spin-0,resident,12.952133273306421,1,
linux-x64,CORE-VERIFY-002/RUN-20260929-14-56e49e2-linux-x64,T,blake3,warm,spin-0,V1,1,3,10,855440301,1892,0.9739452,1.323363,679321520,164696064,True,spin-0,resident,13.015523865244194,1,
linux-x64,CORE-VERIFY-002/RUN-20260929-14-56e49e2-linux-x64,T,blake3,warm,spin-0,V2-W2,1,3,11,855440301,1892,0.8935818,1.577777,680733072,185434112,True,spin-0,resident,12.056714385331771,1,
linux-x64,CORE-VERIFY-002/RUN-20260929-14-56e49e2-linux-x64,T,blake3,warm,spin-0,V1,2,4,0,855440301,1892,0.623117,1.474076,696092736,170336256,True,spin-0,resident,13.063709375235886,1,
linux-x64,CORE-VERIFY-002/RUN-20260929-14-56e49e2-linux-x64,T,blake3,warm,spin-0,V2-W2,2,4,1,855440301,1892,0.5356054,1.417174,697382320,220016640,True,spin-0,resident,12.745304087332011,1,
linux-x64,CORE-VERIFY-002/RUN-20260929-14-56e49e2-linux-x64,T,blake3,warm,spin-0,V0,4,4,2,855440301,1892,0.5408358,1.816696,338070288,86433792,True,spin-0,resident,13.503476651051486,1,
linux-x64,CORE-VERIFY-002/RUN-20260929-14-56e49e2-linux-x64,T,blake3,warm,spin-0,V1,4,4,3,855440301,1892,0.4154366,1.333665,710819544,238489600,True,spin-0,resident,12.32899089522438,1,
linux-x64,CORE-VERIFY-002/RUN-20260929-14-56e49e2-linux-x64,T,blake3,warm,spin-0,V2-W2,4,4,4,855440301,1892,0.4296779,1.495253,731426360,262991872,True,spin-0,resident,13.141833236343782,1,
linux-x64,CORE-VERIFY-002/RUN-20260929-14-56e49e2-linux-x64,T,blake3,warm,spin-0,V0,8,4,5,855440301,1892,0.5290605,1.923803,339826576,109785088,True,spin-0,resident,13.162644677993615,1,
linux-x64,CORE-VERIFY-002/RUN-20260929-14-56e49e2-linux-x64,T,blake3,warm,spin-0,V1,8,4,6,855440301,1892,0.4258053,1.47077,757436408,288452608,True,spin-0,resident,13.409824422078126,1,
linux-x64,CORE-VERIFY-002/RUN-20260929-14-56e49e2-linux-x64,T,blake3,warm,spin-0,V2-W2,8,4,7,855440301,1892,0.4642028,1.686006,763719984,316600320,True,spin-0,resident,13.214767323944471,1,
linux-x64,CORE-VERIFY-002/RUN-20260929-14-56e49e2-linux-x64,T,blake3,warm,spin-0,V0,1,4,8,855440301,1892,1.3239775,1.963951,336564896,83374080,True,spin-0,resident,13.798530340228492,1,
linux-x64,CORE-VERIFY-002/RUN-20260929-14-56e49e2-linux-x64,T,blake3,warm,spin-0,V1,1,4,9,855440301,1892,0.992833,1.340968,679291072,172691456,True,spin-0,resident,12.714642648897067,1,
linux-x64,CORE-VERIFY-002/RUN-20260929-14-56e49e2-linux-x64,T,blake3,warm,spin-0,V2-W2,1,4,10,855440301,1892,0.8922636,1.672812,684906352,208166912,True,spin-0,resident,12.404239871727842,1,
linux-x64,CORE-VERIFY-002/RUN-20260929-14-56e49e2-linux-x64,T,blake3,warm,spin-0,V0,2,4,11,855440301,1892,0.8565963,2.162946,337453136,84094976,True,spin-0,resident,13.163333156844084,1,
linux-x64,CORE-VERIFY-002/RUN-20260929-14-56e49e2-linux-x64,T,blake3,warm,spin-0,V2-W2,2,5,0,855440301,1892,0.5269876,1.379533,702047496,219402240,True,spin-0,resident,13.007402213871853,1,
linux-x64,CORE-VERIFY-002/RUN-20260929-14-56e49e2-linux-x64,T,blake3,warm,spin-0,V0,4,5,1,855440301,1892,0.5731771,1.967882,338657280,87240704,True,spin-0,resident,13.112034247821517,1,
linux-x64,CORE-VERIFY-002/RUN-20260929-14-56e49e2-linux-x64,T,blake3,warm,spin-0,V1,4,5,2,855440301,1892,0.4208001,1.305275,719128248,210640896,True,spin-0,resident,13.323132123595727,1,
linux-x64,CORE-VERIFY-002/RUN-20260929-14-56e49e2-linux-x64,T,blake3,warm,spin-0,V2-W2,4,5,3,855440301,1892,0.4292508,1.4801,736447488,255148032,True,spin-0,resident,12.78756829073751,1,
linux-x64,CORE-VERIFY-002/RUN-20260929-14-56e49e2-linux-x64,T,blake3,warm,spin-0,V0,8,5,4,855440301,1892,0.5294326,1.942083,339283024,120303616,True,spin-0,resident,13.389523439459056,1,
linux-x64,CORE-VERIFY-002/RUN-20260929-14-56e49e2-linux-x64,T,blake3,warm,spin-0,V1,8,5,5,855440301,1892,0.3938912,1.39577,753558672,265289728,True,spin-0,resident,14.11970294223145,1,
linux-x64,CORE-VERIFY-002/RUN-20260929-14-56e49e2-linux-x64,T,blake3,warm,spin-0,V2-W2,8,5,6,855440301,1892,0.4473885,1.608125,776493416,325562368,True,spin-0,resident,13.800139365787015,1,
linux-x64,CORE-VERIFY-002/RUN-20260929-14-56e49e2-linux-x64,T,blake3,warm,spin-0,V0,1,5,7,855440301,1892,1.3922808,2.042997,336489576,83382272,True,spin-0,resident,13.507224589657513,1,
linux-x64,CORE-VERIFY-002/RUN-20260929-14-56e49e2-linux-x64,T,blake3,warm,spin-0,V1,1,5,8,855440301,1892,0.9492586,1.282628,679298280,161017856,True,spin-0,resident,14.329813509872448,1,
linux-x64,CORE-VERIFY-002/RUN-20260929-14-56e49e2-linux-x64,T,blake3,warm,spin-0,V2-W2,1,5,9,855440301,1892,0.8923063,1.563198,682834488,163090432,True,spin-0,resident,12.983919930985481,1,
linux-x64,CORE-VERIFY-002/RUN-20260929-14-56e49e2-linux-x64,T,blake3,warm,spin-0,V0,2,5,10,855440301,1892,0.8702895,2.121497,337181736,83382272,True,spin-0,resident,13.55052434797599,1,
linux-x64,CORE-VERIFY-002/RUN-20260929-14-56e49e2-linux-x64,T,blake3,warm,spin-0,V1,2,5,11,855440301,1892,0.6040921,1.419648,695012984,191578112,True,spin-0,resident,13.203697968554756,1,
linux-x64,CORE-VERIFY-002/RUN-20260929-14-56e49e2-linux-x64,T,blake3,warm,spin-0,V0,4,6,0,855440301,1892,0.5502885,1.787453,338369664,83603456,True,spin-0,resident,13.231625105291181,1,
linux-x64,CORE-VERIFY-002/RUN-20260929-14-56e49e2-linux-x64,T,blake3,warm,spin-0,V1,4,6,1,855440301,1892,0.3929724,1.279196,720515408,196546560,True,spin-0,resident,13.61393508440678,1,
linux-x64,CORE-VERIFY-002/RUN-20260929-14-56e49e2-linux-x64,T,blake3,warm,spin-0,V2-W2,4,6,2,855440301,1892,0.4196625,1.479014,731129632,266809344,True,spin-0,resident,13.688904416155372,1,
linux-x64,CORE-VERIFY-002/RUN-20260929-14-56e49e2-linux-x64,T,blake3,warm,spin-0,V0,8,6,3,855440301,1892,0.5537522,2.035738,338623464,98951168,True,spin-0,resident,13.508194778799664,1,
linux-x64,CORE-VERIFY-002/RUN-20260929-14-56e49e2-linux-x64,T,blake3,warm,spin-0,V1,8,6,4,855440301,1892,0.4086291,1.46188,750903536,271167488,True,spin-0,resident,13.453963151142418,1,
linux-x64,CORE-VERIFY-002/RUN-20260929-14-56e49e2-linux-x64,T,blake3,warm,spin-0,V2-W2,8,6,5,855440301,1892,0.4504207,1.66143,766901408,376700928,True,spin-0,resident,13.28207935286812,1,
linux-x64,CORE-VERIFY-002/RUN-20260929-14-56e49e2-linux-x64,T,blake3,warm,spin-0,V0,1,6,6,855440301,1892,1.4386112,2.038552,336492432,82616320,True,spin-0,resident,13.20471989958782,1,
linux-x64,CORE-VERIFY-002/RUN-20260929-14-56e49e2-linux-x64,T,blake3,warm,spin-0,V1,1,6,7,855440301,1892,0.922235,1.260361,679274600,141598720,True,spin-0,resident,13.389136023733233,1,
linux-x64,CORE-VERIFY-002/RUN-20260929-14-56e49e2-linux-x64,T,blake3,warm,spin-0,V2-W2,1,6,8,855440301,1892,0.8814772,1.518394,686614512,181346304,True,spin-0,resident,13.227296861933482,1,
linux-x64,CORE-VERIFY-002/RUN-20260929-14-56e49e2-linux-x64,T,blake3,warm,spin-0,V0,2,6,9,855440301,1892,0.84692,2.075171,337073352,83329024,True,spin-0,resident,13.265454367369342,1,
linux-x64,CORE-VERIFY-002/RUN-20260929-14-56e49e2-linux-x64,T,blake3,warm,spin-0,V1,2,6,10,855440301,1892,0.6154936,1.481231,687706488,173244416,True,spin-0,resident,12.729176961425479,1,
linux-x64,CORE-VERIFY-002/RUN-20260929-14-56e49e2-linux-x64,T,blake3,warm,spin-0,V2-W2,2,6,11,855440301,1892,0.5375879,1.362284,693368728,227053568,True,spin-0,resident,13.431384777772276,1,
linux-x64,CORE-VERIFY-002/RUN-20260929-14-56e49e2-linux-x64,T,blake3,warm,spin-0,V1,4,7,0,855440301,1892,0.4202894,1.306657,717545592,203124736,True,spin-0,resident,13.293240483999243,1,
linux-x64,CORE-VERIFY-002/RUN-20260929-14-56e49e2-linux-x64,T,blake3,warm,spin-0,V2-W2,4,7,1,855440301,1892,0.4358109,1.498293,725171168,269803520,True,spin-0,resident,12.916587014196478,1,
linux-x64,CORE-VERIFY-002/RUN-20260929-14-56e49e2-linux-x64,T,blake3,warm,spin-0,V0,8,7,2,855440301,1892,0.5332253,1.914519,339636088,96366592,True,spin-0,resident,13.59021393457148,1,
linux-x64,CORE-VERIFY-002/RUN-20260929-14-56e49e2-linux-x64,T,blake3,warm,spin-0,V1,8,7,3,855440301,1892,0.4011693,1.419486,762506152,278228992,True,spin-0,resident,13.300551518065276,1,
linux-x64,CORE-VERIFY-002/RUN-20260929-14-56e49e2-linux-x64,T,blake3,warm,spin-0,V2-W2,8,7,4,855440301,1892,0.451797,1.596818,788476968,325201920,True,spin-0,resident,14.133600531395654,1,
linux-x64,CORE-VERIFY-002/RUN-20260929-14-56e49e2-linux-x64,T,blake3,warm,spin-0,V0,1,7,5,855440301,1892,1.334055,1.928572,336836928,83288064,True,spin-0,resident,13.781283824712165,1,
linux-x64,CORE-VERIFY-002/RUN-20260929-14-56e49e2-linux-x64,T,blake3,warm,spin-0,V1,1,7,6,855440301,1892,1.0032602,1.348258,679300584,135675904,True,spin-0,resident,13.979024183829619,1,
linux-x64,CORE-VERIFY-002/RUN-20260929-14-56e49e2-linux-x64,T,blake3,warm,spin-0,V2-W2,1,7,7,855440301,1892,0.8875407,1.622406,678731784,173617152,True,spin-0,resident,13.537493124284484,1,
linux-x64,CORE-VERIFY-002/RUN-20260929-14-56e49e2-linux-x64,T,blake3,warm,spin-0,V0,2,7,8,855440301,1892,0.8025742,1.881222,337100024,86237184,True,spin-0,resident,13.969043266699929,1,
linux-x64,CORE-VERIFY-002/RUN-20260929-14-56e49e2-linux-x64,T,blake3,warm,spin-0,V1,2,7,9,855440301,1892,0.6114262,1.273461,695994240,167489536,True,spin-0,resident,13.45034244572046,1,
linux-x64,CORE-VERIFY-002/RUN-20260929-14-56e49e2-linux-x64,T,blake3,warm,spin-0,V2-W2,2,7,10,855440301,1892,0.5147474,1.345839,697547296,250273792,True,spin-0,resident,13.418344377288294,1,
linux-x64,CORE-VERIFY-002/RUN-20260929-14-56e49e2-linux-x64,T,blake3,warm,spin-0,V0,4,7,11,855440301,1892,0.5989301,2.062765,338389392,88068096,True,spin-0,resident,13.854500623168361,1,
linux-x64,CORE-VERIFY-002/RUN-20260929-14-56e49e2-linux-x64,T,blake3,warm,spin-0,V2-W2,4,8,0,855440301,1892,0.4330673,1.518992,732451872,304852992,True,spin-0,resident,13.698762217093066,1,
linux-x64,CORE-VERIFY-002/RUN-20260929-14-56e49e2-linux-x64,T,blake3,warm,spin-0,V0,8,8,1,855440301,1892,0.5498355,1.968051,339126424,103870464,True,spin-0,resident,13.55566651706592,1,
linux-x64,CORE-VERIFY-002/RUN-20260929-14-56e49e2-linux-x64,T,blake3,warm,spin-0,V1,8,8,2,855440301,1892,0.3915096,1.407373,757945792,271196160,True,spin-0,resident,13.532586935194862,1,
linux-x64,CORE-VERIFY-002/RUN-20260929-14-56e49e2-linux-x64,T,blake3,warm,spin-0,V2-W2,8,8,3,855440301,1892,0.4333397,1.620706,761431800,332120064,True,spin-0,resident,13.657169473598271,1,
linux-x64,CORE-VERIFY-002/RUN-20260929-14-56e49e2-linux-x64,T,blake3,warm,spin-0,V0,1,8,4,855440301,1892,1.329193,1.941081,336285304,83152896,True,spin-0,resident,13.770658224495692,1,
linux-x64,CORE-VERIFY-002/RUN-20260929-14-56e49e2-linux-x64,T,blake3,warm,spin-0,V1,1,8,5,855440301,1892,0.9853548,1.344369,679290664,188788736,True,spin-0,resident,13.786482102661523,1,
linux-x64,CORE-VERIFY-002/RUN-20260929-14-56e49e2-linux-x64,T,blake3,warm,spin-0,V2-W2,1,8,6,855440301,1892,0.8916563,1.449765,680260888,172400640,True,spin-0,resident,13.517114832428168,1,
linux-x64,CORE-VERIFY-002/RUN-20260929-14-56e49e2-linux-x64,T,blake3,warm,spin-0,V0,2,8,7,855440301,1892,0.8183579,1.881488,337104296,85209088,True,spin-0,resident,13.526169138678448,1,
linux-x64,CORE-VERIFY-002/RUN-20260929-14-56e49e2-linux-x64,T,blake3,warm,spin-0,V1,2,8,8,855440301,1892,0.5754678,1.434113,693462968,163364864,True,spin-0,resident,13.440396565817213,1,
linux-x64,CORE-VERIFY-002/RUN-20260929-14-56e49e2-linux-x64,T,blake3,warm,spin-0,V2-W2,2,8,9,855440301,1892,0.5148159,1.344026,699155328,213958656,True,spin-0,resident,13.266563758078785,1,
linux-x64,CORE-VERIFY-002/RUN-20260929-14-56e49e2-linux-x64,T,blake3,warm,spin-0,V0,4,8,10,855440301,1892,0.5693378,1.974707,338869368,107798528,True,spin-0,resident,13.744875104620151,1,
linux-x64,CORE-VERIFY-002/RUN-20260929-14-56e49e2-linux-x64,T,blake3,warm,spin-0,V1,4,8,11,855440301,1892,0.4576348,1.507648,718201800,246722560,True,spin-0,resident,12.68314873883432,1,
linux-x64,CORE-VERIFY-002/RUN-20260929-14-56e49e2-linux-x64,T,blake3,warm,spin-0,V0,8,9,0,855440301,1892,0.5519903,1.957977,338939640,99749888,True,spin-0,resident,2.5113730304884174,1,
linux-x64,CORE-VERIFY-002/RUN-20260929-14-56e49e2-linux-x64,T,blake3,warm,spin-0,V1,8,9,1,855440301,1892,0.3909804,1.406778,751921216,269885440,True,spin-0,resident,13.521384821801277,1,
linux-x64,CORE-VERIFY-002/RUN-20260929-14-56e49e2-linux-x64,T,blake3,warm,spin-0,V2-W2,8,9,2,855440301,1892,0.4427663,1.604352,774137568,324059136,True,spin-0,resident,13.687441928675797,1,
linux-x64,CORE-VERIFY-002/RUN-20260929-14-56e49e2-linux-x64,T,blake3,warm,spin-0,V0,1,9,3,855440301,1892,1.3028811,1.896438,336250960,83595264,True,spin-0,resident,13.666673723086877,1,
linux-x64,CORE-VERIFY-002/RUN-20260929-14-56e49e2-linux-x64,T,blake3,warm,spin-0,V1,1,9,4,855440301,1892,1.4411987,1.777838,677220864,173371392,True,spin-0,resident,13.194610051584734,1,
linux-x64,CORE-VERIFY-002/RUN-20260929-14-56e49e2-linux-x64,T,blake3,warm,spin-0,V2-W2,1,9,5,855440301,1892,0.8969427,1.465225,680556736,169177088,True,spin-0,resident,13.531285262384705,1,
linux-x64,CORE-VERIFY-002/RUN-20260929-14-56e49e2-linux-x64,T,blake3,warm,spin-0,V0,2,9,6,855440301,1892,0.802819,1.855698,337169752,83820544,True,spin-0,resident,13.343353762475388,1,
linux-x64,CORE-VERIFY-002/RUN-20260929-14-56e49e2-linux-x64,T,blake3,warm,spin-0,V1,2,9,7,855440301,1892,0.814722,1.918778,696062704,181358592,True,spin-0,resident,14.30406790283924,1,
linux-x64,CORE-VERIFY-002/RUN-20260929-14-56e49e2-linux-x64,T,blake3,warm,spin-0,V2-W2,2,9,8,855440301,1892,0.5215399,1.353285,697210128,233504768,True,spin-0,resident,13.8774332575894,1,
linux-x64,CORE-VERIFY-002/RUN-20260929-14-56e49e2-linux-x64,T,blake3,warm,spin-0,V0,4,9,9,855440301,1892,0.6168893,2.167045,338229296,110034944,True,spin-0,resident,14.020587657555406,1,
linux-x64,CORE-VERIFY-002/RUN-20260929-14-56e49e2-linux-x64,T,blake3,warm,spin-0,V1,4,9,10,855440301,1892,0.3956942,1.298303,722880272,215949312,True,spin-0,resident,13.858261091643106,1,
linux-x64,CORE-VERIFY-002/RUN-20260929-14-56e49e2-linux-x64,T,blake3,warm,spin-0,V2-W2,4,9,11,855440301,1892,0.4315133,1.503184,730617808,298942464,True,spin-0,resident,13.797066765594671,1,
linux-x64,CORE-VERIFY-002/RUN-20260929-14-56e49e2-linux-x64,T,blake3,cold,spin-0,V0,1,0,0,855440301,1892,2.4964572,2.40397,336228840,72044544,True,spin-0,n/a,,,
linux-x64,CORE-VERIFY-002/RUN-20260929-14-56e49e2-linux-x64,T,blake3,cold,spin-0,V1,1,0,1,855440301,1892,2.0739993,1.633897,679266736,156721152,True,spin-0,n/a,,,
linux-x64,CORE-VERIFY-002/RUN-20260929-14-56e49e2-linux-x64,T,blake3,cold,spin-0,V2-W2,1,0,2,855440301,1892,2.1261875,1.925747,681209920,205717504,True,spin-0,n/a,,,
linux-x64,CORE-VERIFY-002/RUN-20260929-14-56e49e2-linux-x64,T,blake3,cold,spin-0,V0,2,0,3,855440301,1892,1.8673801,2.723166,337117544,72826880,True,spin-0,n/a,,,
linux-x64,CORE-VERIFY-002/RUN-20260929-14-56e49e2-linux-x64,T,blake3,cold,spin-0,V1,2,0,4,855440301,1892,1.8556006,1.833342,695862696,192487424,True,spin-0,n/a,,,
linux-x64,CORE-VERIFY-002/RUN-20260929-14-56e49e2-linux-x64,T,blake3,cold,spin-0,V2-W2,2,0,5,855440301,1892,1.8383411,2.11825,698619784,165662720,True,spin-0,n/a,,,
linux-x64,CORE-VERIFY-002/RUN-20260929-14-56e49e2-linux-x64,T,blake3,cold,spin-0,V0,4,0,6,855440301,1892,1.8521241,2.865575,338650328,75227136,True,spin-0,n/a,,,
linux-x64,CORE-VERIFY-002/RUN-20260929-14-56e49e2-linux-x64,T,blake3,cold,spin-0,V1,4,0,7,855440301,1892,1.853042,1.918655,714902384,219672576,True,spin-0,n/a,,,
linux-x64,CORE-VERIFY-002/RUN-20260929-14-56e49e2-linux-x64,T,blake3,cold,spin-0,V2-W2,4,0,8,855440301,1892,1.8392709,2.132774,727134656,275935232,True,spin-0,n/a,,,
linux-x64,CORE-VERIFY-002/RUN-20260929-14-56e49e2-linux-x64,T,blake3,cold,spin-0,V0,8,0,9,855440301,1892,1.8356645,2.817095,340280152,78471168,True,spin-0,n/a,,,
linux-x64,CORE-VERIFY-002/RUN-20260929-14-56e49e2-linux-x64,T,blake3,cold,spin-0,V1,8,0,10,855440301,1892,1.8431892,1.962683,747959168,250085376,True,spin-0,n/a,,,
linux-x64,CORE-VERIFY-002/RUN-20260929-14-56e49e2-linux-x64,T,blake3,cold,spin-0,V2-W2,8,0,11,855440301,1892,1.849628,2.303975,769328232,327335936,True,spin-0,n/a,,,
linux-x64,CORE-VERIFY-002/RUN-20260929-14-56e49e2-linux-x64,T,blake3,cold,spin-0,V1,1,1,0,855440301,1892,2.1614061,1.661765,679265984,159879168,True,spin-0,n/a,,,
linux-x64,CORE-VERIFY-002/RUN-20260929-14-56e49e2-linux-x64,T,blake3,cold,spin-0,V2-W2,1,1,1,855440301,1892,2.0537773,1.958111,680683088,188305408,True,spin-0,n/a,,,
linux-x64,CORE-VERIFY-002/RUN-20260929-14-56e49e2-linux-x64,T,blake3,cold,spin-0,V0,2,1,2,855440301,1892,1.8719265,2.719788,337119568,74760192,True,spin-0,n/a,,,
linux-x64,CORE-VERIFY-002/RUN-20260929-14-56e49e2-linux-x64,T,blake3,cold,spin-0,V1,2,1,3,855440301,1892,1.856764,1.908869,690931336,176250880,True,spin-0,n/a,,,
linux-x64,CORE-VERIFY-002/RUN-20260929-14-56e49e2-linux-x64,T,blake3,cold,spin-0,V2-W2,2,1,4,855440301,1892,1.8528145,2.11982,698885568,207699968,True,spin-0,n/a,,,
linux-x64,CORE-VERIFY-002/RUN-20260929-14-56e49e2-linux-x64,T,blake3,cold,spin-0,V0,4,1,5,855440301,1892,1.8683141,3.010051,338584416,75300864,True,spin-0,n/a,,,
linux-x64,CORE-VERIFY-002/RUN-20260929-14-56e49e2-linux-x64,T,blake3,cold,spin-0,V1,4,1,6,855440301,1892,1.86051,1.931781,706517608,193540096,True,spin-0,n/a,,,
linux-x64,CORE-VERIFY-002/RUN-20260929-14-56e49e2-linux-x64,T,blake3,cold,spin-0,V2-W2,4,1,7,855440301,1892,1.8475012,2.163018,731404336,297201664,True,spin-0,n/a,,,
linux-x64,CORE-VERIFY-002/RUN-20260929-14-56e49e2-linux-x64,T,blake3,cold,spin-0,V0,8,1,8,855440301,1892,1.8588658,2.85413,340131208,81833984,True,spin-0,n/a,,,
linux-x64,CORE-VERIFY-002/RUN-20260929-14-56e49e2-linux-x64,T,blake3,cold,spin-0,V1,8,1,9,855440301,1892,1.8566837,1.996423,766051272,286552064,True,spin-0,n/a,,,
linux-x64,CORE-VERIFY-002/RUN-20260929-14-56e49e2-linux-x64,T,blake3,cold,spin-0,V2-W2,8,1,10,855440301,1892,1.8504576,2.309933,771149744,362749952,True,spin-0,n/a,,,
linux-x64,CORE-VERIFY-002/RUN-20260929-14-56e49e2-linux-x64,T,blake3,cold,spin-0,V0,1,1,11,855440301,1892,2.8062711,2.386821,336430336,72278016,True,spin-0,n/a,,,
linux-x64,CORE-VERIFY-002/RUN-20260929-14-56e49e2-linux-x64,T,blake3,cold,spin-0,V2-W2,1,2,0,855440301,1892,2.0700386,1.876944,678695496,174006272,True,spin-0,n/a,,,
linux-x64,CORE-VERIFY-002/RUN-20260929-14-56e49e2-linux-x64,T,blake3,cold,spin-0,V0,2,2,1,855440301,1892,1.8560344,2.630046,336862336,75116544,True,spin-0,n/a,,,
linux-x64,CORE-VERIFY-002/RUN-20260929-14-56e49e2-linux-x64,T,blake3,cold,spin-0,V1,2,2,2,855440301,1892,1.8411187,1.81093,687775616,149516288,True,spin-0,n/a,,,
linux-x64,CORE-VERIFY-002/RUN-20260929-14-56e49e2-linux-x64,T,blake3,cold,spin-0,V2-W2,2,2,3,855440301,1892,1.8527854,2.09173,697035872,241750016,True,spin-0,n/a,,,
linux-x64,CORE-VERIFY-002/RUN-20260929-14-56e49e2-linux-x64,T,blake3,cold,spin-0,V0,4,2,4,855440301,1892,1.8496205,2.847655,338594384,75382784,True,spin-0,n/a,,,
linux-x64,CORE-VERIFY-002/RUN-20260929-14-56e49e2-linux-x64,T,blake3,cold,spin-0,V1,4,2,5,855440301,1892,1.8451307,1.891284,712964872,206495744,True,spin-0,n/a,,,
linux-x64,CORE-VERIFY-002/RUN-20260929-14-56e49e2-linux-x64,T,blake3,cold,spin-0,V2-W2,4,2,6,855440301,1892,1.8753366,2.146859,726952984,298209280,True,spin-0,n/a,,,
linux-x64,CORE-VERIFY-002/RUN-20260929-14-56e49e2-linux-x64,T,blake3,cold,spin-0,V0,8,2,7,855440301,1892,1.8396156,2.75663,339959696,79564800,True,spin-0,n/a,,,
linux-x64,CORE-VERIFY-002/RUN-20260929-14-56e49e2-linux-x64,T,blake3,cold,spin-0,V1,8,2,8,855440301,1892,1.8356733,1.960227,734118744,247218176,True,spin-0,n/a,,,
linux-x64,CORE-VERIFY-002/RUN-20260929-14-56e49e2-linux-x64,T,blake3,cold,spin-0,V2-W2,8,2,9,855440301,1892,1.8572756,2.255326,769459408,357265408,True,spin-0,n/a,,,
linux-x64,CORE-VERIFY-002/RUN-20260929-14-56e49e2-linux-x64,T,blake3,cold,spin-0,V0,1,2,10,855440301,1892,2.4955328,2.374067,336146880,74227712,True,spin-0,n/a,,,
linux-x64,CORE-VERIFY-002/RUN-20260929-14-56e49e2-linux-x64,T,blake3,cold,spin-0,V1,1,2,11,855440301,1892,2.0916324,1.67876,679068760,170532864,True,spin-0,n/a,,,
linux-x64,CORE-VERIFY-002/RUN-20260929-14-56e49e2-linux-x64,T,blake3,cold,spin-0,V0,2,3,0,855440301,1892,1.8524927,2.659189,336862960,74444800,True,spin-0,n/a,,,
linux-x64,CORE-VERIFY-002/RUN-20260929-14-56e49e2-linux-x64,T,blake3,cold,spin-0,V1,2,3,1,855440301,1892,1.8538146,1.837064,696071376,166670336,True,spin-0,n/a,,,
linux-x64,CORE-VERIFY-002/RUN-20260929-14-56e49e2-linux-x64,T,blake3,cold,spin-0,V2-W2,2,3,2,855440301,1892,1.8586286,2.158984,698734152,176943104,True,spin-0,n/a,,,
linux-x64,CORE-VERIFY-002/RUN-20260929-14-56e49e2-linux-x64,T,blake3,cold,spin-0,V0,4,3,3,855440301,1892,1.864166,2.850699,338382016,77062144,True,spin-0,n/a,,,
linux-x64,CORE-VERIFY-002/RUN-20260929-14-56e49e2-linux-x64,T,blake3,cold,spin-0,V1,4,3,4,855440301,1892,1.8256572,1.909599,708864608,191070208,True,spin-0,n/a,,,
linux-x64,CORE-VERIFY-002/RUN-20260929-14-56e49e2-linux-x64,T,blake3,cold,spin-0,V2-W2,4,3,5,855440301,1892,1.8393464,2.172323,726208944,220708864,True,spin-0,n/a,,,
linux-x64,CORE-VERIFY-002/RUN-20260929-14-56e49e2-linux-x64,T,blake3,cold,spin-0,V0,8,3,6,855440301,1892,1.8373791,2.884026,341496536,95031296,True,spin-0,n/a,,,
linux-x64,CORE-VERIFY-002/RUN-20260929-14-56e49e2-linux-x64,T,blake3,cold,spin-0,V1,8,3,7,855440301,1892,1.8651644,1.979732,758375688,312737792,True,spin-0,n/a,,,
linux-x64,CORE-VERIFY-002/RUN-20260929-14-56e49e2-linux-x64,T,blake3,cold,spin-0,V2-W2,8,3,8,855440301,1892,1.8404898,2.322744,758214552,345190400,True,spin-0,n/a,,,
linux-x64,CORE-VERIFY-002/RUN-20260929-14-56e49e2-linux-x64,T,blake3,cold,spin-0,V0,1,3,9,855440301,1892,2.5687255,2.355886,336214608,71999488,True,spin-0,n/a,,,
linux-x64,CORE-VERIFY-002/RUN-20260929-14-56e49e2-linux-x64,T,blake3,cold,spin-0,V1,1,3,10,855440301,1892,2.0397716,1.64242,676521944,152268800,True,spin-0,n/a,,,
linux-x64,CORE-VERIFY-002/RUN-20260929-14-56e49e2-linux-x64,T,blake3,cold,spin-0,V2-W2,1,3,11,855440301,1892,2.0590151,1.912155,676531920,173690880,True,spin-0,n/a,,,
linux-x64,CORE-VERIFY-002/RUN-20260929-14-56e49e2-linux-x64,T,blake3,cold,spin-0,V1,2,4,0,855440301,1892,1.8413653,1.884814,691977824,156114944,True,spin-0,n/a,,,
linux-x64,CORE-VERIFY-002/RUN-20260929-14-56e49e2-linux-x64,T,blake3,cold,spin-0,V2-W2,2,4,1,855440301,1892,1.8576319,2.210341,686877144,176078848,True,spin-0,n/a,,,
linux-x64,CORE-VERIFY-002/RUN-20260929-14-56e49e2-linux-x64,T,blake3,cold,spin-0,V0,4,4,2,855440301,1892,1.8444462,2.770602,338833152,75665408,True,spin-0,n/a,,,
linux-x64,CORE-VERIFY-002/RUN-20260929-14-56e49e2-linux-x64,T,blake3,cold,spin-0,V1,4,4,3,855440301,1892,1.8304548,1.962796,717417680,196284416,True,spin-0,n/a,,,
linux-x64,CORE-VERIFY-002/RUN-20260929-14-56e49e2-linux-x64,T,blake3,cold,spin-0,V2-W2,4,4,4,855440301,1892,1.8625436,2.183582,730951200,272613376,True,spin-0,n/a,,,
linux-x64,CORE-VERIFY-002/RUN-20260929-14-56e49e2-linux-x64,T,blake3,cold,spin-0,V0,8,4,5,855440301,1892,1.8687885,2.742224,340172944,82972672,True,spin-0,n/a,,,
linux-x64,CORE-VERIFY-002/RUN-20260929-14-56e49e2-linux-x64,T,blake3,cold,spin-0,V1,8,4,6,855440301,1892,1.8583858,2.024818,754063480,268906496,True,spin-0,n/a,,,
linux-x64,CORE-VERIFY-002/RUN-20260929-14-56e49e2-linux-x64,T,blake3,cold,spin-0,V2-W2,8,4,7,855440301,1892,1.8400682,2.313714,763935048,314339328,True,spin-0,n/a,,,
linux-x64,CORE-VERIFY-002/RUN-20260929-14-56e49e2-linux-x64,T,blake3,cold,spin-0,V0,1,4,8,855440301,1892,2.6504716,2.42881,336206136,72015872,True,spin-0,n/a,,,
linux-x64,CORE-VERIFY-002/RUN-20260929-14-56e49e2-linux-x64,T,blake3,cold,spin-0,V1,1,4,9,855440301,1892,2.0857168,1.697873,673035384,155242496,True,spin-0,n/a,,,
linux-x64,CORE-VERIFY-002/RUN-20260929-14-56e49e2-linux-x64,T,blake3,cold,spin-0,V2-W2,1,4,10,855440301,1892,2.0785199,1.947888,682023704,138690560,True,spin-0,n/a,,,
linux-x64,CORE-VERIFY-002/RUN-20260929-14-56e49e2-linux-x64,T,blake3,cold,spin-0,V0,2,4,11,855440301,1892,1.8606465,2.627287,337415432,75091968,True,spin-0,n/a,,,
linux-x64,CORE-VERIFY-002/RUN-20260929-14-56e49e2-linux-x64,T,blake3,cold,spin-0,V2-W2,2,5,0,855440301,1892,1.858229,2.133951,695407704,233168896,True,spin-0,n/a,,,
linux-x64,CORE-VERIFY-002/RUN-20260929-14-56e49e2-linux-x64,T,blake3,cold,spin-0,V0,4,5,1,855440301,1892,1.8394906,2.890587,338022768,74936320,True,spin-0,n/a,,,
linux-x64,CORE-VERIFY-002/RUN-20260929-14-56e49e2-linux-x64,T,blake3,cold,spin-0,V1,4,5,2,855440301,1892,1.8287897,1.93183,718460880,195674112,True,spin-0,n/a,,,
linux-x64,CORE-VERIFY-002/RUN-20260929-14-56e49e2-linux-x64,T,blake3,cold,spin-0,V2-W2,4,5,3,855440301,1892,1.8388341,2.176284,713169400,240603136,True,spin-0,n/a,,,
linux-x64,CORE-VERIFY-002/RUN-20260929-14-56e49e2-linux-x64,T,blake3,cold,spin-0,V0,8,5,4,855440301,1892,1.8318966,2.924854,340288328,82841600,True,spin-0,n/a,,,
linux-x64,CORE-VERIFY-002/RUN-20260929-14-56e49e2-linux-x64,T,blake3,cold,spin-0,V1,8,5,5,855440301,1892,1.8640786,2.000987,748636816,301637632,True,spin-0,n/a,,,
linux-x64,CORE-VERIFY-002/RUN-20260929-14-56e49e2-linux-x64,T,blake3,cold,spin-0,V2-W2,8,5,6,855440301,1892,1.8496736,2.335833,769730208,279576576,True,spin-0,n/a,,,
linux-x64,CORE-VERIFY-002/RUN-20260929-14-56e49e2-linux-x64,T,blake3,cold,spin-0,V0,1,5,7,855440301,1892,2.6034631,2.426561,336420032,72036352,True,spin-0,n/a,,,
linux-x64,CORE-VERIFY-002/RUN-20260929-14-56e49e2-linux-x64,T,blake3,cold,spin-0,V1,1,5,8,855440301,1892,2.0711534,1.684154,679302752,164454400,True,spin-0,n/a,,,
linux-x64,CORE-VERIFY-002/RUN-20260929-14-56e49e2-linux-x64,T,blake3,cold,spin-0,V2-W2,1,5,9,855440301,1892,2.0513676,1.961519,688146176,152096768,True,spin-0,n/a,,,
linux-x64,CORE-VERIFY-002/RUN-20260929-14-56e49e2-linux-x64,T,blake3,cold,spin-0,V0,2,5,10,855440301,1892,1.8713859,2.740019,336861648,72884224,True,spin-0,n/a,,,
linux-x64,CORE-VERIFY-002/RUN-20260929-14-56e49e2-linux-x64,T,blake3,cold,spin-0,V1,2,5,11,855440301,1892,1.867602,1.876804,697043280,195477504,True,spin-0,n/a,,,
linux-x64,CORE-VERIFY-002/RUN-20260929-14-56e49e2-linux-x64,T,blake3,cold,spin-0,V0,4,6,0,855440301,1892,1.8474315,2.800658,338675656,75214848,True,spin-0,n/a,,,
linux-x64,CORE-VERIFY-002/RUN-20260929-14-56e49e2-linux-x64,T,blake3,cold,spin-0,V1,4,6,1,855440301,1892,1.8504813,2.017915,720012800,203603968,True,spin-0,n/a,,,
linux-x64,CORE-VERIFY-002/RUN-20260929-14-56e49e2-linux-x64,T,blake3,cold,spin-0,V2-W2,4,6,2,855440301,1892,1.8574242,2.210772,731001344,295034880,True,spin-0,n/a,,,
linux-x64,CORE-VERIFY-002/RUN-20260929-14-56e49e2-linux-x64,T,blake3,cold,spin-0,V0,8,6,3,855440301,1892,1.8596671,2.805399,340852816,83152896,True,spin-0,n/a,,,
linux-x64,CORE-VERIFY-002/RUN-20260929-14-56e49e2-linux-x64,T,blake3,cold,spin-0,V1,8,6,4,855440301,1892,1.862469,2.063396,762838008,268664832,True,spin-0,n/a,,,
linux-x64,CORE-VERIFY-002/RUN-20260929-14-56e49e2-linux-x64,T,blake3,cold,spin-0,V2-W2,8,6,5,855440301,1892,1.8457974,2.28545,758039832,314302464,True,spin-0,n/a,,,
linux-x64,CORE-VERIFY-002/RUN-20260929-14-56e49e2-linux-x64,T,blake3,cold,spin-0,V0,1,6,6,855440301,1892,2.5386486,2.440386,336670528,71725056,True,spin-0,n/a,,,
linux-x64,CORE-VERIFY-002/RUN-20260929-14-56e49e2-linux-x64,T,blake3,cold,spin-0,V1,1,6,7,855440301,1892,2.0351034,1.660128,672014744,121323520,True,spin-0,n/a,,,
linux-x64,CORE-VERIFY-002/RUN-20260929-14-56e49e2-linux-x64,T,blake3,cold,spin-0,V2-W2,1,6,8,855440301,1892,2.0614065,1.990493,683106888,173592576,True,spin-0,n/a,,,
linux-x64,CORE-VERIFY-002/RUN-20260929-14-56e49e2-linux-x64,T,blake3,cold,spin-0,V0,2,6,9,855440301,1892,1.8631313,2.654199,337212200,72765440,True,spin-0,n/a,,,
linux-x64,CORE-VERIFY-002/RUN-20260929-14-56e49e2-linux-x64,T,blake3,cold,spin-0,V1,2,6,10,855440301,1892,1.8574563,1.846753,696078216,159150080,True,spin-0,n/a,,,
linux-x64,CORE-VERIFY-002/RUN-20260929-14-56e49e2-linux-x64,T,blake3,cold,spin-0,V2-W2,2,6,11,855440301,1892,1.8705346,2.097036,706922848,253710336,True,spin-0,n/a,,,
linux-x64,CORE-VERIFY-002/RUN-20260929-14-56e49e2-linux-x64,T,blake3,cold,spin-0,V1,4,7,0,855440301,1892,1.8379088,1.90923,724919000,241827840,True,spin-0,n/a,,,
linux-x64,CORE-VERIFY-002/RUN-20260929-14-56e49e2-linux-x64,T,blake3,cold,spin-0,V2-W2,4,7,1,855440301,1892,1.849719,2.121324,718026328,247971840,True,spin-0,n/a,,,
linux-x64,CORE-VERIFY-002/RUN-20260929-14-56e49e2-linux-x64,T,blake3,cold,spin-0,V0,8,7,2,855440301,1892,1.8375251,2.670581,340667536,81244160,True,spin-0,n/a,,,
linux-x64,CORE-VERIFY-002/RUN-20260929-14-56e49e2-linux-x64,T,blake3,cold,spin-0,V1,8,7,3,855440301,1892,1.8530456,1.979004,737051896,274481152,True,spin-0,n/a,,,
linux-x64,CORE-VERIFY-002/RUN-20260929-14-56e49e2-linux-x64,T,blake3,cold,spin-0,V2-W2,8,7,4,855440301,1892,1.8135799,2.261354,765145824,300298240,True,spin-0,n/a,,,
linux-x64,CORE-VERIFY-002/RUN-20260929-14-56e49e2-linux-x64,T,blake3,cold,spin-0,V0,1,7,5,855440301,1892,2.4427301,2.366862,336433600,74055680,True,spin-0,n/a,,,
linux-x64,CORE-VERIFY-002/RUN-20260929-14-56e49e2-linux-x64,T,blake3,cold,spin-0,V1,1,7,6,855440301,1892,2.0279388,1.646176,675123904,136384512,True,spin-0,n/a,,,
linux-x64,CORE-VERIFY-002/RUN-20260929-14-56e49e2-linux-x64,T,blake3,cold,spin-0,V2-W2,1,7,7,855440301,1892,2.0799239,1.869955,678788528,166133760,True,spin-0,n/a,,,
linux-x64,CORE-VERIFY-002/RUN-20260929-14-56e49e2-linux-x64,T,blake3,cold,spin-0,V0,2,7,8,855440301,1892,1.8754259,2.643454,337419200,73105408,True,spin-0,n/a,,,
linux-x64,CORE-VERIFY-002/RUN-20260929-14-56e49e2-linux-x64,T,blake3,cold,spin-0,V1,2,7,9,855440301,1892,1.8556308,1.831155,699332816,163684352,True,spin-0,n/a,,,
linux-x64,CORE-VERIFY-002/RUN-20260929-14-56e49e2-linux-x64,T,blake3,cold,spin-0,V2-W2,2,7,10,855440301,1892,1.8332991,2.115493,707667336,198860800,True,spin-0,n/a,,,
linux-x64,CORE-VERIFY-002/RUN-20260929-14-56e49e2-linux-x64,T,blake3,cold,spin-0,V0,4,7,11,855440301,1892,1.8527586,2.820593,338322152,77471744,True,spin-0,n/a,,,
linux-x64,CORE-VERIFY-002/RUN-20260929-14-56e49e2-linux-x64,T,blake3,cold,spin-0,V2-W2,4,8,0,855440301,1892,1.8324577,2.141142,724900000,287592448,True,spin-0,n/a,,,
linux-x64,CORE-VERIFY-002/RUN-20260929-14-56e49e2-linux-x64,T,blake3,cold,spin-0,V0,8,8,1,855440301,1892,1.8336989,2.765118,339917632,82792448,True,spin-0,n/a,,,
linux-x64,CORE-VERIFY-002/RUN-20260929-14-56e49e2-linux-x64,T,blake3,cold,spin-0,V1,8,8,2,855440301,1892,1.8207939,1.960629,745229728,244936704,True,spin-0,n/a,,,
linux-x64,CORE-VERIFY-002/RUN-20260929-14-56e49e2-linux-x64,T,blake3,cold,spin-0,V2-W2,8,8,3,855440301,1892,1.8455609,2.243733,761204648,359923712,True,spin-0,n/a,,,
linux-x64,CORE-VERIFY-002/RUN-20260929-14-56e49e2-linux-x64,T,blake3,cold,spin-0,V0,1,8,4,855440301,1892,2.6106414,2.491159,336167592,71647232,True,spin-0,n/a,,,
linux-x64,CORE-VERIFY-002/RUN-20260929-14-56e49e2-linux-x64,T,blake3,cold,spin-0,V1,1,8,5,855440301,1892,2.0485253,1.634605,679312144,146722816,True,spin-0,n/a,,,
linux-x64,CORE-VERIFY-002/RUN-20260929-14-56e49e2-linux-x64,T,blake3,cold,spin-0,V2-W2,1,8,6,855440301,1892,2.0449256,1.901699,678566584,185159680,True,spin-0,n/a,,,
linux-x64,CORE-VERIFY-002/RUN-20260929-14-56e49e2-linux-x64,T,blake3,cold,spin-0,V0,2,8,7,855440301,1892,1.8772745,2.684202,337169200,74788864,True,spin-0,n/a,,,
linux-x64,CORE-VERIFY-002/RUN-20260929-14-56e49e2-linux-x64,T,blake3,cold,spin-0,V1,2,8,8,855440301,1892,1.8558575,1.837269,692037376,165666816,True,spin-0,n/a,,,
linux-x64,CORE-VERIFY-002/RUN-20260929-14-56e49e2-linux-x64,T,blake3,cold,spin-0,V2-W2,2,8,9,855440301,1892,1.8667498,2.140213,705443184,262098944,True,spin-0,n/a,,,
linux-x64,CORE-VERIFY-002/RUN-20260929-14-56e49e2-linux-x64,T,blake3,cold,spin-0,V0,4,8,10,855440301,1892,1.8413551,2.746566,338892344,76046336,True,spin-0,n/a,,,
linux-x64,CORE-VERIFY-002/RUN-20260929-14-56e49e2-linux-x64,T,blake3,cold,spin-0,V1,4,8,11,855440301,1892,1.8425719,1.949194,716568144,195166208,True,spin-0,n/a,,,
linux-x64,CORE-VERIFY-002/RUN-20260929-14-56e49e2-linux-x64,T,blake3,cold,spin-0,V0,8,9,0,855440301,1892,1.8318704,2.643898,340137288,82595840,True,spin-0,n/a,,,
linux-x64,CORE-VERIFY-002/RUN-20260929-14-56e49e2-linux-x64,T,blake3,cold,spin-0,V1,8,9,1,855440301,1892,1.8591689,1.950061,747858296,263544832,True,spin-0,n/a,,,
linux-x64,CORE-VERIFY-002/RUN-20260929-14-56e49e2-linux-x64,T,blake3,cold,spin-0,V2-W2,8,9,2,855440301,1892,1.8295916,2.164546,758113528,282882048,True,spin-0,n/a,,,
linux-x64,CORE-VERIFY-002/RUN-20260929-14-56e49e2-linux-x64,T,blake3,cold,spin-0,V0,1,9,3,855440301,1892,2.5184138,2.340241,336353744,71843840,True,spin-0,n/a,,,
linux-x64,CORE-VERIFY-002/RUN-20260929-14-56e49e2-linux-x64,T,blake3,cold,spin-0,V1,1,9,4,855440301,1892,2.0546781,1.660074,679300664,139522048,True,spin-0,n/a,,,
linux-x64,CORE-VERIFY-002/RUN-20260929-14-56e49e2-linux-x64,T,blake3,cold,spin-0,V2-W2,1,9,5,855440301,1892,2.0897636,1.893125,683808864,192921600,True,spin-0,n/a,,,
linux-x64,CORE-VERIFY-002/RUN-20260929-14-56e49e2-linux-x64,T,blake3,cold,spin-0,V0,2,9,6,855440301,1892,1.871768,2.643391,337125000,75014144,True,spin-0,n/a,,,
linux-x64,CORE-VERIFY-002/RUN-20260929-14-56e49e2-linux-x64,T,blake3,cold,spin-0,V1,2,9,7,855440301,1892,1.8450771,1.850758,694085264,163336192,True,spin-0,n/a,,,
linux-x64,CORE-VERIFY-002/RUN-20260929-14-56e49e2-linux-x64,T,blake3,cold,spin-0,V2-W2,2,9,8,855440301,1892,1.8602837,2.148077,697928832,234541056,True,spin-0,n/a,,,
linux-x64,CORE-VERIFY-002/RUN-20260929-14-56e49e2-linux-x64,T,blake3,cold,spin-0,V0,4,9,9,855440301,1892,1.8588786,2.831079,338113312,77115392,True,spin-0,n/a,,,
linux-x64,CORE-VERIFY-002/RUN-20260929-14-56e49e2-linux-x64,T,blake3,cold,spin-0,V1,4,9,10,855440301,1892,1.8355235,1.899716,714456688,201113600,True,spin-0,n/a,,,
linux-x64,CORE-VERIFY-002/RUN-20260929-14-56e49e2-linux-x64,T,blake3,cold,spin-0,V2-W2,4,9,11,855440301,1892,1.8619899,2.159414,723174432,267788288,True,spin-0,n/a,,,
linux-x64,CORE-VERIFY-002/RUN-20260929-14-56e49e2-linux-x64,T,blake3,throttled,spin-0,V0,1,0,0,855440301,1892,25.8485751,3.446463,4306675728,83496960,True,spin-0,resident,11.672631148749758,1,
linux-x64,CORE-VERIFY-002/RUN-20260929-14-56e49e2-linux-x64,T,blake3,throttled,spin-0,V1,1,0,1,855440301,1892,32.1825744,2.711046,2661838448,131010560,True,spin-0,resident,11.354106896773455,1,
linux-x64,CORE-VERIFY-002/RUN-20260929-14-56e49e2-linux-x64,T,blake3,throttled,spin-0,V2-W2,1,0,2,855440301,1892,25.0383535,2.648747,2664284184,160022528,True,spin-0,resident,11.407134737411994,1,
linux-x64,CORE-VERIFY-002/RUN-20260929-14-56e49e2-linux-x64,T,blake3,throttled,spin-0,V0,2,0,3,855440301,1892,13.3147181,3.457356,4307916344,84254720,True,spin-0,resident,11.77469151595628,1,
linux-x64,CORE-VERIFY-002/RUN-20260929-14-56e49e2-linux-x64,T,blake3,throttled,spin-0,V1,2,0,4,855440301,1892,16.4295685,2.50483,2674683496,155037696,True,spin-0,resident,11.418132452998924,1,
linux-x64,CORE-VERIFY-002/RUN-20260929-14-56e49e2-linux-x64,T,blake3,throttled,spin-0,V2-W2,2,0,5,855440301,1892,12.6487787,2.582018,2675187128,222842880,True,spin-0,resident,11.235408992569187,1,
linux-x64,CORE-VERIFY-002/RUN-20260929-14-56e49e2-linux-x64,T,blake3,throttled,spin-0,V0,4,0,6,855440301,1892,7.1775617,3.217223,4306632448,123572224,True,spin-0,resident,11.263658647045414,1,
linux-x64,CORE-VERIFY-002/RUN-20260929-14-56e49e2-linux-x64,T,blake3,throttled,spin-0,V1,4,0,7,855440301,1892,8.7614111,2.447076,2683284096,188395520,True,spin-0,resident,11.53470215273122,1,
linux-x64,CORE-VERIFY-002/RUN-20260929-14-56e49e2-linux-x64,T,blake3,throttled,spin-0,V2-W2,4,0,8,855440301,1892,6.5910029,2.390145,2689202392,205107200,True,spin-0,resident,11.612573655735229,1,
linux-x64,CORE-VERIFY-002/RUN-20260929-14-56e49e2-linux-x64,T,blake3,throttled,spin-0,V0,8,0,9,855440301,1892,3.9326292,2.930887,4307468256,160350208,True,spin-0,resident,11.16589469249415,1,
linux-x64,CORE-VERIFY-002/RUN-20260929-14-56e49e2-linux-x64,T,blake3,throttled,spin-0,V1,8,0,10,855440301,1892,4.8149249,2.268394,2701642296,210522112,True,spin-0,resident,11.023907795066467,1,
linux-x64,CORE-VERIFY-002/RUN-20260929-14-56e49e2-linux-x64,T,blake3,throttled,spin-0,V2-W2,8,0,11,855440301,1892,3.5568204,2.307831,2704617616,238649344,True,spin-0,resident,11.41455461664692,1,
linux-x64,CORE-VERIFY-002/RUN-20260929-14-56e49e2-linux-x64,T,blake3,throttled,spin-0,V1,1,1,0,855440301,1892,32.1825095,2.707897,2661827936,133267456,True,spin-0,resident,11.596781502727989,1,
linux-x64,CORE-VERIFY-002/RUN-20260929-14-56e49e2-linux-x64,T,blake3,throttled,spin-0,V2-W2,1,1,1,855440301,1892,25.0984706,2.660157,2660237384,145416192,True,spin-0,resident,10.903228572850157,1,
linux-x64,CORE-VERIFY-002/RUN-20260929-14-56e49e2-linux-x64,T,blake3,throttled,spin-0,V0,2,1,2,855440301,1892,13.3147991,3.466602,4307133752,85577728,True,spin-0,resident,11.440673966436266,1,
linux-x64,CORE-VERIFY-002/RUN-20260929-14-56e49e2-linux-x64,T,blake3,throttled,spin-0,V1,2,1,3,855440301,1892,16.4287503,2.531966,2676282048,174063616,True,spin-0,resident,11.50037757592508,1,
linux-x64,CORE-VERIFY-002/RUN-20260929-14-56e49e2-linux-x64,T,blake3,throttled,spin-0,V2-W2,2,1,4,855440301,1892,12.6465466,2.546042,2672932920,192647168,True,spin-0,resident,9.660819215908267,1,
linux-x64,CORE-VERIFY-002/RUN-20260929-14-56e49e2-linux-x64,T,blake3,throttled,spin-0,V0,4,1,5,855440301,1892,7.1759058,3.173522,4306827112,113868800,True,spin-0,resident,11.256477103597847,1,
linux-x64,CORE-VERIFY-002/RUN-20260929-14-56e49e2-linux-x64,T,blake3,throttled,spin-0,V1,4,1,6,855440301,1892,8.7605284,2.335039,2679562264,255643648,True,spin-0,resident,10.884615535179169,1,
linux-x64,CORE-VERIFY-002/RUN-20260929-14-56e49e2-linux-x64,T,blake3,throttled,spin-0,V2-W2,4,1,7,855440301,1892,6.6008992,2.368318,2683911936,232034304,True,spin-0,resident,11.689817463090279,1,
linux-x64,CORE-VERIFY-002/RUN-20260929-14-56e49e2-linux-x64,T,blake3,throttled,spin-0,V0,8,1,8,855440301,1892,3.9344138,2.916869,4307767032,146911232,True,spin-0,resident,11.789515557459822,1,
linux-x64,CORE-VERIFY-002/RUN-20260929-14-56e49e2-linux-x64,T,blake3,throttled,spin-0,V1,8,1,9,855440301,1892,4.8153235,2.29146,2706377840,234942464,True,spin-0,resident,11.66816331201836,1,
linux-x64,CORE-VERIFY-002/RUN-20260929-14-56e49e2-linux-x64,T,blake3,throttled,spin-0,V2-W2,8,1,10,855440301,1892,3.5554731,2.2866,2708254016,308334592,True,spin-0,resident,11.648672959519898,1,
linux-x64,CORE-VERIFY-002/RUN-20260929-14-56e49e2-linux-x64,T,blake3,throttled,spin-0,V0,1,1,11,855440301,1892,25.8489808,3.450474,4306491784,84566016,True,spin-0,resident,12.184954524395696,1,
linux-x64,CORE-VERIFY-002/RUN-20260929-14-56e49e2-linux-x64,T,blake3,throttled,spin-0,V2-W2,1,2,0,855440301,1892,25.0588016,2.639131,2660045296,207876096,True,spin-0,resident,10.626498406295417,1,
linux-x64,CORE-VERIFY-002/RUN-20260929-14-56e49e2-linux-x64,T,blake3,throttled,spin-0,V0,2,2,1,855440301,1892,13.3156012,3.551894,4307513160,83755008,True,spin-0,resident,11.024309663669708,1,
linux-x64,CORE-VERIFY-002/RUN-20260929-14-56e49e2-linux-x64,T,blake3,throttled,spin-0,V1,2,2,2,855440301,1892,16.429563,2.518968,2668389776,200925184,True,spin-0,resident,11.319419178345909,1,
linux-x64,CORE-VERIFY-002/RUN-20260929-14-56e49e2-linux-x64,T,blake3,throttled,spin-0,V2-W2,2,2,3,855440301,1892,12.5975997,2.484633,2674147336,199430144,True,spin-0,resident,11.624817660668278,1,
linux-x64,CORE-VERIFY-002/RUN-20260929-14-56e49e2-linux-x64,T,blake3,throttled,spin-0,V0,4,2,4,855440301,1892,7.1756807,3.105817,4306728864,115793920,True,spin-0,resident,11.651001257426442,1,
linux-x64,CORE-VERIFY-002/RUN-20260929-14-56e49e2-linux-x64,T,blake3,throttled,spin-0,V1,4,2,5,855440301,1892,8.7607113,2.400327,2679786560,177160192,True,spin-0,resident,11.647692141135545,1,
linux-x64,CORE-VERIFY-002/RUN-20260929-14-56e49e2-linux-x64,T,blake3,throttled,spin-0,V2-W2,4,2,6,855440301,1892,6.5886823,2.37216,2690137312,246308864,True,spin-0,resident,10.69309533630918,1,
linux-x64,CORE-VERIFY-002/RUN-20260929-14-56e49e2-linux-x64,T,blake3,throttled,spin-0,V0,8,2,7,855440301,1892,3.9350936,3.136376,4307367272,146206720,True,spin-0,resident,12.046268950183213,1,
linux-x64,CORE-VERIFY-002/RUN-20260929-14-56e49e2-linux-x64,T,blake3,throttled,spin-0,V1,8,2,8,855440301,1892,4.8147279,2.23495,2708525088,231436288,True,spin-0,resident,10.842733933839522,1,
linux-x64,CORE-VERIFY-002/RUN-20260929-14-56e49e2-linux-x64,T,blake3,throttled,spin-0,V2-W2,8,2,9,855440301,1892,3.5469086,2.224539,2694526952,231686144,True,spin-0,resident,11.292185938963907,1,
linux-x64,CORE-VERIFY-002/RUN-20260929-14-56e49e2-linux-x64,T,blake3,throttled,spin-0,V0,1,2,10,855440301,1892,25.8493688,3.507523,4306419776,83505152,True,spin-0,resident,11.828987967589166,1,
linux-x64,CORE-VERIFY-002/RUN-20260929-14-56e49e2-linux-x64,T,blake3,throttled,spin-0,V1,1,2,11,855440301,1892,32.1819995,2.691385,2661684728,164421632,True,spin-0,resident,11.937772558765497,1,
linux-x64,CORE-VERIFY-002/RUN-20260929-14-56e49e2-linux-x64,T,blake3,throttled,spin-0,V0,2,3,0,855440301,1892,13.3161465,3.510833,4307507720,83255296,True,spin-0,resident,11.475867973553965,1,
linux-x64,CORE-VERIFY-002/RUN-20260929-14-56e49e2-linux-x64,T,blake3,throttled,spin-0,V1,2,3,1,855440301,1892,16.42988,2.53761,2664338416,146042880,True,spin-0,resident,11.361774751129762,1,
linux-x64,CORE-VERIFY-002/RUN-20260929-14-56e49e2-linux-x64,T,blake3,throttled,spin-0,V2-W2,2,3,2,855440301,1892,12.6562631,2.530238,2676644504,199016448,True,spin-0,resident,11.163354591621989,1,
linux-x64,CORE-VERIFY-002/RUN-20260929-14-56e49e2-linux-x64,T,blake3,throttled,spin-0,V0,4,3,3,855440301,1892,7.1756276,3.090307,4306531992,111558656,True,spin-0,resident,11.60323213188508,1,
linux-x64,CORE-VERIFY-002/RUN-20260929-14-56e49e2-linux-x64,T,blake3,throttled,spin-0,V1,4,3,4,855440301,1892,8.7620375,2.360423,2684372040,175894528,True,spin-0,resident,11.784507454103853,1,
linux-x64,CORE-VERIFY-002/RUN-20260929-14-56e49e2-linux-x64,T,blake3,throttled,spin-0,V2-W2,4,3,5,855440301,1892,6.5882848,2.360139,2678845232,221200384,True,spin-0,resident,11.231575339440063,1,
linux-x64,CORE-VERIFY-002/RUN-20260929-14-56e49e2-linux-x64,T,blake3,throttled,spin-0,V0,8,3,6,855440301,1892,3.9344895,3.00214,4307412184,161497088,True,spin-0,resident,11.701419286456835,1,
linux-x64,CORE-VERIFY-002/RUN-20260929-14-56e49e2-linux-x64,T,blake3,throttled,spin-0,V1,8,3,7,855440301,1892,4.8162492,2.247786,2696572936,205897728,True,spin-0,resident,11.592304152091323,1,
linux-x64,CORE-VERIFY-002/RUN-20260929-14-56e49e2-linux-x64,T,blake3,throttled,spin-0,V2-W2,8,3,8,855440301,1892,3.5503555,2.270164,2701907112,241713152,True,spin-0,resident,11.649788677524086,1,
linux-x64,CORE-VERIFY-002/RUN-20260929-14-56e49e2-linux-x64,T,blake3,throttled,spin-0,V0,1,3,9,855440301,1892,25.8493845,3.401005,4306659160,82272256,True,spin-0,resident,11.657267068961062,1,
linux-x64,CORE-VERIFY-002/RUN-20260929-14-56e49e2-linux-x64,T,blake3,throttled,spin-0,V1,1,3,10,855440301,1892,32.1823878,2.671337,2661733520,151400448,True,spin-0,resident,11.637472519131128,1,
linux-x64,CORE-VERIFY-002/RUN-20260929-14-56e49e2-linux-x64,T,blake3,throttled,spin-0,V2-W2,1,3,11,855440301,1892,25.1360048,2.625134,2660081504,169971712,True,spin-0,resident,11.825790677522587,1,
linux-x64,CORE-VERIFY-002/RUN-20260929-14-56e49e2-linux-x64,T,blake3,throttled,spin-0,V1,2,4,0,855440301,1892,16.4305514,2.4376,2675106184,163463168,True,spin-0,resident,11.552921206587229,1,
linux-x64,CORE-VERIFY-002/RUN-20260929-14-56e49e2-linux-x64,T,blake3,throttled,spin-0,V2-W2,2,4,1,855440301,1892,12.6348092,2.442061,2674965992,203005952,True,spin-0,resident,11.359248595643123,1,
linux-x64,CORE-VERIFY-002/RUN-20260929-14-56e49e2-linux-x64,T,blake3,throttled,spin-0,V0,4,4,2,855440301,1892,7.1755206,3.130306,4306952360,117587968,True,spin-0,resident,11.83940332228097,1,
linux-x64,CORE-VERIFY-002/RUN-20260929-14-56e49e2-linux-x64,T,blake3,throttled,spin-0,V1,4,4,3,855440301,1892,8.7611148,2.350265,2689833704,239423488,True,spin-0,resident,11.797961309716246,1,
linux-x64,CORE-VERIFY-002/RUN-20260929-14-56e49e2-linux-x64,T,blake3,throttled,spin-0,V2-W2,4,4,4,855440301,1892,6.5909905,2.380934,2689664208,193810432,True,spin-0,resident,11.501013066810025,1,
linux-x64,CORE-VERIFY-002/RUN-20260929-14-56e49e2-linux-x64,T,blake3,throttled,spin-0,V0,8,4,5,855440301,1892,3.9347525,3.090547,4307715992,175771648,True,spin-0,resident,11.80965756616427,1,
linux-x64,CORE-VERIFY-002/RUN-20260929-14-56e49e2-linux-x64,T,blake3,throttled,spin-0,V1,8,4,6,855440301,1892,4.8153519,2.198807,2707855536,243105792,True,spin-0,resident,11.675591501514829,1,
linux-x64,CORE-VERIFY-002/RUN-20260929-14-56e49e2-linux-x64,T,blake3,throttled,spin-0,V2-W2,8,4,7,855440301,1892,3.5560548,2.240255,2707316624,244912128,True,spin-0,resident,11.616008130955256,1,
linux-x64,CORE-VERIFY-002/RUN-20260929-14-56e49e2-linux-x64,T,blake3,throttled,spin-0,V0,1,4,8,855440301,1892,25.8492576,3.464509,4306596144,84639744,True,spin-0,resident,12.074841582103314,1,
linux-x64,CORE-VERIFY-002/RUN-20260929-14-56e49e2-linux-x64,T,blake3,throttled,spin-0,V1,1,4,9,855440301,1892,32.1824991,2.695798,2665967152,171556864,True,spin-0,resident,11.531347250331281,1,
linux-x64,CORE-VERIFY-002/RUN-20260929-14-56e49e2-linux-x64,T,blake3,throttled,spin-0,V2-W2,1,4,10,855440301,1892,25.0772677,2.61052,2658008144,172417024,True,spin-0,resident,11.649861489847392,1,
linux-x64,CORE-VERIFY-002/RUN-20260929-14-56e49e2-linux-x64,T,blake3,throttled,spin-0,V0,2,4,11,855440301,1892,13.3160801,3.45072,4307938392,84443136,True,spin-0,resident,11.898746589963343,1,
linux-x64,CORE-VERIFY-002/RUN-20260929-14-56e49e2-linux-x64,T,blake3,throttled,spin-0,V2-W2,2,5,0,855440301,1892,12.6665949,2.511973,2668500008,175824896,True,spin-0,resident,11.789341507748691,1,
linux-x64,CORE-VERIFY-002/RUN-20260929-14-56e49e2-linux-x64,T,blake3,throttled,spin-0,V0,4,5,1,855440301,1892,7.1762899,3.162863,4306526080,122015744,True,spin-0,resident,11.674703186776629,1,
linux-x64,CORE-VERIFY-002/RUN-20260929-14-56e49e2-linux-x64,T,blake3,throttled,spin-0,V1,4,5,2,855440301,1892,8.7618659,2.308184,2690085536,227680256,True,spin-0,resident,11.531803803790904,1,
linux-x64,CORE-VERIFY-002/RUN-20260929-14-56e49e2-linux-x64,T,blake3,throttled,spin-0,V2-W2,4,5,3,855440301,1892,6.5813752,2.34498,2685784808,240369664,True,spin-0,resident,11.879909985280541,1,
linux-x64,CORE-VERIFY-002/RUN-20260929-14-56e49e2-linux-x64,T,blake3,throttled,spin-0,V0,8,5,4,855440301,1892,3.9344007,3.058741,4308034888,157421568,True,spin-0,resident,11.881996987176155,1,
linux-x64,CORE-VERIFY-002/RUN-20260929-14-56e49e2-linux-x64,T,blake3,throttled,spin-0,V1,8,5,5,855440301,1892,4.8147327,2.228632,2696249056,231886848,True,spin-0,resident,11.795217262664494,1,
linux-x64,CORE-VERIFY-002/RUN-20260929-14-56e49e2-linux-x64,T,blake3,throttled,spin-0,V2-W2,8,5,6,855440301,1892,3.5609717,2.296981,2710246648,327208960,True,spin-0,resident,11.758575937380975,1,
linux-x64,CORE-VERIFY-002/RUN-20260929-14-56e49e2-linux-x64,T,blake3,throttled,spin-0,V0,1,5,7,855440301,1892,25.8488422,3.408663,4306759744,83800064,True,spin-0,resident,11.448739683889611,1,
linux-x64,CORE-VERIFY-002/RUN-20260929-14-56e49e2-linux-x64,T,blake3,throttled,spin-0,V1,1,5,8,855440301,1892,32.183023,2.644974,2661717904,135401472,True,spin-0,resident,11.704627289600838,1,
linux-x64,CORE-VERIFY-002/RUN-20260929-14-56e49e2-linux-x64,T,blake3,throttled,spin-0,V2-W2,1,5,9,855440301,1892,25.0249757,2.64322,2660096264,174923776,True,spin-0,resident,10.988348655624346,1,
linux-x64,CORE-VERIFY-002/RUN-20260929-14-56e49e2-linux-x64,T,blake3,throttled,spin-0,V0,2,5,10,855440301,1892,13.3158063,3.424299,4307217136,84119552,True,spin-0,resident,11.380052296771353,1,
linux-x64,CORE-VERIFY-002/RUN-20260929-14-56e49e2-linux-x64,T,blake3,throttled,spin-0,V1,2,5,11,855440301,1892,16.4291768,2.513409,2678961568,173174784,True,spin-0,resident,12.265345405059074,1,
linux-x64,CORE-VERIFY-002/RUN-20260929-14-56e49e2-linux-x64,T,blake3,throttled,spin-0,V0,4,6,0,855440301,1892,7.1765279,3.224033,4306328888,119463936,True,spin-0,resident,12.002002950211557,1,
linux-x64,CORE-VERIFY-002/RUN-20260929-14-56e49e2-linux-x64,T,blake3,throttled,spin-0,V1,4,6,1,855440301,1892,8.7619381,2.318123,2683439704,181837824,True,spin-0,resident,11.586583335022242,1,
linux-x64,CORE-VERIFY-002/RUN-20260929-14-56e49e2-linux-x64,T,blake3,throttled,spin-0,V2-W2,4,6,2,855440301,1892,6.5943076,2.406724,2683519296,314904576,True,spin-0,resident,11.702638518749112,1,
linux-x64,CORE-VERIFY-002/RUN-20260929-14-56e49e2-linux-x64,T,blake3,throttled,spin-0,V0,8,6,3,855440301,1892,3.9346614,3.040702,4307461352,165310464,True,spin-0,resident,11.484399186390624,1,
linux-x64,CORE-VERIFY-002/RUN-20260929-14-56e49e2-linux-x64,T,blake3,throttled,spin-0,V1,8,6,4,855440301,1892,4.8139079,2.248563,2684119320,198639616,True,spin-0,resident,11.398085183558814,1,
linux-x64,CORE-VERIFY-002/RUN-20260929-14-56e49e2-linux-x64,T,blake3,throttled,spin-0,V2-W2,8,6,5,855440301,1892,3.5501216,2.244919,2700821600,253464576,True,spin-0,resident,11.165919228844963,1,
linux-x64,CORE-VERIFY-002/RUN-20260929-14-56e49e2-linux-x64,T,blake3,throttled,spin-0,V0,1,6,6,855440301,1892,25.8486685,3.424458,4307010544,82182144,True,spin-0,resident,11.760149832331752,1,
linux-x64,CORE-VERIFY-002/RUN-20260929-14-56e49e2-linux-x64,T,blake3,throttled,spin-0,V1,1,6,7,855440301,1892,32.1819205,2.705775,2661794040,138645504,True,spin-0,resident,11.81939024783587,1,
linux-x64,CORE-VERIFY-002/RUN-20260929-14-56e49e2-linux-x64,T,blake3,throttled,spin-0,V2-W2,1,6,8,855440301,1892,25.116289,2.609465,2659995960,212307968,True,spin-0,resident,11.478129514369607,1,
linux-x64,CORE-VERIFY-002/RUN-20260929-14-56e49e2-linux-x64,T,blake3,throttled,spin-0,V0,2,6,9,855440301,1892,13.3153387,3.460671,4307543824,84086784,True,spin-0,resident,11.559143742300538,1,
linux-x64,CORE-VERIFY-002/RUN-20260929-14-56e49e2-linux-x64,T,blake3,throttled,spin-0,V1,2,6,10,855440301,1892,16.4291926,2.490586,2668241704,179335168,True,spin-0,resident,11.961110079770267,1,
linux-x64,CORE-VERIFY-002/RUN-20260929-14-56e49e2-linux-x64,T,blake3,throttled,spin-0,V2-W2,2,6,11,855440301,1892,12.6379563,2.494163,2668511224,211394560,True,spin-0,resident,11.506048576790963,1,
linux-x64,CORE-VERIFY-002/RUN-20260929-14-56e49e2-linux-x64,T,blake3,throttled,spin-0,V1,4,7,0,855440301,1892,8.7615185,2.360018,2689007760,199847936,True,spin-0,resident,11.454803100474225,1,
linux-x64,CORE-VERIFY-002/RUN-20260929-14-56e49e2-linux-x64,T,blake3,throttled,spin-0,V2-W2,4,7,1,855440301,1892,6.5861137,2.422945,2687999568,198127616,True,spin-0,resident,11.710848985764388,1,
linux-x64,CORE-VERIFY-002/RUN-20260929-14-56e49e2-linux-x64,T,blake3,throttled,spin-0,V0,8,7,2,855440301,1892,3.934985,3.077239,4307436248,159977472,True,spin-0,resident,11.587978209449481,1,
linux-x64,CORE-VERIFY-002/RUN-20260929-14-56e49e2-linux-x64,T,blake3,throttled,spin-0,V1,8,7,3,855440301,1892,4.8149448,2.193189,2705488440,240816128,True,spin-0,resident,11.474329968032997,1,
linux-x64,CORE-VERIFY-002/RUN-20260929-14-56e49e2-linux-x64,T,blake3,throttled,spin-0,V2-W2,8,7,4,855440301,1892,3.5567933,2.289897,2704058336,263008256,True,spin-0,resident,11.348773047675278,1,
linux-x64,CORE-VERIFY-002/RUN-20260929-14-56e49e2-linux-x64,T,blake3,throttled,spin-0,V0,1,7,5,855440301,1892,25.8486434,3.414049,4307235528,84189184,True,spin-0,resident,11.425040259441326,1,
linux-x64,CORE-VERIFY-002/RUN-20260929-14-56e49e2-linux-x64,T,blake3,throttled,spin-0,V1,1,7,6,855440301,1892,32.1824678,2.682668,2661803312,132710400,True,spin-0,resident,11.341352477944715,1,
linux-x64,CORE-VERIFY-002/RUN-20260929-14-56e49e2-linux-x64,T,blake3,throttled,spin-0,V2-W2,1,7,7,855440301,1892,25.0580065,2.60333,2660068592,182685696,True,spin-0,resident,11.598089973246719,1,
linux-x64,CORE-VERIFY-002/RUN-20260929-14-56e49e2-linux-x64,T,blake3,throttled,spin-0,V0,2,7,8,855440301,1892,13.3153029,3.538136,4307166080,83697664,True,spin-0,resident,11.811149513619883,1,
linux-x64,CORE-VERIFY-002/RUN-20260929-14-56e49e2-linux-x64,T,blake3,throttled,spin-0,V1,2,7,9,855440301,1892,16.4292379,2.516425,2668553952,148234240,True,spin-0,resident,11.544582448355783,1,
linux-x64,CORE-VERIFY-002/RUN-20260929-14-56e49e2-linux-x64,T,blake3,throttled,spin-0,V2-W2,2,7,10,855440301,1892,12.6627246,2.485769,2671383160,227049472,True,spin-0,resident,11.150139334798387,1,
linux-x64,CORE-VERIFY-002/RUN-20260929-14-56e49e2-linux-x64,T,blake3,throttled,spin-0,V0,4,7,11,855440301,1892,7.1756568,3.176225,4306832824,114696192,True,spin-0,resident,11.362306333235605,1,
linux-x64,CORE-VERIFY-002/RUN-20260929-14-56e49e2-linux-x64,T,blake3,throttled,spin-0,V2-W2,4,8,0,855440301,1892,6.5961616,2.349209,2690669944,216440832,True,spin-0,resident,11.61534532468669,1,
linux-x64,CORE-VERIFY-002/RUN-20260929-14-56e49e2-linux-x64,T,blake3,throttled,spin-0,V0,8,8,1,855440301,1892,3.9338443,2.965014,4307590000,154554368,True,spin-0,resident,11.787613659320245,1,
linux-x64,CORE-VERIFY-002/RUN-20260929-14-56e49e2-linux-x64,T,blake3,throttled,spin-0,V1,8,8,2,855440301,1892,4.8144348,2.23036,2682706392,200224768,True,spin-0,resident,11.43483725124242,1,
linux-x64,CORE-VERIFY-002/RUN-20260929-14-56e49e2-linux-x64,T,blake3,throttled,spin-0,V2-W2,8,8,3,855440301,1892,3.5561133,2.229187,2700659024,273920000,True,spin-0,resident,11.47556935233604,1,
linux-x64,CORE-VERIFY-002/RUN-20260929-14-56e49e2-linux-x64,T,blake3,throttled,spin-0,V0,1,8,4,855440301,1892,25.8487018,3.478013,4306650736,86306816,True,spin-0,resident,11.28610819880157,1,
linux-x64,CORE-VERIFY-002/RUN-20260929-14-56e49e2-linux-x64,T,blake3,throttled,spin-0,V1,1,8,5,855440301,1892,32.182014,2.670165,2661685640,176873472,True,spin-0,resident,11.346812011463332,1,
linux-x64,CORE-VERIFY-002/RUN-20260929-14-56e49e2-linux-x64,T,blake3,throttled,spin-0,V2-W2,1,8,6,855440301,1892,25.0723412,2.632867,2660118456,159510528,True,spin-0,resident,11.259920437634534,1,
linux-x64,CORE-VERIFY-002/RUN-20260929-14-56e49e2-linux-x64,T,blake3,throttled,spin-0,V0,2,8,7,855440301,1892,13.3148536,3.429405,4307442384,84602880,True,spin-0,resident,11.92556421265983,1,
linux-x64,CORE-VERIFY-002/RUN-20260929-14-56e49e2-linux-x64,T,blake3,throttled,spin-0,V1,2,8,8,855440301,1892,16.4290776,2.579758,2668037416,151629824,True,spin-0,resident,11.831907262562204,1,
linux-x64,CORE-VERIFY-002/RUN-20260929-14-56e49e2-linux-x64,T,blake3,throttled,spin-0,V2-W2,2,8,9,855440301,1892,12.6415636,2.508476,2672929456,211902464,True,spin-0,resident,11.615090471372556,1,
linux-x64,CORE-VERIFY-002/RUN-20260929-14-56e49e2-linux-x64,T,blake3,throttled,spin-0,V0,4,8,10,855440301,1892,7.1759791,3.119811,4306502408,111579136,True,spin-0,resident,11.29379748954812,1,
linux-x64,CORE-VERIFY-002/RUN-20260929-14-56e49e2-linux-x64,T,blake3,throttled,spin-0,V1,4,8,11,855440301,1892,8.76066,2.349609,2683392080,180482048,True,spin-0,resident,12.100531742275281,1,
linux-x64,CORE-VERIFY-002/RUN-20260929-14-56e49e2-linux-x64,T,blake3,throttled,spin-0,V0,8,9,0,855440301,1892,3.9356785,2.948662,4307326856,146841600,True,spin-0,resident,11.939440001140206,1,
linux-x64,CORE-VERIFY-002/RUN-20260929-14-56e49e2-linux-x64,T,blake3,throttled,spin-0,V1,8,9,1,855440301,1892,4.8148688,2.217431,2695813944,216338432,True,spin-0,resident,11.791215033531088,1,
linux-x64,CORE-VERIFY-002/RUN-20260929-14-56e49e2-linux-x64,T,blake3,throttled,spin-0,V2-W2,8,9,2,855440301,1892,3.5505164,2.273041,2701706680,217407488,True,spin-0,resident,11.691281510182733,1,
linux-x64,CORE-VERIFY-002/RUN-20260929-14-56e49e2-linux-x64,T,blake3,throttled,spin-0,V0,1,9,3,855440301,1892,25.8491262,3.476639,4306558680,83218432,True,spin-0,resident,11.598400232467936,1,
linux-x64,CORE-VERIFY-002/RUN-20260929-14-56e49e2-linux-x64,T,blake3,throttled,spin-0,V1,1,9,4,855440301,1892,32.1821446,2.679593,2661620520,204148736,True,spin-0,resident,11.654153410305348,1,
linux-x64,CORE-VERIFY-002/RUN-20260929-14-56e49e2-linux-x64,T,blake3,throttled,spin-0,V2-W2,1,9,5,855440301,1892,25.0877937,2.636168,2659080896,200912896,True,spin-0,resident,11.653797431174217,1,
linux-x64,CORE-VERIFY-002/RUN-20260929-14-56e49e2-linux-x64,T,blake3,throttled,spin-0,V0,2,9,6,855440301,1892,13.3152438,3.524287,4307637184,83836928,True,spin-0,resident,11.640327762026828,1,
linux-x64,CORE-VERIFY-002/RUN-20260929-14-56e49e2-linux-x64,T,blake3,throttled,spin-0,V1,2,9,7,855440301,1892,16.4296386,2.53002,2672202688,152072192,True,spin-0,resident,11.200120675716246,1,
linux-x64,CORE-VERIFY-002/RUN-20260929-14-56e49e2-linux-x64,T,blake3,throttled,spin-0,V2-W2,2,9,8,855440301,1892,12.61142,2.487932,2678434768,193896448,True,spin-0,resident,11.83810009259954,1,
linux-x64,CORE-VERIFY-002/RUN-20260929-14-56e49e2-linux-x64,T,blake3,throttled,spin-0,V0,4,9,9,855440301,1892,7.1769197,3.111451,4306706472,108560384,True,spin-0,resident,11.519938996231105,1,
linux-x64,CORE-VERIFY-002/RUN-20260929-14-56e49e2-linux-x64,T,blake3,throttled,spin-0,V1,4,9,10,855440301,1892,8.7594615,2.340522,2691101896,186650624,True,spin-0,resident,11.139356040757255,1,
linux-x64,CORE-VERIFY-002/RUN-20260929-14-56e49e2-linux-x64,T,blake3,throttled,spin-0,V2-W2,4,9,11,855440301,1892,6.5879463,2.36104,2684846976,192933888,True,spin-0,resident,11.469974523618149,1,
win-x64,CORE-VERIFY-002/RUN-20260929-14-56e49e2-win-x64,T,blake3,warm,spin-0,V0,1,0,0,855440301,1892,1.6696544,2.15625,334038544,80683008,True,spin-0,resident,5.32497720261831,,
win-x64,CORE-VERIFY-002/RUN-20260929-14-56e49e2-win-x64,T,blake3,warm,spin-0,V1,1,0,1,855440301,1892,1.199813,1.484375,671071792,154423296,True,spin-0,resident,4.772056515369114,,
win-x64,CORE-VERIFY-002/RUN-20260929-14-56e49e2-win-x64,T,blake3,warm,spin-0,V2-W2,1,0,2,855440301,1892,1.0276063,1.671875,673034600,168259584,True,spin-0,resident,5.148653636260756,,
win-x64,CORE-VERIFY-002/RUN-20260929-14-56e49e2-win-x64,T,blake3,warm,spin-0,V0,2,0,3,855440301,1892,1.0641724,2.390625,334916584,65183744,True,spin-0,resident,4.807731588393672,,
win-x64,CORE-VERIFY-002/RUN-20260929-14-56e49e2-win-x64,T,blake3,warm,spin-0,V1,2,0,4,855440301,1892,0.7569017,1.75,675612440,142012416,True,spin-0,resident,4.96766648239355,,
win-x64,CORE-VERIFY-002/RUN-20260929-14-56e49e2-win-x64,T,blake3,warm,spin-0,V2-W2,2,0,5,855440301,1892,0.6699693,1.875,694931328,210710528,True,spin-0,resident,4.907348502358336,,
win-x64,CORE-VERIFY-002/RUN-20260929-14-56e49e2-win-x64,T,blake3,warm,spin-0,V0,4,0,6,855440301,1892,0.6076164,2.125,335286624,70746112,True,spin-0,resident,4.7946480361143875,,
win-x64,CORE-VERIFY-002/RUN-20260929-14-56e49e2-win-x64,T,blake3,warm,spin-0,V1,4,0,7,855440301,1892,0.4439945,1.4375,705226400,172400640,True,spin-0,resident,4.6662192876511694,,
win-x64,CORE-VERIFY-002/RUN-20260929-14-56e49e2-win-x64,T,blake3,warm,spin-0,V2-W2,4,0,8,855440301,1892,0.4359645,1.5,720818688,263380992,True,spin-0,resident,4.9963079262774865,,
win-x64,CORE-VERIFY-002/RUN-20260929-14-56e49e2-win-x64,T,blake3,warm,spin-0,V0,8,0,9,855440301,1892,0.5913229,2.015625,336826264,88453120,True,spin-0,resident,4.210872353584001,,
win-x64,CORE-VERIFY-002/RUN-20260929-14-56e49e2-win-x64,T,blake3,warm,spin-0,V1,8,0,10,855440301,1892,0.4857499,1.65625,723625160,205393920,True,spin-0,resident,5.166783543737233,,
win-x64,CORE-VERIFY-002/RUN-20260929-14-56e49e2-win-x64,T,blake3,warm,spin-0,V2-W2,8,0,11,855440301,1892,0.4615606,1.6875,759212864,313995264,True,spin-0,resident,4.771414334242354,,
win-x64,CORE-VERIFY-002/RUN-20260929-14-56e49e2-win-x64,T,blake3,warm,spin-0,V1,1,1,0,855440301,1892,1.4302899,1.75,667044128,101007360,True,spin-0,resident,4.416174388290255,,
win-x64,CORE-VERIFY-002/RUN-20260929-14-56e49e2-win-x64,T,blake3,warm,spin-0,V2-W2,1,1,1,855440301,1892,1.1006592,1.921875,672846384,152563712,True,spin-0,resident,4.8507270866194805,,
win-x64,CORE-VERIFY-002/RUN-20260929-14-56e49e2-win-x64,T,blake3,warm,spin-0,V0,2,1,2,855440301,1892,1.1415607,2.5625,335212040,68620288,True,spin-0,resident,4.595282426811621,,
win-x64,CORE-VERIFY-002/RUN-20260929-14-56e49e2-win-x64,T,blake3,warm,spin-0,V1,2,1,3,855440301,1892,0.7231013,1.671875,681700936,151052288,True,spin-0,resident,4.24366500687154,,
win-x64,CORE-VERIFY-002/RUN-20260929-14-56e49e2-win-x64,T,blake3,warm,spin-0,V2-W2,2,1,4,855440301,1892,0.6505066,1.59375,694883496,224821248,True,spin-0,resident,5.147188679976994,,
win-x64,CORE-VERIFY-002/RUN-20260929-14-56e49e2-win-x64,T,blake3,warm,spin-0,V0,4,1,5,855440301,1892,0.63016,2.265625,336015752,69914624,True,spin-0,resident,5.2264736260420666,,
win-x64,CORE-VERIFY-002/RUN-20260929-14-56e49e2-win-x64,T,blake3,warm,spin-0,V1,4,1,6,855440301,1892,0.5040212,1.734375,698782520,229646336,True,spin-0,resident,4.700739251611477,,
win-x64,CORE-VERIFY-002/RUN-20260929-14-56e49e2-win-x64,T,blake3,warm,spin-0,V2-W2,4,1,7,855440301,1892,0.4326153,1.515625,717144088,233336832,True,spin-0,resident,4.480539861758441,,
win-x64,CORE-VERIFY-002/RUN-20260929-14-56e49e2-win-x64,T,blake3,warm,spin-0,V0,8,1,8,855440301,1892,0.6494194,2.3125,336227192,70103040,True,spin-0,resident,4.722983344456184,,
win-x64,CORE-VERIFY-002/RUN-20260929-14-56e49e2-win-x64,T,blake3,warm,spin-0,V1,8,1,9,855440301,1892,0.4455315,1.578125,730231560,215883776,True,spin-0,resident,4.848734100767185,,
win-x64,CORE-VERIFY-002/RUN-20260929-14-56e49e2-win-x64,T,blake3,warm,spin-0,V2-W2,8,1,10,855440301,1892,0.4161974,1.546875,741114392,270016512,True,spin-0,resident,4.771545610549869,,
win-x64,CORE-VERIFY-002/RUN-20260929-14-56e49e2-win-x64,T,blake3,warm,spin-0,V0,1,1,11,855440301,1892,1.8381548,2.4375,334277984,66572288,True,spin-0,resident,5.254079537124295,,
win-x64,CORE-VERIFY-002/RUN-20260929-14-56e49e2-win-x64,T,blake3,warm,spin-0,V2-W2,1,2,0,855440301,1892,1.0941562,1.75,679180048,148803584,True,spin-0,resident,4.879643448283413,,
win-x64,CORE-VERIFY-002/RUN-20260929-14-56e49e2-win-x64,T,blake3,warm,spin-0,V0,2,2,1,855440301,1892,1.0961965,2.3125,335206080,63631360,True,spin-0,resident,4.7583571393776705,,
win-x64,CORE-VERIFY-002/RUN-20260929-14-56e49e2-win-x64,T,blake3,warm,spin-0,V1,2,2,2,855440301,1892,0.7584393,1.75,687928160,134504448,True,spin-0,resident,5.005537039881955,,
win-x64,CORE-VERIFY-002/RUN-20260929-14-56e49e2-win-x64,T,blake3,warm,spin-0,V2-W2,2,2,3,855440301,1892,0.666694,1.671875,688584464,203120640,True,spin-0,resident,4.747890385986151,,
win-x64,CORE-VERIFY-002/RUN-20260929-14-56e49e2-win-x64,T,blake3,warm,spin-0,V0,4,2,4,855440301,1892,0.6692809,2.265625,336432304,69341184,True,spin-0,resident,4.613584618186849,,
win-x64,CORE-VERIFY-002/RUN-20260929-14-56e49e2-win-x64,T,blake3,warm,spin-0,V1,4,2,5,855440301,1892,0.428583,1.46875,698422248,176177152,True,spin-0,resident,4.5317308623949675,,
win-x64,CORE-VERIFY-002/RUN-20260929-14-56e49e2-win-x64,T,blake3,warm,spin-0,V2-W2,4,2,6,855440301,1892,0.4335356,1.625,714752528,185315328,True,spin-0,resident,4.04535747374088,,
win-x64,CORE-VERIFY-002/RUN-20260929-14-56e49e2-win-x64,T,blake3,warm,spin-0,V0,8,2,7,855440301,1892,0.648249,2.46875,336194712,63623168,True,spin-0,resident,4.665517960836867,,
win-x64,CORE-VERIFY-002/RUN-20260929-14-56e49e2-win-x64,T,blake3,warm,spin-0,V1,8,2,8,855440301,1892,0.4217351,1.578125,726007672,217579520,True,spin-0,resident,4.537440007040101,,
win-x64,CORE-VERIFY-002/RUN-20260929-14-56e49e2-win-x64,T,blake3,warm,spin-0,V2-W2,8,2,9,855440301,1892,0.4511804,1.484375,746932576,244305920,True,spin-0,resident,5.081709676656483,,
win-x64,CORE-VERIFY-002/RUN-20260929-14-56e49e2-win-x64,T,blake3,warm,spin-0,V0,1,2,10,855440301,1892,2.0008324,2.578125,334447656,62357504,True,spin-0,resident,4.481174089176284,,
win-x64,CORE-VERIFY-002/RUN-20260929-14-56e49e2-win-x64,T,blake3,warm,spin-0,V1,1,2,11,855440301,1892,1.2735599,1.609375,674305200,143069184,True,spin-0,resident,4.48788472809408,,
win-x64,CORE-VERIFY-002/RUN-20260929-14-56e49e2-win-x64,T,blake3,warm,spin-0,V0,2,3,0,855440301,1892,1.133432,2.53125,335184144,65437696,True,spin-0,resident,4.843594106195069,,
win-x64,CORE-VERIFY-002/RUN-20260929-14-56e49e2-win-x64,T,blake3,warm,spin-0,V1,2,3,1,855440301,1892,0.7567033,1.78125,683820656,133050368,True,spin-0,resident,4.941015749376071,,
win-x64,CORE-VERIFY-002/RUN-20260929-14-56e49e2-win-x64,T,blake3,warm,spin-0,V2-W2,2,3,2,855440301,1892,0.6259361,1.625,687972792,163086336,True,spin-0,resident,4.627648132215956,,
win-x64,CORE-VERIFY-002/RUN-20260929-14-56e49e2-win-x64,T,blake3,warm,spin-0,V0,4,3,3,855440301,1892,0.679382,2.296875,335362232,72060928,True,spin-0,resident,5.227172225188254,,
win-x64,CORE-VERIFY-002/RUN-20260929-14-56e49e2-win-x64,T,blake3,warm,spin-0,V1,4,3,4,855440301,1892,0.4562559,1.484375,710530544,226340864,True,spin-0,resident,4.828741959302102,,
win-x64,CORE-VERIFY-002/RUN-20260929-14-56e49e2-win-x64,T,blake3,warm,spin-0,V2-W2,4,3,5,855440301,1892,0.4580191,1.609375,712431448,173690880,True,spin-0,resident,4.652981593107088,,
win-x64,CORE-VERIFY-002/RUN-20260929-14-56e49e2-win-x64,T,blake3,warm,spin-0,V0,8,3,6,855440301,1892,0.6033505,2.15625,335876944,64606208,True,spin-0,resident,4.686341541145291,,
win-x64,CORE-VERIFY-002/RUN-20260929-14-56e49e2-win-x64,T,blake3,warm,spin-0,V1,8,3,7,855440301,1892,0.4494543,1.609375,730371448,207749120,True,spin-0,resident,5.191753142136172,,
win-x64,CORE-VERIFY-002/RUN-20260929-14-56e49e2-win-x64,T,blake3,warm,spin-0,V2-W2,8,3,8,855440301,1892,0.4952721,1.53125,745163568,258174976,True,spin-0,resident,4.9160789164117205,,
win-x64,CORE-VERIFY-002/RUN-20260929-14-56e49e2-win-x64,T,blake3,warm,spin-0,V0,1,3,9,855440301,1892,1.9940588,2.5,334615120,61468672,True,spin-0,resident,4.280892375742054,,
win-x64,CORE-VERIFY-002/RUN-20260929-14-56e49e2-win-x64,T,blake3,warm,spin-0,V1,1,3,10,855440301,1892,1.2347492,1.625,668524224,127610880,True,spin-0,resident,4.651923434399675,,
win-x64,CORE-VERIFY-002/RUN-20260929-14-56e49e2-win-x64,T,blake3,warm,spin-0,V2-W2,1,3,11,855440301,1892,1.1258479,1.84375,676462400,158846976,True,spin-0,resident,4.711363385540131,,
win-x64,CORE-VERIFY-002/RUN-20260929-14-56e49e2-win-x64,T,blake3,warm,spin-0,V1,2,4,0,855440301,1892,0.7602919,1.765625,683739440,167120896,True,spin-0,resident,4.943970642280449,,
win-x64,CORE-VERIFY-002/RUN-20260929-14-56e49e2-win-x64,T,blake3,warm,spin-0,V2-W2,2,4,1,855440301,1892,0.6607701,1.875,711051752,177971200,True,spin-0,resident,4.995450697490761,,
win-x64,CORE-VERIFY-002/RUN-20260929-14-56e49e2-win-x64,T,blake3,warm,spin-0,V0,4,4,2,855440301,1892,0.7790299,2.3125,336175032,65490944,True,spin-0,resident,4.657724796071123,,
win-x64,CORE-VERIFY-002/RUN-20260929-14-56e49e2-win-x64,T,blake3,warm,spin-0,V1,4,4,3,855440301,1892,0.6622968,1.703125,700464392,203730944,True,spin-0,resident,4.5328535129447225,,
win-x64,CORE-VERIFY-002/RUN-20260929-14-56e49e2-win-x64,T,blake3,warm,spin-0,V2-W2,4,4,4,855440301,1892,0.6539226,1.53125,701287152,204042240,True,spin-0,resident,4.389325359699911,,
win-x64,CORE-VERIFY-002/RUN-20260929-14-56e49e2-win-x64,T,blake3,warm,spin-0,V0,8,4,5,855440301,1892,0.8894728,2.234375,335875832,76849152,True,spin-0,resident,4.729159641960964,,
win-x64,CORE-VERIFY-002/RUN-20260929-14-56e49e2-win-x64,T,blake3,warm,spin-0,V1,8,4,6,855440301,1892,0.5906933,1.53125,717326952,213852160,True,spin-0,resident,4.33402697527418,,
win-x64,CORE-VERIFY-002/RUN-20260929-14-56e49e2-win-x64,T,blake3,warm,spin-0,V2-W2,8,4,7,855440301,1892,0.6080556,1.5,727102120,286208000,True,spin-0,resident,4.3893881507027865,,
win-x64,CORE-VERIFY-002/RUN-20260929-14-56e49e2-win-x64,T,blake3,warm,spin-0,V0,1,4,8,855440301,1892,2.1475367,2.65625,334288768,123215872,True,spin-0,resident,4.393541171991671,,
win-x64,CORE-VERIFY-002/RUN-20260929-14-56e49e2-win-x64,T,blake3,warm,spin-0,V1,1,4,9,855440301,1892,1.340518,1.765625,679625960,119455744,True,spin-0,resident,4.385322521736617,,
win-x64,CORE-VERIFY-002/RUN-20260929-14-56e49e2-win-x64,T,blake3,warm,spin-0,V2-W2,1,4,10,855440301,1892,1.0762741,1.765625,683373440,168091648,True,spin-0,resident,5.0309764142746,,
win-x64,CORE-VERIFY-002/RUN-20260929-14-56e49e2-win-x64,T,blake3,warm,spin-0,V0,2,4,11,855440301,1892,1.0651551,2.328125,335221968,62935040,True,spin-0,resident,5.001397908673635,,
win-x64,CORE-VERIFY-002/RUN-20260929-14-56e49e2-win-x64,T,blake3,warm,spin-0,V2-W2,2,5,0,855440301,1892,0.6348793,1.84375,699504704,172789760,True,spin-0,resident,4.484781523521457,,
win-x64,CORE-VERIFY-002/RUN-20260929-14-56e49e2-win-x64,T,blake3,warm,spin-0,V0,4,5,1,855440301,1892,0.6735724,2.4375,335884696,65318912,True,spin-0,resident,5.1367819765042695,,
win-x64,CORE-VERIFY-002/RUN-20260929-14-56e49e2-win-x64,T,blake3,warm,spin-0,V1,4,5,2,855440301,1892,0.4824814,1.640625,709112504,222609408,True,spin-0,resident,4.8464777548979106,,
win-x64,CORE-VERIFY-002/RUN-20260929-14-56e49e2-win-x64,T,blake3,warm,spin-0,V2-W2,4,5,3,855440301,1892,0.4371699,1.609375,722506448,188014592,True,spin-0,resident,4.583523054206228,,
win-x64,CORE-VERIFY-002/RUN-20260929-14-56e49e2-win-x64,T,blake3,warm,spin-0,V0,8,5,4,855440301,1892,0.6318593,2.265625,336891936,76460032,True,spin-0,resident,4.585609677240864,,
win-x64,CORE-VERIFY-002/RUN-20260929-14-56e49e2-win-x64,T,blake3,warm,spin-0,V1,8,5,5,855440301,1892,0.4950228,1.734375,727499936,245706752,True,spin-0,resident,4.957266848529767,,
win-x64,CORE-VERIFY-002/RUN-20260929-14-56e49e2-win-x64,T,blake3,warm,spin-0,V2-W2,8,5,6,855440301,1892,0.4216638,1.484375,739484424,245628928,True,spin-0,resident,4.795766363050327,,
win-x64,CORE-VERIFY-002/RUN-20260929-14-56e49e2-win-x64,T,blake3,warm,spin-0,V0,1,5,7,855440301,1892,1.7181543,2.140625,334324424,69812224,True,spin-0,resident,4.495990930886537,,
win-x64,CORE-VERIFY-002/RUN-20260929-14-56e49e2-win-x64,T,blake3,warm,spin-0,V1,1,5,8,855440301,1892,1.1852174,1.546875,671550536,101257216,True,spin-0,resident,4.666175619126696,,
win-x64,CORE-VERIFY-002/RUN-20260929-14-56e49e2-win-x64,T,blake3,warm,spin-0,V2-W2,1,5,9,855440301,1892,1.0685012,1.84375,679455448,138371072,True,spin-0,resident,4.456297701573148,,
win-x64,CORE-VERIFY-002/RUN-20260929-14-56e49e2-win-x64,T,blake3,warm,spin-0,V0,2,5,10,855440301,1892,1.0814324,2.484375,335463248,85975040,True,spin-0,resident,4.404794657363794,,
win-x64,CORE-VERIFY-002/RUN-20260929-14-56e49e2-win-x64,T,blake3,warm,spin-0,V1,2,5,11,855440301,1892,0.7582249,1.703125,687924528,201830400,True,spin-0,resident,4.653562428353769,,
win-x64,CORE-VERIFY-002/RUN-20260929-14-56e49e2-win-x64,T,blake3,warm,spin-0,V0,4,6,0,855440301,1892,0.6307175,2.171875,335314688,97857536,True,spin-0,resident,4.473286719837044,,
win-x64,CORE-VERIFY-002/RUN-20260929-14-56e49e2-win-x64,T,blake3,warm,spin-0,V1,4,6,1,855440301,1892,0.4943174,1.640625,692124648,173105152,True,spin-0,resident,5.144911515373315,,
win-x64,CORE-VERIFY-002/RUN-20260929-14-56e49e2-win-x64,T,blake3,warm,spin-0,V2-W2,4,6,2,855440301,1892,0.4507906,1.515625,712059712,217227264,True,spin-0,resident,4.865625965622103,,
win-x64,CORE-VERIFY-002/RUN-20260929-14-56e49e2-win-x64,T,blake3,warm,spin-0,V0,8,6,3,855440301,1892,0.6019634,2.1875,336465632,105287680,True,spin-0,resident,4.505988703391007,,
win-x64,CORE-VERIFY-002/RUN-20260929-14-56e49e2-win-x64,T,blake3,warm,spin-0,V1,8,6,4,855440301,1892,0.4380741,1.609375,743408280,226324480,True,spin-0,resident,4.486418370453232,,
win-x64,CORE-VERIFY-002/RUN-20260929-14-56e49e2-win-x64,T,blake3,warm,spin-0,V2-W2,8,6,5,855440301,1892,0.4277578,1.546875,741305984,293789696,True,spin-0,resident,4.4464818052670125,,
win-x64,CORE-VERIFY-002/RUN-20260929-14-56e49e2-win-x64,T,blake3,warm,spin-0,V0,1,6,6,855440301,1892,1.7312359,2.109375,334078384,65957888,True,spin-0,resident,4.698599140307678,,
win-x64,CORE-VERIFY-002/RUN-20260929-14-56e49e2-win-x64,T,blake3,warm,spin-0,V1,1,6,7,855440301,1892,1.1781993,1.53125,666994976,128081920,True,spin-0,resident,4.563911928710285,,
win-x64,CORE-VERIFY-002/RUN-20260929-14-56e49e2-win-x64,T,blake3,warm,spin-0,V2-W2,1,6,8,855440301,1892,1.15088,1.890625,679251648,172544000,True,spin-0,resident,4.584658342023246,,
win-x64,CORE-VERIFY-002/RUN-20260929-14-56e49e2-win-x64,T,blake3,warm,spin-0,V0,2,6,9,855440301,1892,1.1002193,2.3125,335220992,63934464,True,spin-0,resident,5.064116228784955,,
win-x64,CORE-VERIFY-002/RUN-20260929-14-56e49e2-win-x64,T,blake3,warm,spin-0,V1,2,6,10,855440301,1892,0.7656533,1.90625,684065856,131903488,True,spin-0,resident,5.02881991365199,,
win-x64,CORE-VERIFY-002/RUN-20260929-14-56e49e2-win-x64,T,blake3,warm,spin-0,V2-W2,2,6,11,855440301,1892,0.6241893,1.875,697746784,162652160,True,spin-0,resident,4.44067034254112,,
win-x64,CORE-VERIFY-002/RUN-20260929-14-56e49e2-win-x64,T,blake3,warm,spin-0,V1,4,7,0,855440301,1892,0.4590822,1.53125,696688432,152211456,True,spin-0,resident,4.502725722287899,,
win-x64,CORE-VERIFY-002/RUN-20260929-14-56e49e2-win-x64,T,blake3,warm,spin-0,V2-W2,4,7,1,855440301,1892,0.5127816,1.53125,733380728,233926656,True,spin-0,resident,4.647359879703451,,
win-x64,CORE-VERIFY-002/RUN-20260929-14-56e49e2-win-x64,T,blake3,warm,spin-0,V0,8,7,2,855440301,1892,0.7020641,2.25,335942160,116310016,True,spin-0,resident,5.288680680897096,,
win-x64,CORE-VERIFY-002/RUN-20260929-14-56e49e2-win-x64,T,blake3,warm,spin-0,V1,8,7,3,855440301,1892,0.4242271,1.546875,740839544,214007808,True,spin-0,resident,4.700719862813633,,
win-x64,CORE-VERIFY-002/RUN-20260929-14-56e49e2-win-x64,T,blake3,warm,spin-0,V2-W2,8,7,4,855440301,1892,0.4667995,1.59375,755180168,263847936,True,spin-0,resident,4.570281053494502,,
win-x64,CORE-VERIFY-002/RUN-20260929-14-56e49e2-win-x64,T,blake3,warm,spin-0,V0,1,7,5,855440301,1892,1.7400047,2.125,334305080,70565888,True,spin-0,resident,4.628381082296305,,
win-x64,CORE-VERIFY-002/RUN-20260929-14-56e49e2-win-x64,T,blake3,warm,spin-0,V1,1,7,6,855440301,1892,1.2247973,1.53125,675314808,166088704,True,spin-0,resident,4.747274466663014,,
win-x64,CORE-VERIFY-002/RUN-20260929-14-56e49e2-win-x64,T,blake3,warm,spin-0,V2-W2,1,7,7,855440301,1892,1.0891097,1.796875,679244632,155508736,True,spin-0,resident,4.4557202674972975,,
win-x64,CORE-VERIFY-002/RUN-20260929-14-56e49e2-win-x64,T,blake3,warm,spin-0,V0,2,7,8,855440301,1892,1.1937976,2.578125,335345264,128008192,True,spin-0,resident,4.515737067421542,,
win-x64,CORE-VERIFY-002/RUN-20260929-14-56e49e2-win-x64,T,blake3,warm,spin-0,V1,2,7,9,855440301,1892,0.7755953,1.703125,683811528,141893632,True,spin-0,resident,4.7269319621700046,,
win-x64,CORE-VERIFY-002/RUN-20260929-14-56e49e2-win-x64,T,blake3,warm,spin-0,V2-W2,2,7,10,855440301,1892,0.6272757,1.75,688359472,211841024,True,spin-0,resident,4.180667273721836,,
win-x64,CORE-VERIFY-002/RUN-20260929-14-56e49e2-win-x64,T,blake3,warm,spin-0,V0,4,7,11,855440301,1892,0.6992462,2.171875,336665736,65421312,True,spin-0,resident,5.093288835546507,,
win-x64,CORE-VERIFY-002/RUN-20260929-14-56e49e2-win-x64,T,blake3,warm,spin-0,V2-W2,4,8,0,855440301,1892,0.4592827,1.578125,707802488,229216256,True,spin-0,resident,4.766938143236921,,
win-x64,CORE-VERIFY-002/RUN-20260929-14-56e49e2-win-x64,T,blake3,warm,spin-0,V0,8,8,1,855440301,1892,0.6618093,2.1875,336114824,82169856,True,spin-0,resident,4.564214817800915,,
win-x64,CORE-VERIFY-002/RUN-20260929-14-56e49e2-win-x64,T,blake3,warm,spin-0,V1,8,8,2,855440301,1892,0.4324105,1.59375,726897368,229507072,True,spin-0,resident,4.2106901061093,,
win-x64,CORE-VERIFY-002/RUN-20260929-14-56e49e2-win-x64,T,blake3,warm,spin-0,V2-W2,8,8,3,855440301,1892,0.4472095,1.640625,771573240,259964928,True,spin-0,resident,4.40660241689412,,
win-x64,CORE-VERIFY-002/RUN-20260929-14-56e49e2-win-x64,T,blake3,warm,spin-0,V0,1,8,4,855440301,1892,2.01504,2.453125,334550640,144289792,True,spin-0,resident,4.187538112459871,,
win-x64,CORE-VERIFY-002/RUN-20260929-14-56e49e2-win-x64,T,blake3,warm,spin-0,V1,1,8,5,855440301,1892,1.1563629,1.4375,675354696,119791616,True,spin-0,resident,4.556305904080876,,
win-x64,CORE-VERIFY-002/RUN-20260929-14-56e49e2-win-x64,T,blake3,warm,spin-0,V2-W2,1,8,6,855440301,1892,1.1091649,1.859375,679151112,155488256,True,spin-0,resident,4.184346762982224,,
win-x64,CORE-VERIFY-002/RUN-20260929-14-56e49e2-win-x64,T,blake3,warm,spin-0,V0,2,8,7,855440301,1892,1.1903213,2.34375,334688192,65327104,True,spin-0,resident,5.163195474065494,,
win-x64,CORE-VERIFY-002/RUN-20260929-14-56e49e2-win-x64,T,blake3,warm,spin-0,V1,2,8,8,855440301,1892,0.8707011,1.625,684286200,151068672,True,spin-0,resident,5.038141006149102,,
win-x64,CORE-VERIFY-002/RUN-20260929-14-56e49e2-win-x64,T,blake3,warm,spin-0,V2-W2,2,8,9,855440301,1892,0.6652806,1.734375,693804064,212889600,True,spin-0,resident,4.621244038288524,,
win-x64,CORE-VERIFY-002/RUN-20260929-14-56e49e2-win-x64,T,blake3,warm,spin-0,V0,4,8,10,855440301,1892,0.6696516,2.09375,336209640,79265792,True,spin-0,resident,4.656169829789439,,
win-x64,CORE-VERIFY-002/RUN-20260929-14-56e49e2-win-x64,T,blake3,warm,spin-0,V1,4,8,11,855440301,1892,0.4914761,1.59375,706719304,169762816,True,spin-0,resident,4.58313597324806,,
win-x64,CORE-VERIFY-002/RUN-20260929-14-56e49e2-win-x64,T,blake3,warm,spin-0,V0,8,9,0,855440301,1892,0.6582475,2.1875,336007296,79753216,True,spin-0,resident,5.22610385502739,,
win-x64,CORE-VERIFY-002/RUN-20260929-14-56e49e2-win-x64,T,blake3,warm,spin-0,V1,8,9,1,855440301,1892,0.4843202,1.53125,719530552,207994880,True,spin-0,resident,4.756283350973538,,
win-x64,CORE-VERIFY-002/RUN-20260929-14-56e49e2-win-x64,T,blake3,warm,spin-0,V2-W2,8,9,2,855440301,1892,0.4931304,1.59375,756863808,292122624,True,spin-0,resident,4.268507574364803,,
win-x64,CORE-VERIFY-002/RUN-20260929-14-56e49e2-win-x64,T,blake3,warm,spin-0,V0,1,9,3,855440301,1892,1.8561656,2.25,334368672,87310336,True,spin-0,resident,4.303217121460076,,
win-x64,CORE-VERIFY-002/RUN-20260929-14-56e49e2-win-x64,T,blake3,warm,spin-0,V1,1,9,4,855440301,1892,1.3088055,1.625,675091800,112168960,True,spin-0,resident,4.999426464203288,,
win-x64,CORE-VERIFY-002/RUN-20260929-14-56e49e2-win-x64,T,blake3,warm,spin-0,V2-W2,1,9,5,855440301,1892,1.0485192,1.734375,679404512,131719168,True,spin-0,resident,4.585559597123406,,
win-x64,CORE-VERIFY-002/RUN-20260929-14-56e49e2-win-x64,T,blake3,warm,spin-0,V0,2,9,6,855440301,1892,1.10291,2.328125,335451096,63442944,True,spin-0,resident,4.836338403498361,,
win-x64,CORE-VERIFY-002/RUN-20260929-14-56e49e2-win-x64,T,blake3,warm,spin-0,V1,2,9,7,855440301,1892,0.7633045,1.671875,689649088,156766208,True,spin-0,resident,4.959605974217448,,
win-x64,CORE-VERIFY-002/RUN-20260929-14-56e49e2-win-x64,T,blake3,warm,spin-0,V2-W2,2,9,8,855440301,1892,0.6631196,1.640625,693558592,200859648,True,spin-0,resident,4.719239519432168,,
win-x64,CORE-VERIFY-002/RUN-20260929-14-56e49e2-win-x64,T,blake3,warm,spin-0,V0,4,9,9,855440301,1892,0.7169047,2.28125,335632472,84488192,True,spin-0,resident,4.8050645984101745,,
win-x64,CORE-VERIFY-002/RUN-20260929-14-56e49e2-win-x64,T,blake3,warm,spin-0,V1,4,9,10,855440301,1892,0.4569375,1.5625,702880912,189571072,True,spin-0,resident,4.557047664432535,,
win-x64,CORE-VERIFY-002/RUN-20260929-14-56e49e2-win-x64,T,blake3,warm,spin-0,V2-W2,4,9,11,855440301,1892,0.4418529,1.59375,715335520,207515648,True,spin-0,resident,4.696776185152179,,
win-x64,CORE-VERIFY-002/RUN-20260929-14-56e49e2-win-x64,T,blake3,throttled,spin-0,V0,1,0,0,855440301,1892,25.8590581,3.21875,4301587000,66560000,True,spin-0,resident,4.5887299793377805,,
win-x64,CORE-VERIFY-002/RUN-20260929-14-56e49e2-win-x64,T,blake3,throttled,spin-0,V1,1,0,1,855440301,1892,32.2014132,2.328125,2664140384,131739648,True,spin-0,resident,3.868210095515056,,
win-x64,CORE-VERIFY-002/RUN-20260929-14-56e49e2-win-x64,T,blake3,throttled,spin-0,V2-W2,1,0,2,855440301,1892,25.0458284,2.234375,2660225448,162209792,True,spin-0,resident,4.418385448430862,,
win-x64,CORE-VERIFY-002/RUN-20260929-14-56e49e2-win-x64,T,blake3,throttled,spin-0,V0,2,0,3,855440301,1892,13.3335055,2.828125,4301593328,89108480,True,spin-0,resident,5.0148129216677,,
win-x64,CORE-VERIFY-002/RUN-20260929-14-56e49e2-win-x64,T,blake3,throttled,spin-0,V1,2,0,4,855440301,1892,16.4429791,2.59375,2665149208,147648512,True,spin-0,resident,4.651722709889547,,
win-x64,CORE-VERIFY-002/RUN-20260929-14-56e49e2-win-x64,T,blake3,throttled,spin-0,V2-W2,2,0,5,855440301,1892,12.7227675,2.203125,2665433224,156008448,True,spin-0,resident,5.2275181693810175,,
win-x64,CORE-VERIFY-002/RUN-20260929-14-56e49e2-win-x64,T,blake3,throttled,spin-0,V0,4,0,6,855440301,1892,7.1849768,3.5625,4301570744,157736960,True,spin-0,resident,4.337245661497184,,
win-x64,CORE-VERIFY-002/RUN-20260929-14-56e49e2-win-x64,T,blake3,throttled,spin-0,V1,4,0,7,855440301,1892,8.7760494,2.4375,2676844416,165183488,True,spin-0,resident,4.711399556680578,,
win-x64,CORE-VERIFY-002/RUN-20260929-14-56e49e2-win-x64,T,blake3,throttled,spin-0,V2-W2,4,0,8,855440301,1892,6.6212599,2.75,2674535856,194646016,True,spin-0,resident,4.750067160628252,,
win-x64,CORE-VERIFY-002/RUN-20260929-14-56e49e2-win-x64,T,blake3,throttled,spin-0,V0,8,0,9,855440301,1892,3.9729418,3.609375,4302742912,144961536,True,spin-0,resident,4.444039535356937,,
win-x64,CORE-VERIFY-002/RUN-20260929-14-56e49e2-win-x64,T,blake3,throttled,spin-0,V1,8,0,10,855440301,1892,4.8323156,2.390625,2697012296,230248448,True,spin-0,resident,4.7874117153404345,,
win-x64,CORE-VERIFY-002/RUN-20260929-14-56e49e2-win-x64,T,blake3,throttled,spin-0,V2-W2,8,0,11,855440301,1892,3.5989298,2.5,2698187592,290910208,True,spin-0,resident,4.383464735483753,,
win-x64,CORE-VERIFY-002/RUN-20260929-14-56e49e2-win-x64,T,blake3,throttled,spin-0,V1,1,1,0,855440301,1892,32.2143527,2.109375,2649036608,112275456,True,spin-0,resident,4.661409750144097,,
win-x64,CORE-VERIFY-002/RUN-20260929-14-56e49e2-win-x64,T,blake3,throttled,spin-0,V2-W2,1,1,1,855440301,1892,25.1256149,2.4375,2653292112,161603584,True,spin-0,resident,4.27153587022452,,
win-x64,CORE-VERIFY-002/RUN-20260929-14-56e49e2-win-x64,T,blake3,throttled,spin-0,V0,2,1,2,855440301,1892,13.3300359,3.59375,4301691752,171769856,True,spin-0,resident,4.873484871797638,,
win-x64,CORE-VERIFY-002/RUN-20260929-14-56e49e2-win-x64,T,blake3,throttled,spin-0,V1,2,1,3,855440301,1892,16.4552422,2.375,2664887024,134230016,True,spin-0,resident,4.363010796226309,,
win-x64,CORE-VERIFY-002/RUN-20260929-14-56e49e2-win-x64,T,blake3,throttled,spin-0,V2-W2,2,1,4,855440301,1892,12.6851782,2.765625,2667671800,151613440,True,spin-0,resident,4.0798238499878865,,
win-x64,CORE-VERIFY-002/RUN-20260929-14-56e49e2-win-x64,T,blake3,throttled,spin-0,V0,4,1,5,855440301,1892,7.1752541,3.140625,4302235424,123609088,True,spin-0,resident,5.5486851776354555,,
win-x64,CORE-VERIFY-002/RUN-20260929-14-56e49e2-win-x64,T,blake3,throttled,spin-0,V1,4,1,6,855440301,1892,8.7748363,2.5,2678966840,178753536,True,spin-0,resident,4.710058813441981,,
win-x64,CORE-VERIFY-002/RUN-20260929-14-56e49e2-win-x64,T,blake3,throttled,spin-0,V2-W2,4,1,7,855440301,1892,6.6378235,2.546875,2682178632,179875840,True,spin-0,resident,4.068225036557199,,
win-x64,CORE-VERIFY-002/RUN-20260929-14-56e49e2-win-x64,T,blake3,throttled,spin-0,V0,8,1,8,855440301,1892,3.9486273,3.734375,4302856208,146485248,True,spin-0,resident,5.118697420047251,,
win-x64,CORE-VERIFY-002/RUN-20260929-14-56e49e2-win-x64,T,blake3,throttled,spin-0,V1,8,1,9,855440301,1892,4.8544157,2.46875,2683910248,184061952,True,spin-0,resident,4.4468560613340635,,
win-x64,CORE-VERIFY-002/RUN-20260929-14-56e49e2-win-x64,T,blake3,throttled,spin-0,V2-W2,8,1,10,855440301,1892,3.7669668,2.90625,2705996376,250368000,True,spin-0,resident,1.9925638942572295,,
win-x64,CORE-VERIFY-002/RUN-20260929-14-56e49e2-win-x64,T,blake3,throttled,spin-0,V0,1,1,11,855440301,1892,25.8552173,3.515625,4301207496,75964416,True,spin-0,resident,4.349969108352474,,
win-x64,CORE-VERIFY-002/RUN-20260929-14-56e49e2-win-x64,T,blake3,throttled,spin-0,V2-W2,1,2,0,855440301,1892,25.1480639,2.140625,2654966944,151064576,True,spin-0,resident,4.522154342739743,,
win-x64,CORE-VERIFY-002/RUN-20260929-14-56e49e2-win-x64,T,blake3,throttled,spin-0,V0,2,2,1,855440301,1892,13.3333266,3.765625,4301149080,93364224,True,spin-0,resident,4.453369764588775,,
win-x64,CORE-VERIFY-002/RUN-20260929-14-56e49e2-win-x64,T,blake3,throttled,spin-0,V1,2,2,2,855440301,1892,16.4511443,2.328125,2666239896,143036416,True,spin-0,resident,4.215749994048616,,
win-x64,CORE-VERIFY-002/RUN-20260929-14-56e49e2-win-x64,T,blake3,throttled,spin-0,V2-W2,2,2,3,855440301,1892,12.6940756,2.359375,2673195696,264515584,True,spin-0,resident,4.600014758736847,,
win-x64,CORE-VERIFY-002/RUN-20260929-14-56e49e2-win-x64,T,blake3,throttled,spin-0,V0,4,2,4,855440301,1892,7.2063494,3.0625,4301558104,130637824,True,spin-0,resident,5.127679259073154,,
win-x64,CORE-VERIFY-002/RUN-20260929-14-56e49e2-win-x64,T,blake3,throttled,spin-0,V1,4,2,5,855440301,1892,8.7747163,2.171875,2677203952,173215744,True,spin-0,resident,4.775078512677576,,
win-x64,CORE-VERIFY-002/RUN-20260929-14-56e49e2-win-x64,T,blake3,throttled,spin-0,V2-W2,4,2,6,855440301,1892,6.6304277,2.28125,2688721648,206753792,True,spin-0,resident,4.415304268272129,,
win-x64,CORE-VERIFY-002/RUN-20260929-14-56e49e2-win-x64,T,blake3,throttled,spin-0,V0,8,2,7,855440301,1892,3.9635158,3.140625,4303196728,152961024,True,spin-0,resident,4.671796463951712,,
win-x64,CORE-VERIFY-002/RUN-20260929-14-56e49e2-win-x64,T,blake3,throttled,spin-0,V1,8,2,8,855440301,1892,4.8540358,2.46875,2695116976,228421632,True,spin-0,resident,4.258545728102528,,
win-x64,CORE-VERIFY-002/RUN-20260929-14-56e49e2-win-x64,T,blake3,throttled,spin-0,V2-W2,8,2,9,855440301,1892,3.6045358,2.40625,2694509440,231481344,True,spin-0,resident,4.627170363034757,,
win-x64,CORE-VERIFY-002/RUN-20260929-14-56e49e2-win-x64,T,blake3,throttled,spin-0,V0,1,2,10,855440301,1892,25.8532871,3.46875,4301258784,77754368,True,spin-0,resident,4.518801365625379,,
win-x64,CORE-VERIFY-002/RUN-20260929-14-56e49e2-win-x64,T,blake3,throttled,spin-0,V1,1,2,11,855440301,1892,32.1949577,2.25,2655783672,165105664,True,spin-0,resident,4.707390725617986,,
win-x64,CORE-VERIFY-002/RUN-20260929-14-56e49e2-win-x64,T,blake3,throttled,spin-0,V0,2,3,0,855440301,1892,13.3173823,3.53125,4301455352,93958144,True,spin-0,resident,4.747983635407949,,
win-x64,CORE-VERIFY-002/RUN-20260929-14-56e49e2-win-x64,T,blake3,throttled,spin-0,V1,2,3,1,855440301,1892,16.4473965,2.3125,2664177352,142823424,True,spin-0,resident,5.211587298180817,,
win-x64,CORE-VERIFY-002/RUN-20260929-14-56e49e2-win-x64,T,blake3,throttled,spin-0,V2-W2,2,3,2,855440301,1892,12.6551772,2.046875,2678656592,180424704,True,spin-0,resident,4.19276282130152,,
win-x64,CORE-VERIFY-002/RUN-20260929-14-56e49e2-win-x64,T,blake3,throttled,spin-0,V0,4,3,3,855440301,1892,7.1918484,3.671875,4302338968,136441856,True,spin-0,resident,4.6601844141036715,,
win-x64,CORE-VERIFY-002/RUN-20260929-14-56e49e2-win-x64,T,blake3,throttled,spin-0,V1,4,3,4,855440301,1892,8.7711973,2.203125,2679390032,198623232,True,spin-0,resident,4.447842813039094,,
win-x64,CORE-VERIFY-002/RUN-20260929-14-56e49e2-win-x64,T,blake3,throttled,spin-0,V2-W2,4,3,5,855440301,1892,6.5987511,2.375,2691023696,343564288,True,spin-0,resident,4.239492961229798,,
win-x64,CORE-VERIFY-002/RUN-20260929-14-56e49e2-win-x64,T,blake3,throttled,spin-0,V0,8,3,6,855440301,1892,3.9473873,3.96875,4303010312,156860416,True,spin-0,resident,5.042564305377924,,
win-x64,CORE-VERIFY-002/RUN-20260929-14-56e49e2-win-x64,T,blake3,throttled,spin-0,V1,8,3,7,855440301,1892,4.8359532,2.4375,2702944800,268787712,True,spin-0,resident,4.569074367225745,,
win-x64,CORE-VERIFY-002/RUN-20260929-14-56e49e2-win-x64,T,blake3,throttled,spin-0,V2-W2,8,3,8,855440301,1892,3.5787613,2.515625,2704461568,274485248,True,spin-0,resident,4.435532406646467,,
win-x64,CORE-VERIFY-002/RUN-20260929-14-56e49e2-win-x64,T,blake3,throttled,spin-0,V0,1,3,9,855440301,1892,25.8602705,3.078125,4301259144,67207168,True,spin-0,resident,4.507625788419442,,
win-x64,CORE-VERIFY-002/RUN-20260929-14-56e49e2-win-x64,T,blake3,throttled,spin-0,V1,1,3,10,855440301,1892,32.1948641,2.3125,2660055536,127717376,True,spin-0,resident,5.178986077453919,,
win-x64,CORE-VERIFY-002/RUN-20260929-14-56e49e2-win-x64,T,blake3,throttled,spin-0,V2-W2,1,3,11,855440301,1892,25.0834893,2.28125,2659399192,139059200,True,spin-0,resident,4.941012689142903,,
win-x64,CORE-VERIFY-002/RUN-20260929-14-56e49e2-win-x64,T,blake3,throttled,spin-0,V1,2,4,0,855440301,1892,16.4458499,2.296875,2661361568,127868928,True,spin-0,resident,4.916100122468287,,
win-x64,CORE-VERIFY-002/RUN-20260929-14-56e49e2-win-x64,T,blake3,throttled,spin-0,V2-W2,2,4,1,855440301,1892,12.6408341,2.5,2677022440,171761664,True,spin-0,resident,4.51142902303803,,
win-x64,CORE-VERIFY-002/RUN-20260929-14-56e49e2-win-x64,T,blake3,throttled,spin-0,V0,4,4,2,855440301,1892,7.1895303,3.421875,4302672624,117268480,True,spin-0,resident,4.968749386193646,,
win-x64,CORE-VERIFY-002/RUN-20260929-14-56e49e2-win-x64,T,blake3,throttled,spin-0,V1,4,4,3,855440301,1892,8.7771457,2.328125,2677808864,192978944,True,spin-0,resident,4.538635203986198,,
win-x64,CORE-VERIFY-002/RUN-20260929-14-56e49e2-win-x64,T,blake3,throttled,spin-0,V2-W2,4,4,4,855440301,1892,6.6130633,1.953125,2684128432,268394496,True,spin-0,resident,4.425036841974459,,
win-x64,CORE-VERIFY-002/RUN-20260929-14-56e49e2-win-x64,T,blake3,throttled,spin-0,V0,8,4,5,855440301,1892,3.9497718,3.84375,4303037440,151248896,True,spin-0,resident,4.757131371497081,,
win-x64,CORE-VERIFY-002/RUN-20260929-14-56e49e2-win-x64,T,blake3,throttled,spin-0,V1,8,4,6,855440301,1892,4.8395581,2.234375,2689638256,237928448,True,spin-0,resident,4.673474133964607,,
win-x64,CORE-VERIFY-002/RUN-20260929-14-56e49e2-win-x64,T,blake3,throttled,spin-0,V2-W2,8,4,7,855440301,1892,3.5940081,2.46875,2694597440,232247296,True,spin-0,resident,4.165058964970454,,
win-x64,CORE-VERIFY-002/RUN-20260929-14-56e49e2-win-x64,T,blake3,throttled,spin-0,V0,1,4,8,855440301,1892,25.86213,3.328125,4301639560,67211264,True,spin-0,resident,5.305161186236827,,
win-x64,CORE-VERIFY-002/RUN-20260929-14-56e49e2-win-x64,T,blake3,throttled,spin-0,V1,1,4,9,855440301,1892,32.2042338,2.0625,2657947928,121716736,True,spin-0,resident,5.075415054368318,,
win-x64,CORE-VERIFY-002/RUN-20260929-14-56e49e2-win-x64,T,blake3,throttled,spin-0,V2-W2,1,4,10,855440301,1892,25.1065033,2.40625,2663314296,134086656,True,spin-0,resident,4.613923489581766,,
win-x64,CORE-VERIFY-002/RUN-20260929-14-56e49e2-win-x64,T,blake3,throttled,spin-0,V0,2,4,11,855440301,1892,13.333111,3.46875,4301829528,99573760,True,spin-0,resident,5.312976454821925,,
win-x64,CORE-VERIFY-002/RUN-20260929-14-56e49e2-win-x64,T,blake3,throttled,spin-0,V2-W2,2,5,0,855440301,1892,12.6548937,2.234375,2677672680,170696704,True,spin-0,resident,4.354423331449072,,
win-x64,CORE-VERIFY-002/RUN-20260929-14-56e49e2-win-x64,T,blake3,throttled,spin-0,V0,4,5,1,855440301,1892,7.1920106,3.5625,4302774160,147185664,True,spin-0,resident,4.795411785410088,,
win-x64,CORE-VERIFY-002/RUN-20260929-14-56e49e2-win-x64,T,blake3,throttled,spin-0,V1,4,5,2,855440301,1892,8.7819752,2.28125,2682746264,235417600,True,spin-0,resident,4.6719578838817615,,
win-x64,CORE-VERIFY-002/RUN-20260929-14-56e49e2-win-x64,T,blake3,throttled,spin-0,V2-W2,4,5,3,855440301,1892,6.6420496,2.4375,2680847752,176353280,True,spin-0,resident,4.540551930454808,,
win-x64,CORE-VERIFY-002/RUN-20260929-14-56e49e2-win-x64,T,blake3,throttled,spin-0,V0,8,5,4,855440301,1892,3.9596638,3.984375,4303308016,153030656,True,spin-0,resident,4.5629278167404,,
win-x64,CORE-VERIFY-002/RUN-20260929-14-56e49e2-win-x64,T,blake3,throttled,spin-0,V1,8,5,5,855440301,1892,4.8278051,2.21875,2691525352,208764928,True,spin-0,resident,4.657420245383628,,
win-x64,CORE-VERIFY-002/RUN-20260929-14-56e49e2-win-x64,T,blake3,throttled,spin-0,V2-W2,8,5,6,855440301,1892,3.5669341,2.265625,2714317192,284430336,True,spin-0,resident,5.136752208852997,,
win-x64,CORE-VERIFY-002/RUN-20260929-14-56e49e2-win-x64,T,blake3,throttled,spin-0,V0,1,5,7,855440301,1892,25.8504506,2.953125,4301868696,72679424,True,spin-0,resident,4.9678892126102845,,
win-x64,CORE-VERIFY-002/RUN-20260929-14-56e49e2-win-x64,T,blake3,throttled,spin-0,V1,1,5,8,855440301,1892,32.1865428,2.125,2660083184,117899264,True,spin-0,resident,4.4169519203710985,,
win-x64,CORE-VERIFY-002/RUN-20260929-14-56e49e2-win-x64,T,blake3,throttled,spin-0,V2-W2,1,5,9,855440301,1892,25.0503567,2.328125,2666435176,263647232,True,spin-0,resident,4.6919669513464255,,
win-x64,CORE-VERIFY-002/RUN-20260929-14-56e49e2-win-x64,T,blake3,throttled,spin-0,V0,2,5,10,855440301,1892,13.3200437,3.765625,4301543152,99028992,True,spin-0,resident,5.265168979964059,,
win-x64,CORE-VERIFY-002/RUN-20260929-14-56e49e2-win-x64,T,blake3,throttled,spin-0,V1,2,5,11,855440301,1892,16.4354973,2.46875,2663277216,136347648,True,spin-0,resident,4.97843913740701,,
win-x64,CORE-VERIFY-002/RUN-20260929-14-56e49e2-win-x64,T,blake3,throttled,spin-0,V0,4,6,0,855440301,1892,7.1967713,3.5,4301899824,126369792,True,spin-0,resident,4.86618096295077,,
win-x64,CORE-VERIFY-002/RUN-20260929-14-56e49e2-win-x64,T,blake3,throttled,spin-0,V1,4,6,1,855440301,1892,8.7721489,2.515625,2688481808,199831552,True,spin-0,resident,4.499728864347,,
win-x64,CORE-VERIFY-002/RUN-20260929-14-56e49e2-win-x64,T,blake3,throttled,spin-0,V2-W2,4,6,2,855440301,1892,6.6168905,2.421875,2682013376,209707008,True,spin-0,resident,5.174115603962169,,
win-x64,CORE-VERIFY-002/RUN-20260929-14-56e49e2-win-x64,T,blake3,throttled,spin-0,V0,8,6,3,855440301,1892,3.944876,3.765625,4303230208,161624064,True,spin-0,resident,4.764740190487997,,
win-x64,CORE-VERIFY-002/RUN-20260929-14-56e49e2-win-x64,T,blake3,throttled,spin-0,V1,8,6,4,855440301,1892,4.8361213,2.34375,2701885224,239685632,True,spin-0,resident,4.2039668832867125,,
win-x64,CORE-VERIFY-002/RUN-20260929-14-56e49e2-win-x64,T,blake3,throttled,spin-0,V2-W2,8,6,5,855440301,1892,3.5861854,3.03125,2701165256,235585536,True,spin-0,resident,4.6012749989548185,,
win-x64,CORE-VERIFY-002/RUN-20260929-14-56e49e2-win-x64,T,blake3,throttled,spin-0,V0,1,6,6,855440301,1892,25.8693741,4.125,4301415528,66904064,True,spin-0,resident,4.593073281066512,,
win-x64,CORE-VERIFY-002/RUN-20260929-14-56e49e2-win-x64,T,blake3,throttled,spin-0,V1,1,6,7,855440301,1892,32.2045838,2.5625,2653741968,161280000,True,spin-0,resident,5.001137676720428,,
win-x64,CORE-VERIFY-002/RUN-20260929-14-56e49e2-win-x64,T,blake3,throttled,spin-0,V2-W2,1,6,8,855440301,1892,25.0710033,2.4375,2655265656,174526464,True,spin-0,resident,4.782584332782716,,
win-x64,CORE-VERIFY-002/RUN-20260929-14-56e49e2-win-x64,T,blake3,throttled,spin-0,V0,2,6,9,855440301,1892,13.3334721,3.796875,4302358840,89419776,True,spin-0,resident,4.661728443070115,,
win-x64,CORE-VERIFY-002/RUN-20260929-14-56e49e2-win-x64,T,blake3,throttled,spin-0,V1,2,6,10,855440301,1892,16.4694163,2.71875,2667305704,169193472,True,spin-0,resident,4.577400626985109,,
win-x64,CORE-VERIFY-002/RUN-20260929-14-56e49e2-win-x64,T,blake3,throttled,spin-0,V2-W2,2,6,11,855440301,1892,12.68349,2.40625,2669689336,147492864,True,spin-0,resident,4.21770912135747,,
win-x64,CORE-VERIFY-002/RUN-20260929-14-56e49e2-win-x64,T,blake3,throttled,spin-0,V1,4,7,0,855440301,1892,8.7681927,2.625,2681029408,213245952,True,spin-0,resident,4.646669623067327,,
win-x64,CORE-VERIFY-002/RUN-20260929-14-56e49e2-win-x64,T,blake3,throttled,spin-0,V2-W2,4,7,1,855440301,1892,6.6255369,2.84375,2685665992,201285632,True,spin-0,resident,4.507804080986365,,
win-x64,CORE-VERIFY-002/RUN-20260929-14-56e49e2-win-x64,T,blake3,throttled,spin-0,V0,8,7,2,855440301,1892,3.953409,3.84375,4303620368,161673216,True,spin-0,resident,4.797303472275475,,
win-x64,CORE-VERIFY-002/RUN-20260929-14-56e49e2-win-x64,T,blake3,throttled,spin-0,V1,8,7,3,855440301,1892,4.8310682,2.359375,2696203992,239357952,True,spin-0,resident,4.522890152642154,,
win-x64,CORE-VERIFY-002/RUN-20260929-14-56e49e2-win-x64,T,blake3,throttled,spin-0,V2-W2,8,7,4,855440301,1892,3.569564,2.453125,2693928264,245448704,True,spin-0,resident,4.395477741471313,,
win-x64,CORE-VERIFY-002/RUN-20260929-14-56e49e2-win-x64,T,blake3,throttled,spin-0,V0,1,7,5,855440301,1892,25.8667549,3.484375,4302017824,62967808,True,spin-0,resident,4.792792994820046,,
win-x64,CORE-VERIFY-002/RUN-20260929-14-56e49e2-win-x64,T,blake3,throttled,spin-0,V1,1,7,6,855440301,1892,32.2071021,2.71875,2651741256,115937280,True,spin-0,resident,4.552985260018949,,
win-x64,CORE-VERIFY-002/RUN-20260929-14-56e49e2-win-x64,T,blake3,throttled,spin-0,V2-W2,1,7,7,855440301,1892,25.1061812,2.765625,2658336392,151990272,True,spin-0,resident,4.9412973070451525,,
win-x64,CORE-VERIFY-002/RUN-20260929-14-56e49e2-win-x64,T,blake3,throttled,spin-0,V0,2,7,8,855440301,1892,13.3343124,3.875,4301930880,96296960,True,spin-0,resident,4.964253784927255,,
win-x64,CORE-VERIFY-002/RUN-20260929-14-56e49e2-win-x64,T,blake3,throttled,spin-0,V1,2,7,9,855440301,1892,16.4386266,2.203125,2664705336,135102464,True,spin-0,resident,4.9129999222425145,,
win-x64,CORE-VERIFY-002/RUN-20260929-14-56e49e2-win-x64,T,blake3,throttled,spin-0,V2-W2,2,7,10,855440301,1892,12.6556863,2.609375,2673206784,296927232,True,spin-0,resident,4.5559650355861,,
win-x64,CORE-VERIFY-002/RUN-20260929-14-56e49e2-win-x64,T,blake3,throttled,spin-0,V0,4,7,11,855440301,1892,7.2037957,3.796875,4302336480,117878784,True,spin-0,resident,4.875188400145847,,
win-x64,CORE-VERIFY-002/RUN-20260929-14-56e49e2-win-x64,T,blake3,throttled,spin-0,V2-W2,4,8,0,855440301,1892,6.5963649,2.015625,2690761928,202825728,True,spin-0,resident,4.600699182499074,,
win-x64,CORE-VERIFY-002/RUN-20260929-14-56e49e2-win-x64,T,blake3,throttled,spin-0,V0,8,8,1,855440301,1892,3.9629206,3.9375,4303609976,147185664,True,spin-0,resident,4.904069397060683,,
win-x64,CORE-VERIFY-002/RUN-20260929-14-56e49e2-win-x64,T,blake3,throttled,spin-0,V1,8,8,2,855440301,1892,4.8328483,2.3125,2693192408,261132288,True,spin-0,resident,4.582177768386185,,
win-x64,CORE-VERIFY-002/RUN-20260929-14-56e49e2-win-x64,T,blake3,throttled,spin-0,V2-W2,8,8,3,855440301,1892,3.5783817,2.703125,2695169008,282419200,True,spin-0,resident,4.625724236470415,,
win-x64,CORE-VERIFY-002/RUN-20260929-14-56e49e2-win-x64,T,blake3,throttled,spin-0,V0,1,8,4,855440301,1892,25.8662631,3.59375,4301391872,63983616,True,spin-0,resident,4.716499676748498,,
win-x64,CORE-VERIFY-002/RUN-20260929-14-56e49e2-win-x64,T,blake3,throttled,spin-0,V1,1,8,5,855440301,1892,32.2405386,2.90625,2655878424,137003008,True,spin-0,resident,5.245170517677877,,
win-x64,CORE-VERIFY-002/RUN-20260929-14-56e49e2-win-x64,T,blake3,throttled,spin-0,V2-W2,1,8,6,855440301,1892,25.0544691,2.546875,2659612024,151343104,True,spin-0,resident,4.826594700067617,,
win-x64,CORE-VERIFY-002/RUN-20260929-14-56e49e2-win-x64,T,blake3,throttled,spin-0,V0,2,8,7,855440301,1892,13.3189035,3.96875,4301744152,95657984,True,spin-0,resident,4.845750634130762,,
win-x64,CORE-VERIFY-002/RUN-20260929-14-56e49e2-win-x64,T,blake3,throttled,spin-0,V1,2,8,8,855440301,1892,16.4431992,2.390625,2670356936,154435584,True,spin-0,resident,4.562181532098518,,
win-x64,CORE-VERIFY-002/RUN-20260929-14-56e49e2-win-x64,T,blake3,throttled,spin-0,V2-W2,2,8,9,855440301,1892,12.68699,2.25,2669796576,162021376,True,spin-0,resident,4.759998159734952,,
win-x64,CORE-VERIFY-002/RUN-20260929-14-56e49e2-win-x64,T,blake3,throttled,spin-0,V0,4,8,10,855440301,1892,7.1836111,4.03125,4302376504,121860096,True,spin-0,resident,5.15934543805504,,
win-x64,CORE-VERIFY-002/RUN-20260929-14-56e49e2-win-x64,T,blake3,throttled,spin-0,V1,4,8,11,855440301,1892,8.7760799,2.578125,2683795032,203157504,True,spin-0,resident,5.0623969909636575,,
win-x64,CORE-VERIFY-002/RUN-20260929-14-56e49e2-win-x64,T,blake3,throttled,spin-0,V0,8,9,0,855440301,1892,3.9410216,3.34375,4303028456,146444288,True,spin-0,resident,5.099435573729097,,
win-x64,CORE-VERIFY-002/RUN-20260929-14-56e49e2-win-x64,T,blake3,throttled,spin-0,V1,8,9,1,855440301,1892,4.8324369,2.09375,2700545512,219140096,True,spin-0,resident,4.819721726258662,,
win-x64,CORE-VERIFY-002/RUN-20260929-14-56e49e2-win-x64,T,blake3,throttled,spin-0,V2-W2,8,9,2,855440301,1892,3.5715652,2.328125,2693801568,376115200,True,spin-0,resident,4.638019585142583,,
win-x64,CORE-VERIFY-002/RUN-20260929-14-56e49e2-win-x64,T,blake3,throttled,spin-0,V0,1,9,3,855440301,1892,25.8575475,3.484375,4301463584,64180224,True,spin-0,resident,4.896745730217006,,
win-x64,CORE-VERIFY-002/RUN-20260929-14-56e49e2-win-x64,T,blake3,throttled,spin-0,V1,1,9,4,855440301,1892,32.1958491,1.96875,2653823944,125652992,True,spin-0,resident,4.300377871646766,,
win-x64,CORE-VERIFY-002/RUN-20260929-14-56e49e2-win-x64,T,blake3,throttled,spin-0,V2-W2,1,9,5,855440301,1892,25.0467334,2.453125,2655294472,129449984,True,spin-0,resident,4.006295310799809,,
win-x64,CORE-VERIFY-002/RUN-20260929-14-56e49e2-win-x64,T,blake3,throttled,spin-0,V0,2,9,6,855440301,1892,13.3250473,3.40625,4302073608,92925952,True,spin-0,resident,4.613440546218758,,
win-x64,CORE-VERIFY-002/RUN-20260929-14-56e49e2-win-x64,T,blake3,throttled,spin-0,V1,2,9,7,855440301,1892,16.4559287,2.53125,2665663464,137748480,True,spin-0,resident,4.169196845828954,,
win-x64,CORE-VERIFY-002/RUN-20260929-14-56e49e2-win-x64,T,blake3,throttled,spin-0,V2-W2,2,9,8,855440301,1892,12.6549489,2.515625,2675216888,181821440,True,spin-0,resident,4.606615457132186,,
win-x64,CORE-VERIFY-002/RUN-20260929-14-56e49e2-win-x64,T,blake3,throttled,spin-0,V0,4,9,9,855440301,1892,7.1846989,3.171875,4302530392,140414976,True,spin-0,resident,4.448743172019633,,
win-x64,CORE-VERIFY-002/RUN-20260929-14-56e49e2-win-x64,T,blake3,throttled,spin-0,V1,4,9,10,855440301,1892,8.7848237,2.875,2676775632,169082880,True,spin-0,resident,4.326174719253267,,
win-x64,CORE-VERIFY-002/RUN-20260929-14-56e49e2-win-x64,T,blake3,throttled,spin-0,V2-W2,4,9,11,855440301,1892,6.6285003,2.703125,2700197968,330440704,True,spin-0,resident,4.565173361078208,,
